"location","age_group","forecast_date","target_end_date","horizon","type","quantile","value"
"DE","00-04",2025-01-30,2025-02-02,1,"mean",NA,1529
"DE","00-04",2025-01-30,2025-02-02,1,"quantile",0.025,848
"DE","00-04",2025-01-30,2025-02-02,1,"quantile",0.05,900
"DE","00-04",2025-01-30,2025-02-02,1,"quantile",0.075,941
"DE","00-04",2025-01-30,2025-02-02,1,"quantile",0.1,976
"DE","00-04",2025-01-30,2025-02-02,1,"quantile",0.125,1009
"DE","00-04",2025-01-30,2025-02-02,1,"quantile",0.15,1039
"DE","00-04",2025-01-30,2025-02-02,1,"quantile",0.175,1068
"DE","00-04",2025-01-30,2025-02-02,1,"quantile",0.2,1096
"DE","00-04",2025-01-30,2025-02-02,1,"quantile",0.225,1124
"DE","00-04",2025-01-30,2025-02-02,1,"quantile",0.25,1150
"DE","00-04",2025-01-30,2025-02-02,1,"quantile",0.275,1177
"DE","00-04",2025-01-30,2025-02-02,1,"quantile",0.3,1204
"DE","00-04",2025-01-30,2025-02-02,1,"quantile",0.325,1230
"DE","00-04",2025-01-30,2025-02-02,1,"quantile",0.35,1257
"DE","00-04",2025-01-30,2025-02-02,1,"quantile",0.375,1283
"DE","00-04",2025-01-30,2025-02-02,1,"quantile",0.4,1311
"DE","00-04",2025-01-30,2025-02-02,1,"quantile",0.425,1338
"DE","00-04",2025-01-30,2025-02-02,1,"quantile",0.45,1366
"DE","00-04",2025-01-30,2025-02-02,1,"quantile",0.475,1395
"DE","00-04",2025-01-30,2025-02-02,1,"quantile",0.5,1424
"DE","00-04",2025-01-30,2025-02-02,1,"quantile",0.525,1454
"DE","00-04",2025-01-30,2025-02-02,1,"quantile",0.55,1485
"DE","00-04",2025-01-30,2025-02-02,1,"quantile",0.575,1518
"DE","00-04",2025-01-30,2025-02-02,1,"quantile",0.6,1551
"DE","00-04",2025-01-30,2025-02-02,1,"quantile",0.625,1586
"DE","00-04",2025-01-30,2025-02-02,1,"quantile",0.65,1623
"DE","00-04",2025-01-30,2025-02-02,1,"quantile",0.675,1662
"DE","00-04",2025-01-30,2025-02-02,1,"quantile",0.7,1703
"DE","00-04",2025-01-30,2025-02-02,1,"quantile",0.725,1747
"DE","00-04",2025-01-30,2025-02-02,1,"quantile",0.75,1794
"DE","00-04",2025-01-30,2025-02-02,1,"quantile",0.775,1845
"DE","00-04",2025-01-30,2025-02-02,1,"quantile",0.8,1902
"DE","00-04",2025-01-30,2025-02-02,1,"quantile",0.825,1965
"DE","00-04",2025-01-30,2025-02-02,1,"quantile",0.85,2036
"DE","00-04",2025-01-30,2025-02-02,1,"quantile",0.875,2119
"DE","00-04",2025-01-30,2025-02-02,1,"quantile",0.9,2218
"DE","00-04",2025-01-30,2025-02-02,1,"quantile",0.925,2343
"DE","00-04",2025-01-30,2025-02-02,1,"quantile",0.95,2515
"DE","00-04",2025-01-30,2025-02-02,1,"quantile",0.975,2801
"DE","00-04",2025-01-30,2025-01-26,0,"mean",NA,1529
"DE","00-04",2025-01-30,2025-01-26,0,"quantile",0.025,1498
"DE","00-04",2025-01-30,2025-01-26,0,"quantile",0.05,1498
"DE","00-04",2025-01-30,2025-01-26,0,"quantile",0.075,1498
"DE","00-04",2025-01-30,2025-01-26,0,"quantile",0.1,1498
"DE","00-04",2025-01-30,2025-01-26,0,"quantile",0.125,1498
"DE","00-04",2025-01-30,2025-01-26,0,"quantile",0.15,1498
"DE","00-04",2025-01-30,2025-01-26,0,"quantile",0.175,1499
"DE","00-04",2025-01-30,2025-01-26,0,"quantile",0.2,1499
"DE","00-04",2025-01-30,2025-01-26,0,"quantile",0.225,1499
"DE","00-04",2025-01-30,2025-01-26,0,"quantile",0.25,1500
"DE","00-04",2025-01-30,2025-01-26,0,"quantile",0.275,1500
"DE","00-04",2025-01-30,2025-01-26,0,"quantile",0.3,1501
"DE","00-04",2025-01-30,2025-01-26,0,"quantile",0.325,1502
"DE","00-04",2025-01-30,2025-01-26,0,"quantile",0.35,1503
"DE","00-04",2025-01-30,2025-01-26,0,"quantile",0.375,1503
"DE","00-04",2025-01-30,2025-01-26,0,"quantile",0.4,1504
"DE","00-04",2025-01-30,2025-01-26,0,"quantile",0.425,1506
"DE","00-04",2025-01-30,2025-01-26,0,"quantile",0.45,1507
"DE","00-04",2025-01-30,2025-01-26,0,"quantile",0.475,1508
"DE","00-04",2025-01-30,2025-01-26,0,"quantile",0.5,1510
"DE","00-04",2025-01-30,2025-01-26,0,"quantile",0.525,1511
"DE","00-04",2025-01-30,2025-01-26,0,"quantile",0.55,1513
"DE","00-04",2025-01-30,2025-01-26,0,"quantile",0.575,1515
"DE","00-04",2025-01-30,2025-01-26,0,"quantile",0.6,1517
"DE","00-04",2025-01-30,2025-01-26,0,"quantile",0.625,1520
"DE","00-04",2025-01-30,2025-01-26,0,"quantile",0.65,1523
"DE","00-04",2025-01-30,2025-01-26,0,"quantile",0.675,1526
"DE","00-04",2025-01-30,2025-01-26,0,"quantile",0.7,1529
"DE","00-04",2025-01-30,2025-01-26,0,"quantile",0.725,1533
"DE","00-04",2025-01-30,2025-01-26,0,"quantile",0.75,1537
"DE","00-04",2025-01-30,2025-01-26,0,"quantile",0.775,1542
"DE","00-04",2025-01-30,2025-01-26,0,"quantile",0.8,1548
"DE","00-04",2025-01-30,2025-01-26,0,"quantile",0.825,1555
"DE","00-04",2025-01-30,2025-01-26,0,"quantile",0.85,1563
"DE","00-04",2025-01-30,2025-01-26,0,"quantile",0.875,1572
"DE","00-04",2025-01-30,2025-01-26,0,"quantile",0.9,1585
"DE","00-04",2025-01-30,2025-01-26,0,"quantile",0.925,1601
"DE","00-04",2025-01-30,2025-01-26,0,"quantile",0.95,1624
"DE","00-04",2025-01-30,2025-01-26,0,"quantile",0.975,1666
"DE","00-04",2025-01-30,2025-01-19,-1,"mean",NA,821
"DE","00-04",2025-01-30,2025-01-19,-1,"quantile",0.025,818
"DE","00-04",2025-01-30,2025-01-19,-1,"quantile",0.05,818
"DE","00-04",2025-01-30,2025-01-19,-1,"quantile",0.075,818
"DE","00-04",2025-01-30,2025-01-19,-1,"quantile",0.1,818
"DE","00-04",2025-01-30,2025-01-19,-1,"quantile",0.125,818
"DE","00-04",2025-01-30,2025-01-19,-1,"quantile",0.15,818
"DE","00-04",2025-01-30,2025-01-19,-1,"quantile",0.175,818
"DE","00-04",2025-01-30,2025-01-19,-1,"quantile",0.2,818
"DE","00-04",2025-01-30,2025-01-19,-1,"quantile",0.225,818
"DE","00-04",2025-01-30,2025-01-19,-1,"quantile",0.25,819
"DE","00-04",2025-01-30,2025-01-19,-1,"quantile",0.275,819
"DE","00-04",2025-01-30,2025-01-19,-1,"quantile",0.3,819
"DE","00-04",2025-01-30,2025-01-19,-1,"quantile",0.325,819
"DE","00-04",2025-01-30,2025-01-19,-1,"quantile",0.35,819
"DE","00-04",2025-01-30,2025-01-19,-1,"quantile",0.375,819
"DE","00-04",2025-01-30,2025-01-19,-1,"quantile",0.4,819
"DE","00-04",2025-01-30,2025-01-19,-1,"quantile",0.425,819
"DE","00-04",2025-01-30,2025-01-19,-1,"quantile",0.45,820
"DE","00-04",2025-01-30,2025-01-19,-1,"quantile",0.475,820
"DE","00-04",2025-01-30,2025-01-19,-1,"quantile",0.5,820
"DE","00-04",2025-01-30,2025-01-19,-1,"quantile",0.525,820
"DE","00-04",2025-01-30,2025-01-19,-1,"quantile",0.55,820
"DE","00-04",2025-01-30,2025-01-19,-1,"quantile",0.575,821
"DE","00-04",2025-01-30,2025-01-19,-1,"quantile",0.6,821
"DE","00-04",2025-01-30,2025-01-19,-1,"quantile",0.625,821
"DE","00-04",2025-01-30,2025-01-19,-1,"quantile",0.65,821
"DE","00-04",2025-01-30,2025-01-19,-1,"quantile",0.675,822
"DE","00-04",2025-01-30,2025-01-19,-1,"quantile",0.7,822
"DE","00-04",2025-01-30,2025-01-19,-1,"quantile",0.725,822
"DE","00-04",2025-01-30,2025-01-19,-1,"quantile",0.75,823
"DE","00-04",2025-01-30,2025-01-19,-1,"quantile",0.775,823
"DE","00-04",2025-01-30,2025-01-19,-1,"quantile",0.8,824
"DE","00-04",2025-01-30,2025-01-19,-1,"quantile",0.825,824
"DE","00-04",2025-01-30,2025-01-19,-1,"quantile",0.85,825
"DE","00-04",2025-01-30,2025-01-19,-1,"quantile",0.875,825
"DE","00-04",2025-01-30,2025-01-19,-1,"quantile",0.9,826
"DE","00-04",2025-01-30,2025-01-19,-1,"quantile",0.925,827
"DE","00-04",2025-01-30,2025-01-19,-1,"quantile",0.95,829
"DE","00-04",2025-01-30,2025-01-19,-1,"quantile",0.975,832
"DE","00-04",2025-01-30,2025-01-12,-2,"mean",NA,578
"DE","00-04",2025-01-30,2025-01-12,-2,"quantile",0.025,577
"DE","00-04",2025-01-30,2025-01-12,-2,"quantile",0.05,577
"DE","00-04",2025-01-30,2025-01-12,-2,"quantile",0.075,577
"DE","00-04",2025-01-30,2025-01-12,-2,"quantile",0.1,577
"DE","00-04",2025-01-30,2025-01-12,-2,"quantile",0.125,577
"DE","00-04",2025-01-30,2025-01-12,-2,"quantile",0.15,577
"DE","00-04",2025-01-30,2025-01-12,-2,"quantile",0.175,577
"DE","00-04",2025-01-30,2025-01-12,-2,"quantile",0.2,577
"DE","00-04",2025-01-30,2025-01-12,-2,"quantile",0.225,577
"DE","00-04",2025-01-30,2025-01-12,-2,"quantile",0.25,577
"DE","00-04",2025-01-30,2025-01-12,-2,"quantile",0.275,577
"DE","00-04",2025-01-30,2025-01-12,-2,"quantile",0.3,577
"DE","00-04",2025-01-30,2025-01-12,-2,"quantile",0.325,577
"DE","00-04",2025-01-30,2025-01-12,-2,"quantile",0.35,578
"DE","00-04",2025-01-30,2025-01-12,-2,"quantile",0.375,578
"DE","00-04",2025-01-30,2025-01-12,-2,"quantile",0.4,578
"DE","00-04",2025-01-30,2025-01-12,-2,"quantile",0.425,578
"DE","00-04",2025-01-30,2025-01-12,-2,"quantile",0.45,578
"DE","00-04",2025-01-30,2025-01-12,-2,"quantile",0.475,578
"DE","00-04",2025-01-30,2025-01-12,-2,"quantile",0.5,578
"DE","00-04",2025-01-30,2025-01-12,-2,"quantile",0.525,578
"DE","00-04",2025-01-30,2025-01-12,-2,"quantile",0.55,578
"DE","00-04",2025-01-30,2025-01-12,-2,"quantile",0.575,578
"DE","00-04",2025-01-30,2025-01-12,-2,"quantile",0.6,578
"DE","00-04",2025-01-30,2025-01-12,-2,"quantile",0.625,578
"DE","00-04",2025-01-30,2025-01-12,-2,"quantile",0.65,578
"DE","00-04",2025-01-30,2025-01-12,-2,"quantile",0.675,579
"DE","00-04",2025-01-30,2025-01-12,-2,"quantile",0.7,579
"DE","00-04",2025-01-30,2025-01-12,-2,"quantile",0.725,579
"DE","00-04",2025-01-30,2025-01-12,-2,"quantile",0.75,579
"DE","00-04",2025-01-30,2025-01-12,-2,"quantile",0.775,579
"DE","00-04",2025-01-30,2025-01-12,-2,"quantile",0.8,579
"DE","00-04",2025-01-30,2025-01-12,-2,"quantile",0.825,579
"DE","00-04",2025-01-30,2025-01-12,-2,"quantile",0.85,579
"DE","00-04",2025-01-30,2025-01-12,-2,"quantile",0.875,580
"DE","00-04",2025-01-30,2025-01-12,-2,"quantile",0.9,580
"DE","00-04",2025-01-30,2025-01-12,-2,"quantile",0.925,580
"DE","00-04",2025-01-30,2025-01-12,-2,"quantile",0.95,581
"DE","00-04",2025-01-30,2025-01-12,-2,"quantile",0.975,581
"DE","00-04",2025-01-30,2025-01-05,-3,"mean",NA,550
"DE","00-04",2025-01-30,2025-01-05,-3,"quantile",0.025,550
"DE","00-04",2025-01-30,2025-01-05,-3,"quantile",0.05,550
"DE","00-04",2025-01-30,2025-01-05,-3,"quantile",0.075,550
"DE","00-04",2025-01-30,2025-01-05,-3,"quantile",0.1,550
"DE","00-04",2025-01-30,2025-01-05,-3,"quantile",0.125,550
"DE","00-04",2025-01-30,2025-01-05,-3,"quantile",0.15,550
"DE","00-04",2025-01-30,2025-01-05,-3,"quantile",0.175,550
"DE","00-04",2025-01-30,2025-01-05,-3,"quantile",0.2,550
"DE","00-04",2025-01-30,2025-01-05,-3,"quantile",0.225,550
"DE","00-04",2025-01-30,2025-01-05,-3,"quantile",0.25,550
"DE","00-04",2025-01-30,2025-01-05,-3,"quantile",0.275,550
"DE","00-04",2025-01-30,2025-01-05,-3,"quantile",0.3,550
"DE","00-04",2025-01-30,2025-01-05,-3,"quantile",0.325,550
"DE","00-04",2025-01-30,2025-01-05,-3,"quantile",0.35,550
"DE","00-04",2025-01-30,2025-01-05,-3,"quantile",0.375,550
"DE","00-04",2025-01-30,2025-01-05,-3,"quantile",0.4,550
"DE","00-04",2025-01-30,2025-01-05,-3,"quantile",0.425,550
"DE","00-04",2025-01-30,2025-01-05,-3,"quantile",0.45,550
"DE","00-04",2025-01-30,2025-01-05,-3,"quantile",0.475,550
"DE","00-04",2025-01-30,2025-01-05,-3,"quantile",0.5,550
"DE","00-04",2025-01-30,2025-01-05,-3,"quantile",0.525,550
"DE","00-04",2025-01-30,2025-01-05,-3,"quantile",0.55,550
"DE","00-04",2025-01-30,2025-01-05,-3,"quantile",0.575,550
"DE","00-04",2025-01-30,2025-01-05,-3,"quantile",0.6,550
"DE","00-04",2025-01-30,2025-01-05,-3,"quantile",0.625,550
"DE","00-04",2025-01-30,2025-01-05,-3,"quantile",0.65,550
"DE","00-04",2025-01-30,2025-01-05,-3,"quantile",0.675,550
"DE","00-04",2025-01-30,2025-01-05,-3,"quantile",0.7,551
"DE","00-04",2025-01-30,2025-01-05,-3,"quantile",0.725,551
"DE","00-04",2025-01-30,2025-01-05,-3,"quantile",0.75,551
"DE","00-04",2025-01-30,2025-01-05,-3,"quantile",0.775,551
"DE","00-04",2025-01-30,2025-01-05,-3,"quantile",0.8,551
"DE","00-04",2025-01-30,2025-01-05,-3,"quantile",0.825,551
"DE","00-04",2025-01-30,2025-01-05,-3,"quantile",0.85,551
"DE","00-04",2025-01-30,2025-01-05,-3,"quantile",0.875,551
"DE","00-04",2025-01-30,2025-01-05,-3,"quantile",0.9,551
"DE","00-04",2025-01-30,2025-01-05,-3,"quantile",0.925,552
"DE","00-04",2025-01-30,2025-01-05,-3,"quantile",0.95,552
"DE","00-04",2025-01-30,2025-01-05,-3,"quantile",0.975,553
"DE","05-14",2025-01-30,2025-02-02,1,"mean",NA,248
"DE","05-14",2025-01-30,2025-02-02,1,"quantile",0.025,136
"DE","05-14",2025-01-30,2025-02-02,1,"quantile",0.05,145
"DE","05-14",2025-01-30,2025-02-02,1,"quantile",0.075,152
"DE","05-14",2025-01-30,2025-02-02,1,"quantile",0.1,157
"DE","05-14",2025-01-30,2025-02-02,1,"quantile",0.125,163
"DE","05-14",2025-01-30,2025-02-02,1,"quantile",0.15,168
"DE","05-14",2025-01-30,2025-02-02,1,"quantile",0.175,172
"DE","05-14",2025-01-30,2025-02-02,1,"quantile",0.2,177
"DE","05-14",2025-01-30,2025-02-02,1,"quantile",0.225,181
"DE","05-14",2025-01-30,2025-02-02,1,"quantile",0.25,186
"DE","05-14",2025-01-30,2025-02-02,1,"quantile",0.275,190
"DE","05-14",2025-01-30,2025-02-02,1,"quantile",0.3,195
"DE","05-14",2025-01-30,2025-02-02,1,"quantile",0.325,199
"DE","05-14",2025-01-30,2025-02-02,1,"quantile",0.35,203
"DE","05-14",2025-01-30,2025-02-02,1,"quantile",0.375,208
"DE","05-14",2025-01-30,2025-02-02,1,"quantile",0.4,212
"DE","05-14",2025-01-30,2025-02-02,1,"quantile",0.425,216
"DE","05-14",2025-01-30,2025-02-02,1,"quantile",0.45,221
"DE","05-14",2025-01-30,2025-02-02,1,"quantile",0.475,226
"DE","05-14",2025-01-30,2025-02-02,1,"quantile",0.5,231
"DE","05-14",2025-01-30,2025-02-02,1,"quantile",0.525,235
"DE","05-14",2025-01-30,2025-02-02,1,"quantile",0.55,241
"DE","05-14",2025-01-30,2025-02-02,1,"quantile",0.575,246
"DE","05-14",2025-01-30,2025-02-02,1,"quantile",0.6,251
"DE","05-14",2025-01-30,2025-02-02,1,"quantile",0.625,257
"DE","05-14",2025-01-30,2025-02-02,1,"quantile",0.65,263
"DE","05-14",2025-01-30,2025-02-02,1,"quantile",0.675,269
"DE","05-14",2025-01-30,2025-02-02,1,"quantile",0.7,276
"DE","05-14",2025-01-30,2025-02-02,1,"quantile",0.725,283
"DE","05-14",2025-01-30,2025-02-02,1,"quantile",0.75,291
"DE","05-14",2025-01-30,2025-02-02,1,"quantile",0.775,299
"DE","05-14",2025-01-30,2025-02-02,1,"quantile",0.8,309
"DE","05-14",2025-01-30,2025-02-02,1,"quantile",0.825,319
"DE","05-14",2025-01-30,2025-02-02,1,"quantile",0.85,330
"DE","05-14",2025-01-30,2025-02-02,1,"quantile",0.875,344
"DE","05-14",2025-01-30,2025-02-02,1,"quantile",0.9,360
"DE","05-14",2025-01-30,2025-02-02,1,"quantile",0.925,381
"DE","05-14",2025-01-30,2025-02-02,1,"quantile",0.95,409
"DE","05-14",2025-01-30,2025-02-02,1,"quantile",0.975,455
"DE","05-14",2025-01-30,2025-01-26,0,"mean",NA,338
"DE","05-14",2025-01-30,2025-01-26,0,"quantile",0.025,331
"DE","05-14",2025-01-30,2025-01-26,0,"quantile",0.05,331
"DE","05-14",2025-01-30,2025-01-26,0,"quantile",0.075,331
"DE","05-14",2025-01-30,2025-01-26,0,"quantile",0.1,331
"DE","05-14",2025-01-30,2025-01-26,0,"quantile",0.125,331
"DE","05-14",2025-01-30,2025-01-26,0,"quantile",0.15,331
"DE","05-14",2025-01-30,2025-01-26,0,"quantile",0.175,331
"DE","05-14",2025-01-30,2025-01-26,0,"quantile",0.2,331
"DE","05-14",2025-01-30,2025-01-26,0,"quantile",0.225,331
"DE","05-14",2025-01-30,2025-01-26,0,"quantile",0.25,331
"DE","05-14",2025-01-30,2025-01-26,0,"quantile",0.275,331
"DE","05-14",2025-01-30,2025-01-26,0,"quantile",0.3,331
"DE","05-14",2025-01-30,2025-01-26,0,"quantile",0.325,332
"DE","05-14",2025-01-30,2025-01-26,0,"quantile",0.35,332
"DE","05-14",2025-01-30,2025-01-26,0,"quantile",0.375,332
"DE","05-14",2025-01-30,2025-01-26,0,"quantile",0.4,332
"DE","05-14",2025-01-30,2025-01-26,0,"quantile",0.425,333
"DE","05-14",2025-01-30,2025-01-26,0,"quantile",0.45,333
"DE","05-14",2025-01-30,2025-01-26,0,"quantile",0.475,333
"DE","05-14",2025-01-30,2025-01-26,0,"quantile",0.5,333
"DE","05-14",2025-01-30,2025-01-26,0,"quantile",0.525,334
"DE","05-14",2025-01-30,2025-01-26,0,"quantile",0.55,334
"DE","05-14",2025-01-30,2025-01-26,0,"quantile",0.575,335
"DE","05-14",2025-01-30,2025-01-26,0,"quantile",0.6,335
"DE","05-14",2025-01-30,2025-01-26,0,"quantile",0.625,336
"DE","05-14",2025-01-30,2025-01-26,0,"quantile",0.65,336
"DE","05-14",2025-01-30,2025-01-26,0,"quantile",0.675,337
"DE","05-14",2025-01-30,2025-01-26,0,"quantile",0.7,338
"DE","05-14",2025-01-30,2025-01-26,0,"quantile",0.725,339
"DE","05-14",2025-01-30,2025-01-26,0,"quantile",0.75,340
"DE","05-14",2025-01-30,2025-01-26,0,"quantile",0.775,341
"DE","05-14",2025-01-30,2025-01-26,0,"quantile",0.8,342
"DE","05-14",2025-01-30,2025-01-26,0,"quantile",0.825,344
"DE","05-14",2025-01-30,2025-01-26,0,"quantile",0.85,345
"DE","05-14",2025-01-30,2025-01-26,0,"quantile",0.875,348
"DE","05-14",2025-01-30,2025-01-26,0,"quantile",0.9,350
"DE","05-14",2025-01-30,2025-01-26,0,"quantile",0.925,354
"DE","05-14",2025-01-30,2025-01-26,0,"quantile",0.95,359
"DE","05-14",2025-01-30,2025-01-26,0,"quantile",0.975,369
"DE","05-14",2025-01-30,2025-01-19,-1,"mean",NA,164
"DE","05-14",2025-01-30,2025-01-19,-1,"quantile",0.025,163
"DE","05-14",2025-01-30,2025-01-19,-1,"quantile",0.05,163
"DE","05-14",2025-01-30,2025-01-19,-1,"quantile",0.075,163
"DE","05-14",2025-01-30,2025-01-19,-1,"quantile",0.1,163
"DE","05-14",2025-01-30,2025-01-19,-1,"quantile",0.125,163
"DE","05-14",2025-01-30,2025-01-19,-1,"quantile",0.15,163
"DE","05-14",2025-01-30,2025-01-19,-1,"quantile",0.175,163
"DE","05-14",2025-01-30,2025-01-19,-1,"quantile",0.2,163
"DE","05-14",2025-01-30,2025-01-19,-1,"quantile",0.225,163
"DE","05-14",2025-01-30,2025-01-19,-1,"quantile",0.25,163
"DE","05-14",2025-01-30,2025-01-19,-1,"quantile",0.275,163
"DE","05-14",2025-01-30,2025-01-19,-1,"quantile",0.3,163
"DE","05-14",2025-01-30,2025-01-19,-1,"quantile",0.325,163
"DE","05-14",2025-01-30,2025-01-19,-1,"quantile",0.35,163
"DE","05-14",2025-01-30,2025-01-19,-1,"quantile",0.375,163
"DE","05-14",2025-01-30,2025-01-19,-1,"quantile",0.4,163
"DE","05-14",2025-01-30,2025-01-19,-1,"quantile",0.425,163
"DE","05-14",2025-01-30,2025-01-19,-1,"quantile",0.45,163
"DE","05-14",2025-01-30,2025-01-19,-1,"quantile",0.475,163
"DE","05-14",2025-01-30,2025-01-19,-1,"quantile",0.5,163
"DE","05-14",2025-01-30,2025-01-19,-1,"quantile",0.525,163
"DE","05-14",2025-01-30,2025-01-19,-1,"quantile",0.55,163
"DE","05-14",2025-01-30,2025-01-19,-1,"quantile",0.575,163
"DE","05-14",2025-01-30,2025-01-19,-1,"quantile",0.6,163
"DE","05-14",2025-01-30,2025-01-19,-1,"quantile",0.625,164
"DE","05-14",2025-01-30,2025-01-19,-1,"quantile",0.65,164
"DE","05-14",2025-01-30,2025-01-19,-1,"quantile",0.675,164
"DE","05-14",2025-01-30,2025-01-19,-1,"quantile",0.7,164
"DE","05-14",2025-01-30,2025-01-19,-1,"quantile",0.725,164
"DE","05-14",2025-01-30,2025-01-19,-1,"quantile",0.75,164
"DE","05-14",2025-01-30,2025-01-19,-1,"quantile",0.775,164
"DE","05-14",2025-01-30,2025-01-19,-1,"quantile",0.8,164
"DE","05-14",2025-01-30,2025-01-19,-1,"quantile",0.825,164
"DE","05-14",2025-01-30,2025-01-19,-1,"quantile",0.85,165
"DE","05-14",2025-01-30,2025-01-19,-1,"quantile",0.875,165
"DE","05-14",2025-01-30,2025-01-19,-1,"quantile",0.9,165
"DE","05-14",2025-01-30,2025-01-19,-1,"quantile",0.925,165
"DE","05-14",2025-01-30,2025-01-19,-1,"quantile",0.95,166
"DE","05-14",2025-01-30,2025-01-19,-1,"quantile",0.975,167
"DE","05-14",2025-01-30,2025-01-12,-2,"mean",NA,103
"DE","05-14",2025-01-30,2025-01-12,-2,"quantile",0.025,103
"DE","05-14",2025-01-30,2025-01-12,-2,"quantile",0.05,103
"DE","05-14",2025-01-30,2025-01-12,-2,"quantile",0.075,103
"DE","05-14",2025-01-30,2025-01-12,-2,"quantile",0.1,103
"DE","05-14",2025-01-30,2025-01-12,-2,"quantile",0.125,103
"DE","05-14",2025-01-30,2025-01-12,-2,"quantile",0.15,103
"DE","05-14",2025-01-30,2025-01-12,-2,"quantile",0.175,103
"DE","05-14",2025-01-30,2025-01-12,-2,"quantile",0.2,103
"DE","05-14",2025-01-30,2025-01-12,-2,"quantile",0.225,103
"DE","05-14",2025-01-30,2025-01-12,-2,"quantile",0.25,103
"DE","05-14",2025-01-30,2025-01-12,-2,"quantile",0.275,103
"DE","05-14",2025-01-30,2025-01-12,-2,"quantile",0.3,103
"DE","05-14",2025-01-30,2025-01-12,-2,"quantile",0.325,103
"DE","05-14",2025-01-30,2025-01-12,-2,"quantile",0.35,103
"DE","05-14",2025-01-30,2025-01-12,-2,"quantile",0.375,103
"DE","05-14",2025-01-30,2025-01-12,-2,"quantile",0.4,103
"DE","05-14",2025-01-30,2025-01-12,-2,"quantile",0.425,103
"DE","05-14",2025-01-30,2025-01-12,-2,"quantile",0.45,103
"DE","05-14",2025-01-30,2025-01-12,-2,"quantile",0.475,103
"DE","05-14",2025-01-30,2025-01-12,-2,"quantile",0.5,103
"DE","05-14",2025-01-30,2025-01-12,-2,"quantile",0.525,103
"DE","05-14",2025-01-30,2025-01-12,-2,"quantile",0.55,103
"DE","05-14",2025-01-30,2025-01-12,-2,"quantile",0.575,103
"DE","05-14",2025-01-30,2025-01-12,-2,"quantile",0.6,103
"DE","05-14",2025-01-30,2025-01-12,-2,"quantile",0.625,103
"DE","05-14",2025-01-30,2025-01-12,-2,"quantile",0.65,103
"DE","05-14",2025-01-30,2025-01-12,-2,"quantile",0.675,103
"DE","05-14",2025-01-30,2025-01-12,-2,"quantile",0.7,103
"DE","05-14",2025-01-30,2025-01-12,-2,"quantile",0.725,103
"DE","05-14",2025-01-30,2025-01-12,-2,"quantile",0.75,103
"DE","05-14",2025-01-30,2025-01-12,-2,"quantile",0.775,103
"DE","05-14",2025-01-30,2025-01-12,-2,"quantile",0.8,103
"DE","05-14",2025-01-30,2025-01-12,-2,"quantile",0.825,104
"DE","05-14",2025-01-30,2025-01-12,-2,"quantile",0.85,104
"DE","05-14",2025-01-30,2025-01-12,-2,"quantile",0.875,104
"DE","05-14",2025-01-30,2025-01-12,-2,"quantile",0.9,104
"DE","05-14",2025-01-30,2025-01-12,-2,"quantile",0.925,104
"DE","05-14",2025-01-30,2025-01-12,-2,"quantile",0.95,104
"DE","05-14",2025-01-30,2025-01-12,-2,"quantile",0.975,104
"DE","05-14",2025-01-30,2025-01-05,-3,"mean",NA,59
"DE","05-14",2025-01-30,2025-01-05,-3,"quantile",0.025,59
"DE","05-14",2025-01-30,2025-01-05,-3,"quantile",0.05,59
"DE","05-14",2025-01-30,2025-01-05,-3,"quantile",0.075,59
"DE","05-14",2025-01-30,2025-01-05,-3,"quantile",0.1,59
"DE","05-14",2025-01-30,2025-01-05,-3,"quantile",0.125,59
"DE","05-14",2025-01-30,2025-01-05,-3,"quantile",0.15,59
"DE","05-14",2025-01-30,2025-01-05,-3,"quantile",0.175,59
"DE","05-14",2025-01-30,2025-01-05,-3,"quantile",0.2,59
"DE","05-14",2025-01-30,2025-01-05,-3,"quantile",0.225,59
"DE","05-14",2025-01-30,2025-01-05,-3,"quantile",0.25,59
"DE","05-14",2025-01-30,2025-01-05,-3,"quantile",0.275,59
"DE","05-14",2025-01-30,2025-01-05,-3,"quantile",0.3,59
"DE","05-14",2025-01-30,2025-01-05,-3,"quantile",0.325,59
"DE","05-14",2025-01-30,2025-01-05,-3,"quantile",0.35,59
"DE","05-14",2025-01-30,2025-01-05,-3,"quantile",0.375,59
"DE","05-14",2025-01-30,2025-01-05,-3,"quantile",0.4,59
"DE","05-14",2025-01-30,2025-01-05,-3,"quantile",0.425,59
"DE","05-14",2025-01-30,2025-01-05,-3,"quantile",0.45,59
"DE","05-14",2025-01-30,2025-01-05,-3,"quantile",0.475,59
"DE","05-14",2025-01-30,2025-01-05,-3,"quantile",0.5,59
"DE","05-14",2025-01-30,2025-01-05,-3,"quantile",0.525,59
"DE","05-14",2025-01-30,2025-01-05,-3,"quantile",0.55,59
"DE","05-14",2025-01-30,2025-01-05,-3,"quantile",0.575,59
"DE","05-14",2025-01-30,2025-01-05,-3,"quantile",0.6,59
"DE","05-14",2025-01-30,2025-01-05,-3,"quantile",0.625,59
"DE","05-14",2025-01-30,2025-01-05,-3,"quantile",0.65,59
"DE","05-14",2025-01-30,2025-01-05,-3,"quantile",0.675,59
"DE","05-14",2025-01-30,2025-01-05,-3,"quantile",0.7,59
"DE","05-14",2025-01-30,2025-01-05,-3,"quantile",0.725,59
"DE","05-14",2025-01-30,2025-01-05,-3,"quantile",0.75,59
"DE","05-14",2025-01-30,2025-01-05,-3,"quantile",0.775,59
"DE","05-14",2025-01-30,2025-01-05,-3,"quantile",0.8,59
"DE","05-14",2025-01-30,2025-01-05,-3,"quantile",0.825,59
"DE","05-14",2025-01-30,2025-01-05,-3,"quantile",0.85,59
"DE","05-14",2025-01-30,2025-01-05,-3,"quantile",0.875,59
"DE","05-14",2025-01-30,2025-01-05,-3,"quantile",0.9,59
"DE","05-14",2025-01-30,2025-01-05,-3,"quantile",0.925,59
"DE","05-14",2025-01-30,2025-01-05,-3,"quantile",0.95,59
"DE","05-14",2025-01-30,2025-01-05,-3,"quantile",0.975,60
"DE","15-34",2025-01-30,2025-02-02,1,"mean",NA,181
"DE","15-34",2025-01-30,2025-02-02,1,"quantile",0.025,99
"DE","15-34",2025-01-30,2025-02-02,1,"quantile",0.05,106
"DE","15-34",2025-01-30,2025-02-02,1,"quantile",0.075,110
"DE","15-34",2025-01-30,2025-02-02,1,"quantile",0.1,115
"DE","15-34",2025-01-30,2025-02-02,1,"quantile",0.125,119
"DE","15-34",2025-01-30,2025-02-02,1,"quantile",0.15,122
"DE","15-34",2025-01-30,2025-02-02,1,"quantile",0.175,126
"DE","15-34",2025-01-30,2025-02-02,1,"quantile",0.2,129
"DE","15-34",2025-01-30,2025-02-02,1,"quantile",0.225,132
"DE","15-34",2025-01-30,2025-02-02,1,"quantile",0.25,136
"DE","15-34",2025-01-30,2025-02-02,1,"quantile",0.275,139
"DE","15-34",2025-01-30,2025-02-02,1,"quantile",0.3,142
"DE","15-34",2025-01-30,2025-02-02,1,"quantile",0.325,145
"DE","15-34",2025-01-30,2025-02-02,1,"quantile",0.35,148
"DE","15-34",2025-01-30,2025-02-02,1,"quantile",0.375,152
"DE","15-34",2025-01-30,2025-02-02,1,"quantile",0.4,155
"DE","15-34",2025-01-30,2025-02-02,1,"quantile",0.425,158
"DE","15-34",2025-01-30,2025-02-02,1,"quantile",0.45,161
"DE","15-34",2025-01-30,2025-02-02,1,"quantile",0.475,165
"DE","15-34",2025-01-30,2025-02-02,1,"quantile",0.5,168
"DE","15-34",2025-01-30,2025-02-02,1,"quantile",0.525,172
"DE","15-34",2025-01-30,2025-02-02,1,"quantile",0.55,176
"DE","15-34",2025-01-30,2025-02-02,1,"quantile",0.575,180
"DE","15-34",2025-01-30,2025-02-02,1,"quantile",0.6,184
"DE","15-34",2025-01-30,2025-02-02,1,"quantile",0.625,188
"DE","15-34",2025-01-30,2025-02-02,1,"quantile",0.65,192
"DE","15-34",2025-01-30,2025-02-02,1,"quantile",0.675,197
"DE","15-34",2025-01-30,2025-02-02,1,"quantile",0.7,202
"DE","15-34",2025-01-30,2025-02-02,1,"quantile",0.725,207
"DE","15-34",2025-01-30,2025-02-02,1,"quantile",0.75,213
"DE","15-34",2025-01-30,2025-02-02,1,"quantile",0.775,219
"DE","15-34",2025-01-30,2025-02-02,1,"quantile",0.8,225
"DE","15-34",2025-01-30,2025-02-02,1,"quantile",0.825,233
"DE","15-34",2025-01-30,2025-02-02,1,"quantile",0.85,242
"DE","15-34",2025-01-30,2025-02-02,1,"quantile",0.875,251
"DE","15-34",2025-01-30,2025-02-02,1,"quantile",0.9,263
"DE","15-34",2025-01-30,2025-02-02,1,"quantile",0.925,278
"DE","15-34",2025-01-30,2025-02-02,1,"quantile",0.95,299
"DE","15-34",2025-01-30,2025-02-02,1,"quantile",0.975,333
"DE","15-34",2025-01-30,2025-01-26,0,"mean",NA,216
"DE","15-34",2025-01-30,2025-01-26,0,"quantile",0.025,212
"DE","15-34",2025-01-30,2025-01-26,0,"quantile",0.05,212
"DE","15-34",2025-01-30,2025-01-26,0,"quantile",0.075,212
"DE","15-34",2025-01-30,2025-01-26,0,"quantile",0.1,212
"DE","15-34",2025-01-30,2025-01-26,0,"quantile",0.125,212
"DE","15-34",2025-01-30,2025-01-26,0,"quantile",0.15,212
"DE","15-34",2025-01-30,2025-01-26,0,"quantile",0.175,212
"DE","15-34",2025-01-30,2025-01-26,0,"quantile",0.2,212
"DE","15-34",2025-01-30,2025-01-26,0,"quantile",0.225,212
"DE","15-34",2025-01-30,2025-01-26,0,"quantile",0.25,212
"DE","15-34",2025-01-30,2025-01-26,0,"quantile",0.275,212
"DE","15-34",2025-01-30,2025-01-26,0,"quantile",0.3,212
"DE","15-34",2025-01-30,2025-01-26,0,"quantile",0.325,212
"DE","15-34",2025-01-30,2025-01-26,0,"quantile",0.35,212
"DE","15-34",2025-01-30,2025-01-26,0,"quantile",0.375,213
"DE","15-34",2025-01-30,2025-01-26,0,"quantile",0.4,213
"DE","15-34",2025-01-30,2025-01-26,0,"quantile",0.425,213
"DE","15-34",2025-01-30,2025-01-26,0,"quantile",0.45,213
"DE","15-34",2025-01-30,2025-01-26,0,"quantile",0.475,213
"DE","15-34",2025-01-30,2025-01-26,0,"quantile",0.5,214
"DE","15-34",2025-01-30,2025-01-26,0,"quantile",0.525,214
"DE","15-34",2025-01-30,2025-01-26,0,"quantile",0.55,214
"DE","15-34",2025-01-30,2025-01-26,0,"quantile",0.575,214
"DE","15-34",2025-01-30,2025-01-26,0,"quantile",0.6,215
"DE","15-34",2025-01-30,2025-01-26,0,"quantile",0.625,215
"DE","15-34",2025-01-30,2025-01-26,0,"quantile",0.65,215
"DE","15-34",2025-01-30,2025-01-26,0,"quantile",0.675,216
"DE","15-34",2025-01-30,2025-01-26,0,"quantile",0.7,216
"DE","15-34",2025-01-30,2025-01-26,0,"quantile",0.725,217
"DE","15-34",2025-01-30,2025-01-26,0,"quantile",0.75,218
"DE","15-34",2025-01-30,2025-01-26,0,"quantile",0.775,218
"DE","15-34",2025-01-30,2025-01-26,0,"quantile",0.8,219
"DE","15-34",2025-01-30,2025-01-26,0,"quantile",0.825,220
"DE","15-34",2025-01-30,2025-01-26,0,"quantile",0.85,221
"DE","15-34",2025-01-30,2025-01-26,0,"quantile",0.875,223
"DE","15-34",2025-01-30,2025-01-26,0,"quantile",0.9,225
"DE","15-34",2025-01-30,2025-01-26,0,"quantile",0.925,227
"DE","15-34",2025-01-30,2025-01-26,0,"quantile",0.95,230
"DE","15-34",2025-01-30,2025-01-26,0,"quantile",0.975,237
"DE","15-34",2025-01-30,2025-01-19,-1,"mean",NA,126
"DE","15-34",2025-01-30,2025-01-19,-1,"quantile",0.025,125
"DE","15-34",2025-01-30,2025-01-19,-1,"quantile",0.05,125
"DE","15-34",2025-01-30,2025-01-19,-1,"quantile",0.075,125
"DE","15-34",2025-01-30,2025-01-19,-1,"quantile",0.1,125
"DE","15-34",2025-01-30,2025-01-19,-1,"quantile",0.125,125
"DE","15-34",2025-01-30,2025-01-19,-1,"quantile",0.15,125
"DE","15-34",2025-01-30,2025-01-19,-1,"quantile",0.175,125
"DE","15-34",2025-01-30,2025-01-19,-1,"quantile",0.2,125
"DE","15-34",2025-01-30,2025-01-19,-1,"quantile",0.225,125
"DE","15-34",2025-01-30,2025-01-19,-1,"quantile",0.25,125
"DE","15-34",2025-01-30,2025-01-19,-1,"quantile",0.275,125
"DE","15-34",2025-01-30,2025-01-19,-1,"quantile",0.3,125
"DE","15-34",2025-01-30,2025-01-19,-1,"quantile",0.325,125
"DE","15-34",2025-01-30,2025-01-19,-1,"quantile",0.35,125
"DE","15-34",2025-01-30,2025-01-19,-1,"quantile",0.375,125
"DE","15-34",2025-01-30,2025-01-19,-1,"quantile",0.4,125
"DE","15-34",2025-01-30,2025-01-19,-1,"quantile",0.425,125
"DE","15-34",2025-01-30,2025-01-19,-1,"quantile",0.45,125
"DE","15-34",2025-01-30,2025-01-19,-1,"quantile",0.475,125
"DE","15-34",2025-01-30,2025-01-19,-1,"quantile",0.5,125
"DE","15-34",2025-01-30,2025-01-19,-1,"quantile",0.525,125
"DE","15-34",2025-01-30,2025-01-19,-1,"quantile",0.55,125
"DE","15-34",2025-01-30,2025-01-19,-1,"quantile",0.575,125
"DE","15-34",2025-01-30,2025-01-19,-1,"quantile",0.6,125
"DE","15-34",2025-01-30,2025-01-19,-1,"quantile",0.625,125
"DE","15-34",2025-01-30,2025-01-19,-1,"quantile",0.65,125
"DE","15-34",2025-01-30,2025-01-19,-1,"quantile",0.675,126
"DE","15-34",2025-01-30,2025-01-19,-1,"quantile",0.7,126
"DE","15-34",2025-01-30,2025-01-19,-1,"quantile",0.725,126
"DE","15-34",2025-01-30,2025-01-19,-1,"quantile",0.75,126
"DE","15-34",2025-01-30,2025-01-19,-1,"quantile",0.775,126
"DE","15-34",2025-01-30,2025-01-19,-1,"quantile",0.8,126
"DE","15-34",2025-01-30,2025-01-19,-1,"quantile",0.825,126
"DE","15-34",2025-01-30,2025-01-19,-1,"quantile",0.85,126
"DE","15-34",2025-01-30,2025-01-19,-1,"quantile",0.875,126
"DE","15-34",2025-01-30,2025-01-19,-1,"quantile",0.9,127
"DE","15-34",2025-01-30,2025-01-19,-1,"quantile",0.925,127
"DE","15-34",2025-01-30,2025-01-19,-1,"quantile",0.95,127
"DE","15-34",2025-01-30,2025-01-19,-1,"quantile",0.975,128
"DE","15-34",2025-01-30,2025-01-12,-2,"mean",NA,123
"DE","15-34",2025-01-30,2025-01-12,-2,"quantile",0.025,123
"DE","15-34",2025-01-30,2025-01-12,-2,"quantile",0.05,123
"DE","15-34",2025-01-30,2025-01-12,-2,"quantile",0.075,123
"DE","15-34",2025-01-30,2025-01-12,-2,"quantile",0.1,123
"DE","15-34",2025-01-30,2025-01-12,-2,"quantile",0.125,123
"DE","15-34",2025-01-30,2025-01-12,-2,"quantile",0.15,123
"DE","15-34",2025-01-30,2025-01-12,-2,"quantile",0.175,123
"DE","15-34",2025-01-30,2025-01-12,-2,"quantile",0.2,123
"DE","15-34",2025-01-30,2025-01-12,-2,"quantile",0.225,123
"DE","15-34",2025-01-30,2025-01-12,-2,"quantile",0.25,123
"DE","15-34",2025-01-30,2025-01-12,-2,"quantile",0.275,123
"DE","15-34",2025-01-30,2025-01-12,-2,"quantile",0.3,123
"DE","15-34",2025-01-30,2025-01-12,-2,"quantile",0.325,123
"DE","15-34",2025-01-30,2025-01-12,-2,"quantile",0.35,123
"DE","15-34",2025-01-30,2025-01-12,-2,"quantile",0.375,123
"DE","15-34",2025-01-30,2025-01-12,-2,"quantile",0.4,123
"DE","15-34",2025-01-30,2025-01-12,-2,"quantile",0.425,123
"DE","15-34",2025-01-30,2025-01-12,-2,"quantile",0.45,123
"DE","15-34",2025-01-30,2025-01-12,-2,"quantile",0.475,123
"DE","15-34",2025-01-30,2025-01-12,-2,"quantile",0.5,123
"DE","15-34",2025-01-30,2025-01-12,-2,"quantile",0.525,123
"DE","15-34",2025-01-30,2025-01-12,-2,"quantile",0.55,123
"DE","15-34",2025-01-30,2025-01-12,-2,"quantile",0.575,123
"DE","15-34",2025-01-30,2025-01-12,-2,"quantile",0.6,123
"DE","15-34",2025-01-30,2025-01-12,-2,"quantile",0.625,123
"DE","15-34",2025-01-30,2025-01-12,-2,"quantile",0.65,123
"DE","15-34",2025-01-30,2025-01-12,-2,"quantile",0.675,123
"DE","15-34",2025-01-30,2025-01-12,-2,"quantile",0.7,123
"DE","15-34",2025-01-30,2025-01-12,-2,"quantile",0.725,123
"DE","15-34",2025-01-30,2025-01-12,-2,"quantile",0.75,123
"DE","15-34",2025-01-30,2025-01-12,-2,"quantile",0.775,123
"DE","15-34",2025-01-30,2025-01-12,-2,"quantile",0.8,124
"DE","15-34",2025-01-30,2025-01-12,-2,"quantile",0.825,124
"DE","15-34",2025-01-30,2025-01-12,-2,"quantile",0.85,124
"DE","15-34",2025-01-30,2025-01-12,-2,"quantile",0.875,124
"DE","15-34",2025-01-30,2025-01-12,-2,"quantile",0.9,124
"DE","15-34",2025-01-30,2025-01-12,-2,"quantile",0.925,124
"DE","15-34",2025-01-30,2025-01-12,-2,"quantile",0.95,124
"DE","15-34",2025-01-30,2025-01-12,-2,"quantile",0.975,125
"DE","15-34",2025-01-30,2025-01-05,-3,"mean",NA,48
"DE","15-34",2025-01-30,2025-01-05,-3,"quantile",0.025,48
"DE","15-34",2025-01-30,2025-01-05,-3,"quantile",0.05,48
"DE","15-34",2025-01-30,2025-01-05,-3,"quantile",0.075,48
"DE","15-34",2025-01-30,2025-01-05,-3,"quantile",0.1,48
"DE","15-34",2025-01-30,2025-01-05,-3,"quantile",0.125,48
"DE","15-34",2025-01-30,2025-01-05,-3,"quantile",0.15,48
"DE","15-34",2025-01-30,2025-01-05,-3,"quantile",0.175,48
"DE","15-34",2025-01-30,2025-01-05,-3,"quantile",0.2,48
"DE","15-34",2025-01-30,2025-01-05,-3,"quantile",0.225,48
"DE","15-34",2025-01-30,2025-01-05,-3,"quantile",0.25,48
"DE","15-34",2025-01-30,2025-01-05,-3,"quantile",0.275,48
"DE","15-34",2025-01-30,2025-01-05,-3,"quantile",0.3,48
"DE","15-34",2025-01-30,2025-01-05,-3,"quantile",0.325,48
"DE","15-34",2025-01-30,2025-01-05,-3,"quantile",0.35,48
"DE","15-34",2025-01-30,2025-01-05,-3,"quantile",0.375,48
"DE","15-34",2025-01-30,2025-01-05,-3,"quantile",0.4,48
"DE","15-34",2025-01-30,2025-01-05,-3,"quantile",0.425,48
"DE","15-34",2025-01-30,2025-01-05,-3,"quantile",0.45,48
"DE","15-34",2025-01-30,2025-01-05,-3,"quantile",0.475,48
"DE","15-34",2025-01-30,2025-01-05,-3,"quantile",0.5,48
"DE","15-34",2025-01-30,2025-01-05,-3,"quantile",0.525,48
"DE","15-34",2025-01-30,2025-01-05,-3,"quantile",0.55,48
"DE","15-34",2025-01-30,2025-01-05,-3,"quantile",0.575,48
"DE","15-34",2025-01-30,2025-01-05,-3,"quantile",0.6,48
"DE","15-34",2025-01-30,2025-01-05,-3,"quantile",0.625,48
"DE","15-34",2025-01-30,2025-01-05,-3,"quantile",0.65,48
"DE","15-34",2025-01-30,2025-01-05,-3,"quantile",0.675,48
"DE","15-34",2025-01-30,2025-01-05,-3,"quantile",0.7,48
"DE","15-34",2025-01-30,2025-01-05,-3,"quantile",0.725,48
"DE","15-34",2025-01-30,2025-01-05,-3,"quantile",0.75,48
"DE","15-34",2025-01-30,2025-01-05,-3,"quantile",0.775,48
"DE","15-34",2025-01-30,2025-01-05,-3,"quantile",0.8,48
"DE","15-34",2025-01-30,2025-01-05,-3,"quantile",0.825,48
"DE","15-34",2025-01-30,2025-01-05,-3,"quantile",0.85,48
"DE","15-34",2025-01-30,2025-01-05,-3,"quantile",0.875,48
"DE","15-34",2025-01-30,2025-01-05,-3,"quantile",0.9,48
"DE","15-34",2025-01-30,2025-01-05,-3,"quantile",0.925,48
"DE","15-34",2025-01-30,2025-01-05,-3,"quantile",0.95,48
"DE","15-34",2025-01-30,2025-01-05,-3,"quantile",0.975,49
"DE","35-59",2025-01-30,2025-02-02,1,"mean",NA,271
"DE","35-59",2025-01-30,2025-02-02,1,"quantile",0.025,150
"DE","35-59",2025-01-30,2025-02-02,1,"quantile",0.05,159
"DE","35-59",2025-01-30,2025-02-02,1,"quantile",0.075,166
"DE","35-59",2025-01-30,2025-02-02,1,"quantile",0.1,173
"DE","35-59",2025-01-30,2025-02-02,1,"quantile",0.125,178
"DE","35-59",2025-01-30,2025-02-02,1,"quantile",0.15,184
"DE","35-59",2025-01-30,2025-02-02,1,"quantile",0.175,189
"DE","35-59",2025-01-30,2025-02-02,1,"quantile",0.2,194
"DE","35-59",2025-01-30,2025-02-02,1,"quantile",0.225,199
"DE","35-59",2025-01-30,2025-02-02,1,"quantile",0.25,204
"DE","35-59",2025-01-30,2025-02-02,1,"quantile",0.275,208
"DE","35-59",2025-01-30,2025-02-02,1,"quantile",0.3,213
"DE","35-59",2025-01-30,2025-02-02,1,"quantile",0.325,218
"DE","35-59",2025-01-30,2025-02-02,1,"quantile",0.35,223
"DE","35-59",2025-01-30,2025-02-02,1,"quantile",0.375,227
"DE","35-59",2025-01-30,2025-02-02,1,"quantile",0.4,232
"DE","35-59",2025-01-30,2025-02-02,1,"quantile",0.425,237
"DE","35-59",2025-01-30,2025-02-02,1,"quantile",0.45,242
"DE","35-59",2025-01-30,2025-02-02,1,"quantile",0.475,247
"DE","35-59",2025-01-30,2025-02-02,1,"quantile",0.5,253
"DE","35-59",2025-01-30,2025-02-02,1,"quantile",0.525,258
"DE","35-59",2025-01-30,2025-02-02,1,"quantile",0.55,264
"DE","35-59",2025-01-30,2025-02-02,1,"quantile",0.575,269
"DE","35-59",2025-01-30,2025-02-02,1,"quantile",0.6,275
"DE","35-59",2025-01-30,2025-02-02,1,"quantile",0.625,282
"DE","35-59",2025-01-30,2025-02-02,1,"quantile",0.65,288
"DE","35-59",2025-01-30,2025-02-02,1,"quantile",0.675,295
"DE","35-59",2025-01-30,2025-02-02,1,"quantile",0.7,302
"DE","35-59",2025-01-30,2025-02-02,1,"quantile",0.725,310
"DE","35-59",2025-01-30,2025-02-02,1,"quantile",0.75,319
"DE","35-59",2025-01-30,2025-02-02,1,"quantile",0.775,328
"DE","35-59",2025-01-30,2025-02-02,1,"quantile",0.8,338
"DE","35-59",2025-01-30,2025-02-02,1,"quantile",0.825,349
"DE","35-59",2025-01-30,2025-02-02,1,"quantile",0.85,362
"DE","35-59",2025-01-30,2025-02-02,1,"quantile",0.875,377
"DE","35-59",2025-01-30,2025-02-02,1,"quantile",0.9,394
"DE","35-59",2025-01-30,2025-02-02,1,"quantile",0.925,417
"DE","35-59",2025-01-30,2025-02-02,1,"quantile",0.95,448
"DE","35-59",2025-01-30,2025-02-02,1,"quantile",0.975,499
"DE","35-59",2025-01-30,2025-01-26,0,"mean",NA,359
"DE","35-59",2025-01-30,2025-01-26,0,"quantile",0.025,352
"DE","35-59",2025-01-30,2025-01-26,0,"quantile",0.05,352
"DE","35-59",2025-01-30,2025-01-26,0,"quantile",0.075,352
"DE","35-59",2025-01-30,2025-01-26,0,"quantile",0.1,352
"DE","35-59",2025-01-30,2025-01-26,0,"quantile",0.125,352
"DE","35-59",2025-01-30,2025-01-26,0,"quantile",0.15,352
"DE","35-59",2025-01-30,2025-01-26,0,"quantile",0.175,352
"DE","35-59",2025-01-30,2025-01-26,0,"quantile",0.2,352
"DE","35-59",2025-01-30,2025-01-26,0,"quantile",0.225,352
"DE","35-59",2025-01-30,2025-01-26,0,"quantile",0.25,352
"DE","35-59",2025-01-30,2025-01-26,0,"quantile",0.275,352
"DE","35-59",2025-01-30,2025-01-26,0,"quantile",0.3,353
"DE","35-59",2025-01-30,2025-01-26,0,"quantile",0.325,353
"DE","35-59",2025-01-30,2025-01-26,0,"quantile",0.35,353
"DE","35-59",2025-01-30,2025-01-26,0,"quantile",0.375,353
"DE","35-59",2025-01-30,2025-01-26,0,"quantile",0.4,353
"DE","35-59",2025-01-30,2025-01-26,0,"quantile",0.425,354
"DE","35-59",2025-01-30,2025-01-26,0,"quantile",0.45,354
"DE","35-59",2025-01-30,2025-01-26,0,"quantile",0.475,354
"DE","35-59",2025-01-30,2025-01-26,0,"quantile",0.5,355
"DE","35-59",2025-01-30,2025-01-26,0,"quantile",0.525,355
"DE","35-59",2025-01-30,2025-01-26,0,"quantile",0.55,355
"DE","35-59",2025-01-30,2025-01-26,0,"quantile",0.575,356
"DE","35-59",2025-01-30,2025-01-26,0,"quantile",0.6,357
"DE","35-59",2025-01-30,2025-01-26,0,"quantile",0.625,357
"DE","35-59",2025-01-30,2025-01-26,0,"quantile",0.65,358
"DE","35-59",2025-01-30,2025-01-26,0,"quantile",0.675,359
"DE","35-59",2025-01-30,2025-01-26,0,"quantile",0.7,359
"DE","35-59",2025-01-30,2025-01-26,0,"quantile",0.725,360
"DE","35-59",2025-01-30,2025-01-26,0,"quantile",0.75,361
"DE","35-59",2025-01-30,2025-01-26,0,"quantile",0.775,362
"DE","35-59",2025-01-30,2025-01-26,0,"quantile",0.8,364
"DE","35-59",2025-01-30,2025-01-26,0,"quantile",0.825,365
"DE","35-59",2025-01-30,2025-01-26,0,"quantile",0.85,367
"DE","35-59",2025-01-30,2025-01-26,0,"quantile",0.875,370
"DE","35-59",2025-01-30,2025-01-26,0,"quantile",0.9,373
"DE","35-59",2025-01-30,2025-01-26,0,"quantile",0.925,377
"DE","35-59",2025-01-30,2025-01-26,0,"quantile",0.95,382
"DE","35-59",2025-01-30,2025-01-26,0,"quantile",0.975,392
"DE","35-59",2025-01-30,2025-01-19,-1,"mean",NA,217
"DE","35-59",2025-01-30,2025-01-19,-1,"quantile",0.025,216
"DE","35-59",2025-01-30,2025-01-19,-1,"quantile",0.05,216
"DE","35-59",2025-01-30,2025-01-19,-1,"quantile",0.075,216
"DE","35-59",2025-01-30,2025-01-19,-1,"quantile",0.1,216
"DE","35-59",2025-01-30,2025-01-19,-1,"quantile",0.125,216
"DE","35-59",2025-01-30,2025-01-19,-1,"quantile",0.15,216
"DE","35-59",2025-01-30,2025-01-19,-1,"quantile",0.175,216
"DE","35-59",2025-01-30,2025-01-19,-1,"quantile",0.2,216
"DE","35-59",2025-01-30,2025-01-19,-1,"quantile",0.225,216
"DE","35-59",2025-01-30,2025-01-19,-1,"quantile",0.25,216
"DE","35-59",2025-01-30,2025-01-19,-1,"quantile",0.275,216
"DE","35-59",2025-01-30,2025-01-19,-1,"quantile",0.3,216
"DE","35-59",2025-01-30,2025-01-19,-1,"quantile",0.325,216
"DE","35-59",2025-01-30,2025-01-19,-1,"quantile",0.35,216
"DE","35-59",2025-01-30,2025-01-19,-1,"quantile",0.375,216
"DE","35-59",2025-01-30,2025-01-19,-1,"quantile",0.4,216
"DE","35-59",2025-01-30,2025-01-19,-1,"quantile",0.425,216
"DE","35-59",2025-01-30,2025-01-19,-1,"quantile",0.45,216
"DE","35-59",2025-01-30,2025-01-19,-1,"quantile",0.475,216
"DE","35-59",2025-01-30,2025-01-19,-1,"quantile",0.5,216
"DE","35-59",2025-01-30,2025-01-19,-1,"quantile",0.525,216
"DE","35-59",2025-01-30,2025-01-19,-1,"quantile",0.55,217
"DE","35-59",2025-01-30,2025-01-19,-1,"quantile",0.575,217
"DE","35-59",2025-01-30,2025-01-19,-1,"quantile",0.6,217
"DE","35-59",2025-01-30,2025-01-19,-1,"quantile",0.625,217
"DE","35-59",2025-01-30,2025-01-19,-1,"quantile",0.65,217
"DE","35-59",2025-01-30,2025-01-19,-1,"quantile",0.675,217
"DE","35-59",2025-01-30,2025-01-19,-1,"quantile",0.7,217
"DE","35-59",2025-01-30,2025-01-19,-1,"quantile",0.725,217
"DE","35-59",2025-01-30,2025-01-19,-1,"quantile",0.75,217
"DE","35-59",2025-01-30,2025-01-19,-1,"quantile",0.775,217
"DE","35-59",2025-01-30,2025-01-19,-1,"quantile",0.8,218
"DE","35-59",2025-01-30,2025-01-19,-1,"quantile",0.825,218
"DE","35-59",2025-01-30,2025-01-19,-1,"quantile",0.85,218
"DE","35-59",2025-01-30,2025-01-19,-1,"quantile",0.875,218
"DE","35-59",2025-01-30,2025-01-19,-1,"quantile",0.9,219
"DE","35-59",2025-01-30,2025-01-19,-1,"quantile",0.925,219
"DE","35-59",2025-01-30,2025-01-19,-1,"quantile",0.95,219
"DE","35-59",2025-01-30,2025-01-19,-1,"quantile",0.975,220
"DE","35-59",2025-01-30,2025-01-12,-2,"mean",NA,189
"DE","35-59",2025-01-30,2025-01-12,-2,"quantile",0.025,189
"DE","35-59",2025-01-30,2025-01-12,-2,"quantile",0.05,189
"DE","35-59",2025-01-30,2025-01-12,-2,"quantile",0.075,189
"DE","35-59",2025-01-30,2025-01-12,-2,"quantile",0.1,189
"DE","35-59",2025-01-30,2025-01-12,-2,"quantile",0.125,189
"DE","35-59",2025-01-30,2025-01-12,-2,"quantile",0.15,189
"DE","35-59",2025-01-30,2025-01-12,-2,"quantile",0.175,189
"DE","35-59",2025-01-30,2025-01-12,-2,"quantile",0.2,189
"DE","35-59",2025-01-30,2025-01-12,-2,"quantile",0.225,189
"DE","35-59",2025-01-30,2025-01-12,-2,"quantile",0.25,189
"DE","35-59",2025-01-30,2025-01-12,-2,"quantile",0.275,189
"DE","35-59",2025-01-30,2025-01-12,-2,"quantile",0.3,189
"DE","35-59",2025-01-30,2025-01-12,-2,"quantile",0.325,189
"DE","35-59",2025-01-30,2025-01-12,-2,"quantile",0.35,189
"DE","35-59",2025-01-30,2025-01-12,-2,"quantile",0.375,189
"DE","35-59",2025-01-30,2025-01-12,-2,"quantile",0.4,189
"DE","35-59",2025-01-30,2025-01-12,-2,"quantile",0.425,189
"DE","35-59",2025-01-30,2025-01-12,-2,"quantile",0.45,189
"DE","35-59",2025-01-30,2025-01-12,-2,"quantile",0.475,189
"DE","35-59",2025-01-30,2025-01-12,-2,"quantile",0.5,189
"DE","35-59",2025-01-30,2025-01-12,-2,"quantile",0.525,189
"DE","35-59",2025-01-30,2025-01-12,-2,"quantile",0.55,189
"DE","35-59",2025-01-30,2025-01-12,-2,"quantile",0.575,189
"DE","35-59",2025-01-30,2025-01-12,-2,"quantile",0.6,189
"DE","35-59",2025-01-30,2025-01-12,-2,"quantile",0.625,189
"DE","35-59",2025-01-30,2025-01-12,-2,"quantile",0.65,189
"DE","35-59",2025-01-30,2025-01-12,-2,"quantile",0.675,189
"DE","35-59",2025-01-30,2025-01-12,-2,"quantile",0.7,190
"DE","35-59",2025-01-30,2025-01-12,-2,"quantile",0.725,190
"DE","35-59",2025-01-30,2025-01-12,-2,"quantile",0.75,190
"DE","35-59",2025-01-30,2025-01-12,-2,"quantile",0.775,190
"DE","35-59",2025-01-30,2025-01-12,-2,"quantile",0.8,190
"DE","35-59",2025-01-30,2025-01-12,-2,"quantile",0.825,190
"DE","35-59",2025-01-30,2025-01-12,-2,"quantile",0.85,190
"DE","35-59",2025-01-30,2025-01-12,-2,"quantile",0.875,190
"DE","35-59",2025-01-30,2025-01-12,-2,"quantile",0.9,190
"DE","35-59",2025-01-30,2025-01-12,-2,"quantile",0.925,190
"DE","35-59",2025-01-30,2025-01-12,-2,"quantile",0.95,191
"DE","35-59",2025-01-30,2025-01-12,-2,"quantile",0.975,191
"DE","35-59",2025-01-30,2025-01-05,-3,"mean",NA,79
"DE","35-59",2025-01-30,2025-01-05,-3,"quantile",0.025,79
"DE","35-59",2025-01-30,2025-01-05,-3,"quantile",0.05,79
"DE","35-59",2025-01-30,2025-01-05,-3,"quantile",0.075,79
"DE","35-59",2025-01-30,2025-01-05,-3,"quantile",0.1,79
"DE","35-59",2025-01-30,2025-01-05,-3,"quantile",0.125,79
"DE","35-59",2025-01-30,2025-01-05,-3,"quantile",0.15,79
"DE","35-59",2025-01-30,2025-01-05,-3,"quantile",0.175,79
"DE","35-59",2025-01-30,2025-01-05,-3,"quantile",0.2,79
"DE","35-59",2025-01-30,2025-01-05,-3,"quantile",0.225,79
"DE","35-59",2025-01-30,2025-01-05,-3,"quantile",0.25,79
"DE","35-59",2025-01-30,2025-01-05,-3,"quantile",0.275,79
"DE","35-59",2025-01-30,2025-01-05,-3,"quantile",0.3,79
"DE","35-59",2025-01-30,2025-01-05,-3,"quantile",0.325,79
"DE","35-59",2025-01-30,2025-01-05,-3,"quantile",0.35,79
"DE","35-59",2025-01-30,2025-01-05,-3,"quantile",0.375,79
"DE","35-59",2025-01-30,2025-01-05,-3,"quantile",0.4,79
"DE","35-59",2025-01-30,2025-01-05,-3,"quantile",0.425,79
"DE","35-59",2025-01-30,2025-01-05,-3,"quantile",0.45,79
"DE","35-59",2025-01-30,2025-01-05,-3,"quantile",0.475,79
"DE","35-59",2025-01-30,2025-01-05,-3,"quantile",0.5,79
"DE","35-59",2025-01-30,2025-01-05,-3,"quantile",0.525,79
"DE","35-59",2025-01-30,2025-01-05,-3,"quantile",0.55,79
"DE","35-59",2025-01-30,2025-01-05,-3,"quantile",0.575,79
"DE","35-59",2025-01-30,2025-01-05,-3,"quantile",0.6,79
"DE","35-59",2025-01-30,2025-01-05,-3,"quantile",0.625,79
"DE","35-59",2025-01-30,2025-01-05,-3,"quantile",0.65,79
"DE","35-59",2025-01-30,2025-01-05,-3,"quantile",0.675,79
"DE","35-59",2025-01-30,2025-01-05,-3,"quantile",0.7,79
"DE","35-59",2025-01-30,2025-01-05,-3,"quantile",0.725,79
"DE","35-59",2025-01-30,2025-01-05,-3,"quantile",0.75,79
"DE","35-59",2025-01-30,2025-01-05,-3,"quantile",0.775,79
"DE","35-59",2025-01-30,2025-01-05,-3,"quantile",0.8,79
"DE","35-59",2025-01-30,2025-01-05,-3,"quantile",0.825,79
"DE","35-59",2025-01-30,2025-01-05,-3,"quantile",0.85,79
"DE","35-59",2025-01-30,2025-01-05,-3,"quantile",0.875,79
"DE","35-59",2025-01-30,2025-01-05,-3,"quantile",0.9,79
"DE","35-59",2025-01-30,2025-01-05,-3,"quantile",0.925,79
"DE","35-59",2025-01-30,2025-01-05,-3,"quantile",0.95,80
"DE","35-59",2025-01-30,2025-01-05,-3,"quantile",0.975,80
"DE","60-79",2025-01-30,2025-02-02,1,"mean",NA,344
"DE","60-79",2025-01-30,2025-02-02,1,"quantile",0.025,190
"DE","60-79",2025-01-30,2025-02-02,1,"quantile",0.05,202
"DE","60-79",2025-01-30,2025-02-02,1,"quantile",0.075,211
"DE","60-79",2025-01-30,2025-02-02,1,"quantile",0.1,219
"DE","60-79",2025-01-30,2025-02-02,1,"quantile",0.125,227
"DE","60-79",2025-01-30,2025-02-02,1,"quantile",0.15,234
"DE","60-79",2025-01-30,2025-02-02,1,"quantile",0.175,240
"DE","60-79",2025-01-30,2025-02-02,1,"quantile",0.2,247
"DE","60-79",2025-01-30,2025-02-02,1,"quantile",0.225,253
"DE","60-79",2025-01-30,2025-02-02,1,"quantile",0.25,259
"DE","60-79",2025-01-30,2025-02-02,1,"quantile",0.275,265
"DE","60-79",2025-01-30,2025-02-02,1,"quantile",0.3,271
"DE","60-79",2025-01-30,2025-02-02,1,"quantile",0.325,277
"DE","60-79",2025-01-30,2025-02-02,1,"quantile",0.35,283
"DE","60-79",2025-01-30,2025-02-02,1,"quantile",0.375,289
"DE","60-79",2025-01-30,2025-02-02,1,"quantile",0.4,295
"DE","60-79",2025-01-30,2025-02-02,1,"quantile",0.425,301
"DE","60-79",2025-01-30,2025-02-02,1,"quantile",0.45,308
"DE","60-79",2025-01-30,2025-02-02,1,"quantile",0.475,314
"DE","60-79",2025-01-30,2025-02-02,1,"quantile",0.5,321
"DE","60-79",2025-01-30,2025-02-02,1,"quantile",0.525,328
"DE","60-79",2025-01-30,2025-02-02,1,"quantile",0.55,335
"DE","60-79",2025-01-30,2025-02-02,1,"quantile",0.575,342
"DE","60-79",2025-01-30,2025-02-02,1,"quantile",0.6,350
"DE","60-79",2025-01-30,2025-02-02,1,"quantile",0.625,357
"DE","60-79",2025-01-30,2025-02-02,1,"quantile",0.65,366
"DE","60-79",2025-01-30,2025-02-02,1,"quantile",0.675,375
"DE","60-79",2025-01-30,2025-02-02,1,"quantile",0.7,384
"DE","60-79",2025-01-30,2025-02-02,1,"quantile",0.725,394
"DE","60-79",2025-01-30,2025-02-02,1,"quantile",0.75,405
"DE","60-79",2025-01-30,2025-02-02,1,"quantile",0.775,416
"DE","60-79",2025-01-30,2025-02-02,1,"quantile",0.8,429
"DE","60-79",2025-01-30,2025-02-02,1,"quantile",0.825,443
"DE","60-79",2025-01-30,2025-02-02,1,"quantile",0.85,459
"DE","60-79",2025-01-30,2025-02-02,1,"quantile",0.875,478
"DE","60-79",2025-01-30,2025-02-02,1,"quantile",0.9,501
"DE","60-79",2025-01-30,2025-02-02,1,"quantile",0.925,529
"DE","60-79",2025-01-30,2025-02-02,1,"quantile",0.95,568
"DE","60-79",2025-01-30,2025-02-02,1,"quantile",0.975,633
"DE","60-79",2025-01-30,2025-01-26,0,"mean",NA,350
"DE","60-79",2025-01-30,2025-01-26,0,"quantile",0.025,343
"DE","60-79",2025-01-30,2025-01-26,0,"quantile",0.05,343
"DE","60-79",2025-01-30,2025-01-26,0,"quantile",0.075,343
"DE","60-79",2025-01-30,2025-01-26,0,"quantile",0.1,343
"DE","60-79",2025-01-30,2025-01-26,0,"quantile",0.125,343
"DE","60-79",2025-01-30,2025-01-26,0,"quantile",0.15,343
"DE","60-79",2025-01-30,2025-01-26,0,"quantile",0.175,343
"DE","60-79",2025-01-30,2025-01-26,0,"quantile",0.2,343
"DE","60-79",2025-01-30,2025-01-26,0,"quantile",0.225,343
"DE","60-79",2025-01-30,2025-01-26,0,"quantile",0.25,343
"DE","60-79",2025-01-30,2025-01-26,0,"quantile",0.275,343
"DE","60-79",2025-01-30,2025-01-26,0,"quantile",0.3,344
"DE","60-79",2025-01-30,2025-01-26,0,"quantile",0.325,344
"DE","60-79",2025-01-30,2025-01-26,0,"quantile",0.35,344
"DE","60-79",2025-01-30,2025-01-26,0,"quantile",0.375,344
"DE","60-79",2025-01-30,2025-01-26,0,"quantile",0.4,344
"DE","60-79",2025-01-30,2025-01-26,0,"quantile",0.425,345
"DE","60-79",2025-01-30,2025-01-26,0,"quantile",0.45,345
"DE","60-79",2025-01-30,2025-01-26,0,"quantile",0.475,345
"DE","60-79",2025-01-30,2025-01-26,0,"quantile",0.5,346
"DE","60-79",2025-01-30,2025-01-26,0,"quantile",0.525,346
"DE","60-79",2025-01-30,2025-01-26,0,"quantile",0.55,346
"DE","60-79",2025-01-30,2025-01-26,0,"quantile",0.575,347
"DE","60-79",2025-01-30,2025-01-26,0,"quantile",0.6,347
"DE","60-79",2025-01-30,2025-01-26,0,"quantile",0.625,348
"DE","60-79",2025-01-30,2025-01-26,0,"quantile",0.65,349
"DE","60-79",2025-01-30,2025-01-26,0,"quantile",0.675,349
"DE","60-79",2025-01-30,2025-01-26,0,"quantile",0.7,350
"DE","60-79",2025-01-30,2025-01-26,0,"quantile",0.725,351
"DE","60-79",2025-01-30,2025-01-26,0,"quantile",0.75,352
"DE","60-79",2025-01-30,2025-01-26,0,"quantile",0.775,353
"DE","60-79",2025-01-30,2025-01-26,0,"quantile",0.8,355
"DE","60-79",2025-01-30,2025-01-26,0,"quantile",0.825,356
"DE","60-79",2025-01-30,2025-01-26,0,"quantile",0.85,358
"DE","60-79",2025-01-30,2025-01-26,0,"quantile",0.875,360
"DE","60-79",2025-01-30,2025-01-26,0,"quantile",0.9,363
"DE","60-79",2025-01-30,2025-01-26,0,"quantile",0.925,367
"DE","60-79",2025-01-30,2025-01-26,0,"quantile",0.95,372
"DE","60-79",2025-01-30,2025-01-26,0,"quantile",0.975,382
"DE","60-79",2025-01-30,2025-01-19,-1,"mean",NA,293
"DE","60-79",2025-01-30,2025-01-19,-1,"quantile",0.025,292
"DE","60-79",2025-01-30,2025-01-19,-1,"quantile",0.05,292
"DE","60-79",2025-01-30,2025-01-19,-1,"quantile",0.075,292
"DE","60-79",2025-01-30,2025-01-19,-1,"quantile",0.1,292
"DE","60-79",2025-01-30,2025-01-19,-1,"quantile",0.125,292
"DE","60-79",2025-01-30,2025-01-19,-1,"quantile",0.15,292
"DE","60-79",2025-01-30,2025-01-19,-1,"quantile",0.175,292
"DE","60-79",2025-01-30,2025-01-19,-1,"quantile",0.2,292
"DE","60-79",2025-01-30,2025-01-19,-1,"quantile",0.225,292
"DE","60-79",2025-01-30,2025-01-19,-1,"quantile",0.25,292
"DE","60-79",2025-01-30,2025-01-19,-1,"quantile",0.275,292
"DE","60-79",2025-01-30,2025-01-19,-1,"quantile",0.3,292
"DE","60-79",2025-01-30,2025-01-19,-1,"quantile",0.325,292
"DE","60-79",2025-01-30,2025-01-19,-1,"quantile",0.35,292
"DE","60-79",2025-01-30,2025-01-19,-1,"quantile",0.375,292
"DE","60-79",2025-01-30,2025-01-19,-1,"quantile",0.4,292
"DE","60-79",2025-01-30,2025-01-19,-1,"quantile",0.425,292
"DE","60-79",2025-01-30,2025-01-19,-1,"quantile",0.45,292
"DE","60-79",2025-01-30,2025-01-19,-1,"quantile",0.475,293
"DE","60-79",2025-01-30,2025-01-19,-1,"quantile",0.5,293
"DE","60-79",2025-01-30,2025-01-19,-1,"quantile",0.525,293
"DE","60-79",2025-01-30,2025-01-19,-1,"quantile",0.55,293
"DE","60-79",2025-01-30,2025-01-19,-1,"quantile",0.575,293
"DE","60-79",2025-01-30,2025-01-19,-1,"quantile",0.6,293
"DE","60-79",2025-01-30,2025-01-19,-1,"quantile",0.625,293
"DE","60-79",2025-01-30,2025-01-19,-1,"quantile",0.65,293
"DE","60-79",2025-01-30,2025-01-19,-1,"quantile",0.675,293
"DE","60-79",2025-01-30,2025-01-19,-1,"quantile",0.7,293
"DE","60-79",2025-01-30,2025-01-19,-1,"quantile",0.725,294
"DE","60-79",2025-01-30,2025-01-19,-1,"quantile",0.75,294
"DE","60-79",2025-01-30,2025-01-19,-1,"quantile",0.775,294
"DE","60-79",2025-01-30,2025-01-19,-1,"quantile",0.8,294
"DE","60-79",2025-01-30,2025-01-19,-1,"quantile",0.825,294
"DE","60-79",2025-01-30,2025-01-19,-1,"quantile",0.85,295
"DE","60-79",2025-01-30,2025-01-19,-1,"quantile",0.875,295
"DE","60-79",2025-01-30,2025-01-19,-1,"quantile",0.9,295
"DE","60-79",2025-01-30,2025-01-19,-1,"quantile",0.925,296
"DE","60-79",2025-01-30,2025-01-19,-1,"quantile",0.95,296
"DE","60-79",2025-01-30,2025-01-19,-1,"quantile",0.975,298
"DE","60-79",2025-01-30,2025-01-12,-2,"mean",NA,301
"DE","60-79",2025-01-30,2025-01-12,-2,"quantile",0.025,300
"DE","60-79",2025-01-30,2025-01-12,-2,"quantile",0.05,300
"DE","60-79",2025-01-30,2025-01-12,-2,"quantile",0.075,300
"DE","60-79",2025-01-30,2025-01-12,-2,"quantile",0.1,300
"DE","60-79",2025-01-30,2025-01-12,-2,"quantile",0.125,300
"DE","60-79",2025-01-30,2025-01-12,-2,"quantile",0.15,300
"DE","60-79",2025-01-30,2025-01-12,-2,"quantile",0.175,300
"DE","60-79",2025-01-30,2025-01-12,-2,"quantile",0.2,300
"DE","60-79",2025-01-30,2025-01-12,-2,"quantile",0.225,300
"DE","60-79",2025-01-30,2025-01-12,-2,"quantile",0.25,300
"DE","60-79",2025-01-30,2025-01-12,-2,"quantile",0.275,300
"DE","60-79",2025-01-30,2025-01-12,-2,"quantile",0.3,300
"DE","60-79",2025-01-30,2025-01-12,-2,"quantile",0.325,300
"DE","60-79",2025-01-30,2025-01-12,-2,"quantile",0.35,300
"DE","60-79",2025-01-30,2025-01-12,-2,"quantile",0.375,300
"DE","60-79",2025-01-30,2025-01-12,-2,"quantile",0.4,300
"DE","60-79",2025-01-30,2025-01-12,-2,"quantile",0.425,300
"DE","60-79",2025-01-30,2025-01-12,-2,"quantile",0.45,300
"DE","60-79",2025-01-30,2025-01-12,-2,"quantile",0.475,300
"DE","60-79",2025-01-30,2025-01-12,-2,"quantile",0.5,300
"DE","60-79",2025-01-30,2025-01-12,-2,"quantile",0.525,300
"DE","60-79",2025-01-30,2025-01-12,-2,"quantile",0.55,300
"DE","60-79",2025-01-30,2025-01-12,-2,"quantile",0.575,301
"DE","60-79",2025-01-30,2025-01-12,-2,"quantile",0.6,301
"DE","60-79",2025-01-30,2025-01-12,-2,"quantile",0.625,301
"DE","60-79",2025-01-30,2025-01-12,-2,"quantile",0.65,301
"DE","60-79",2025-01-30,2025-01-12,-2,"quantile",0.675,301
"DE","60-79",2025-01-30,2025-01-12,-2,"quantile",0.7,301
"DE","60-79",2025-01-30,2025-01-12,-2,"quantile",0.725,301
"DE","60-79",2025-01-30,2025-01-12,-2,"quantile",0.75,301
"DE","60-79",2025-01-30,2025-01-12,-2,"quantile",0.775,301
"DE","60-79",2025-01-30,2025-01-12,-2,"quantile",0.8,301
"DE","60-79",2025-01-30,2025-01-12,-2,"quantile",0.825,301
"DE","60-79",2025-01-30,2025-01-12,-2,"quantile",0.85,301
"DE","60-79",2025-01-30,2025-01-12,-2,"quantile",0.875,302
"DE","60-79",2025-01-30,2025-01-12,-2,"quantile",0.9,302
"DE","60-79",2025-01-30,2025-01-12,-2,"quantile",0.925,302
"DE","60-79",2025-01-30,2025-01-12,-2,"quantile",0.95,302
"DE","60-79",2025-01-30,2025-01-12,-2,"quantile",0.975,303
"DE","60-79",2025-01-30,2025-01-05,-3,"mean",NA,157
"DE","60-79",2025-01-30,2025-01-05,-3,"quantile",0.025,157
"DE","60-79",2025-01-30,2025-01-05,-3,"quantile",0.05,157
"DE","60-79",2025-01-30,2025-01-05,-3,"quantile",0.075,157
"DE","60-79",2025-01-30,2025-01-05,-3,"quantile",0.1,157
"DE","60-79",2025-01-30,2025-01-05,-3,"quantile",0.125,157
"DE","60-79",2025-01-30,2025-01-05,-3,"quantile",0.15,157
"DE","60-79",2025-01-30,2025-01-05,-3,"quantile",0.175,157
"DE","60-79",2025-01-30,2025-01-05,-3,"quantile",0.2,157
"DE","60-79",2025-01-30,2025-01-05,-3,"quantile",0.225,157
"DE","60-79",2025-01-30,2025-01-05,-3,"quantile",0.25,157
"DE","60-79",2025-01-30,2025-01-05,-3,"quantile",0.275,157
"DE","60-79",2025-01-30,2025-01-05,-3,"quantile",0.3,157
"DE","60-79",2025-01-30,2025-01-05,-3,"quantile",0.325,157
"DE","60-79",2025-01-30,2025-01-05,-3,"quantile",0.35,157
"DE","60-79",2025-01-30,2025-01-05,-3,"quantile",0.375,157
"DE","60-79",2025-01-30,2025-01-05,-3,"quantile",0.4,157
"DE","60-79",2025-01-30,2025-01-05,-3,"quantile",0.425,157
"DE","60-79",2025-01-30,2025-01-05,-3,"quantile",0.45,157
"DE","60-79",2025-01-30,2025-01-05,-3,"quantile",0.475,157
"DE","60-79",2025-01-30,2025-01-05,-3,"quantile",0.5,157
"DE","60-79",2025-01-30,2025-01-05,-3,"quantile",0.525,157
"DE","60-79",2025-01-30,2025-01-05,-3,"quantile",0.55,157
"DE","60-79",2025-01-30,2025-01-05,-3,"quantile",0.575,157
"DE","60-79",2025-01-30,2025-01-05,-3,"quantile",0.6,157
"DE","60-79",2025-01-30,2025-01-05,-3,"quantile",0.625,157
"DE","60-79",2025-01-30,2025-01-05,-3,"quantile",0.65,157
"DE","60-79",2025-01-30,2025-01-05,-3,"quantile",0.675,157
"DE","60-79",2025-01-30,2025-01-05,-3,"quantile",0.7,157
"DE","60-79",2025-01-30,2025-01-05,-3,"quantile",0.725,157
"DE","60-79",2025-01-30,2025-01-05,-3,"quantile",0.75,157
"DE","60-79",2025-01-30,2025-01-05,-3,"quantile",0.775,157
"DE","60-79",2025-01-30,2025-01-05,-3,"quantile",0.8,157
"DE","60-79",2025-01-30,2025-01-05,-3,"quantile",0.825,157
"DE","60-79",2025-01-30,2025-01-05,-3,"quantile",0.85,157
"DE","60-79",2025-01-30,2025-01-05,-3,"quantile",0.875,157
"DE","60-79",2025-01-30,2025-01-05,-3,"quantile",0.9,158
"DE","60-79",2025-01-30,2025-01-05,-3,"quantile",0.925,158
"DE","60-79",2025-01-30,2025-01-05,-3,"quantile",0.95,158
"DE","60-79",2025-01-30,2025-01-05,-3,"quantile",0.975,158
"DE","80+",2025-01-30,2025-02-02,1,"mean",NA,334
"DE","80+",2025-01-30,2025-02-02,1,"quantile",0.025,184
"DE","80+",2025-01-30,2025-02-02,1,"quantile",0.05,196
"DE","80+",2025-01-30,2025-02-02,1,"quantile",0.075,205
"DE","80+",2025-01-30,2025-02-02,1,"quantile",0.1,212
"DE","80+",2025-01-30,2025-02-02,1,"quantile",0.125,220
"DE","80+",2025-01-30,2025-02-02,1,"quantile",0.15,226
"DE","80+",2025-01-30,2025-02-02,1,"quantile",0.175,233
"DE","80+",2025-01-30,2025-02-02,1,"quantile",0.2,239
"DE","80+",2025-01-30,2025-02-02,1,"quantile",0.225,245
"DE","80+",2025-01-30,2025-02-02,1,"quantile",0.25,251
"DE","80+",2025-01-30,2025-02-02,1,"quantile",0.275,257
"DE","80+",2025-01-30,2025-02-02,1,"quantile",0.3,262
"DE","80+",2025-01-30,2025-02-02,1,"quantile",0.325,268
"DE","80+",2025-01-30,2025-02-02,1,"quantile",0.35,274
"DE","80+",2025-01-30,2025-02-02,1,"quantile",0.375,280
"DE","80+",2025-01-30,2025-02-02,1,"quantile",0.4,286
"DE","80+",2025-01-30,2025-02-02,1,"quantile",0.425,292
"DE","80+",2025-01-30,2025-02-02,1,"quantile",0.45,298
"DE","80+",2025-01-30,2025-02-02,1,"quantile",0.475,304
"DE","80+",2025-01-30,2025-02-02,1,"quantile",0.5,311
"DE","80+",2025-01-30,2025-02-02,1,"quantile",0.525,317
"DE","80+",2025-01-30,2025-02-02,1,"quantile",0.55,324
"DE","80+",2025-01-30,2025-02-02,1,"quantile",0.575,331
"DE","80+",2025-01-30,2025-02-02,1,"quantile",0.6,339
"DE","80+",2025-01-30,2025-02-02,1,"quantile",0.625,346
"DE","80+",2025-01-30,2025-02-02,1,"quantile",0.65,354
"DE","80+",2025-01-30,2025-02-02,1,"quantile",0.675,363
"DE","80+",2025-01-30,2025-02-02,1,"quantile",0.7,372
"DE","80+",2025-01-30,2025-02-02,1,"quantile",0.725,382
"DE","80+",2025-01-30,2025-02-02,1,"quantile",0.75,392
"DE","80+",2025-01-30,2025-02-02,1,"quantile",0.775,403
"DE","80+",2025-01-30,2025-02-02,1,"quantile",0.8,416
"DE","80+",2025-01-30,2025-02-02,1,"quantile",0.825,429
"DE","80+",2025-01-30,2025-02-02,1,"quantile",0.85,445
"DE","80+",2025-01-30,2025-02-02,1,"quantile",0.875,463
"DE","80+",2025-01-30,2025-02-02,1,"quantile",0.9,485
"DE","80+",2025-01-30,2025-02-02,1,"quantile",0.925,512
"DE","80+",2025-01-30,2025-02-02,1,"quantile",0.95,550
"DE","80+",2025-01-30,2025-02-02,1,"quantile",0.975,613
"DE","80+",2025-01-30,2025-01-26,0,"mean",NA,307
"DE","80+",2025-01-30,2025-01-26,0,"quantile",0.025,301
"DE","80+",2025-01-30,2025-01-26,0,"quantile",0.05,301
"DE","80+",2025-01-30,2025-01-26,0,"quantile",0.075,301
"DE","80+",2025-01-30,2025-01-26,0,"quantile",0.1,301
"DE","80+",2025-01-30,2025-01-26,0,"quantile",0.125,301
"DE","80+",2025-01-30,2025-01-26,0,"quantile",0.15,301
"DE","80+",2025-01-30,2025-01-26,0,"quantile",0.175,301
"DE","80+",2025-01-30,2025-01-26,0,"quantile",0.2,301
"DE","80+",2025-01-30,2025-01-26,0,"quantile",0.225,301
"DE","80+",2025-01-30,2025-01-26,0,"quantile",0.25,301
"DE","80+",2025-01-30,2025-01-26,0,"quantile",0.275,301
"DE","80+",2025-01-30,2025-01-26,0,"quantile",0.3,301
"DE","80+",2025-01-30,2025-01-26,0,"quantile",0.325,302
"DE","80+",2025-01-30,2025-01-26,0,"quantile",0.35,302
"DE","80+",2025-01-30,2025-01-26,0,"quantile",0.375,302
"DE","80+",2025-01-30,2025-01-26,0,"quantile",0.4,302
"DE","80+",2025-01-30,2025-01-26,0,"quantile",0.425,302
"DE","80+",2025-01-30,2025-01-26,0,"quantile",0.45,303
"DE","80+",2025-01-30,2025-01-26,0,"quantile",0.475,303
"DE","80+",2025-01-30,2025-01-26,0,"quantile",0.5,303
"DE","80+",2025-01-30,2025-01-26,0,"quantile",0.525,304
"DE","80+",2025-01-30,2025-01-26,0,"quantile",0.55,304
"DE","80+",2025-01-30,2025-01-26,0,"quantile",0.575,304
"DE","80+",2025-01-30,2025-01-26,0,"quantile",0.6,305
"DE","80+",2025-01-30,2025-01-26,0,"quantile",0.625,305
"DE","80+",2025-01-30,2025-01-26,0,"quantile",0.65,306
"DE","80+",2025-01-30,2025-01-26,0,"quantile",0.675,307
"DE","80+",2025-01-30,2025-01-26,0,"quantile",0.7,307
"DE","80+",2025-01-30,2025-01-26,0,"quantile",0.725,308
"DE","80+",2025-01-30,2025-01-26,0,"quantile",0.75,309
"DE","80+",2025-01-30,2025-01-26,0,"quantile",0.775,310
"DE","80+",2025-01-30,2025-01-26,0,"quantile",0.8,311
"DE","80+",2025-01-30,2025-01-26,0,"quantile",0.825,313
"DE","80+",2025-01-30,2025-01-26,0,"quantile",0.85,314
"DE","80+",2025-01-30,2025-01-26,0,"quantile",0.875,316
"DE","80+",2025-01-30,2025-01-26,0,"quantile",0.9,319
"DE","80+",2025-01-30,2025-01-26,0,"quantile",0.925,322
"DE","80+",2025-01-30,2025-01-26,0,"quantile",0.95,327
"DE","80+",2025-01-30,2025-01-26,0,"quantile",0.975,336
"DE","80+",2025-01-30,2025-01-19,-1,"mean",NA,254
"DE","80+",2025-01-30,2025-01-19,-1,"quantile",0.025,253
"DE","80+",2025-01-30,2025-01-19,-1,"quantile",0.05,253
"DE","80+",2025-01-30,2025-01-19,-1,"quantile",0.075,253
"DE","80+",2025-01-30,2025-01-19,-1,"quantile",0.1,253
"DE","80+",2025-01-30,2025-01-19,-1,"quantile",0.125,253
"DE","80+",2025-01-30,2025-01-19,-1,"quantile",0.15,253
"DE","80+",2025-01-30,2025-01-19,-1,"quantile",0.175,253
"DE","80+",2025-01-30,2025-01-19,-1,"quantile",0.2,253
"DE","80+",2025-01-30,2025-01-19,-1,"quantile",0.225,253
"DE","80+",2025-01-30,2025-01-19,-1,"quantile",0.25,253
"DE","80+",2025-01-30,2025-01-19,-1,"quantile",0.275,253
"DE","80+",2025-01-30,2025-01-19,-1,"quantile",0.3,253
"DE","80+",2025-01-30,2025-01-19,-1,"quantile",0.325,253
"DE","80+",2025-01-30,2025-01-19,-1,"quantile",0.35,253
"DE","80+",2025-01-30,2025-01-19,-1,"quantile",0.375,253
"DE","80+",2025-01-30,2025-01-19,-1,"quantile",0.4,253
"DE","80+",2025-01-30,2025-01-19,-1,"quantile",0.425,253
"DE","80+",2025-01-30,2025-01-19,-1,"quantile",0.45,253
"DE","80+",2025-01-30,2025-01-19,-1,"quantile",0.475,253
"DE","80+",2025-01-30,2025-01-19,-1,"quantile",0.5,253
"DE","80+",2025-01-30,2025-01-19,-1,"quantile",0.525,254
"DE","80+",2025-01-30,2025-01-19,-1,"quantile",0.55,254
"DE","80+",2025-01-30,2025-01-19,-1,"quantile",0.575,254
"DE","80+",2025-01-30,2025-01-19,-1,"quantile",0.6,254
"DE","80+",2025-01-30,2025-01-19,-1,"quantile",0.625,254
"DE","80+",2025-01-30,2025-01-19,-1,"quantile",0.65,254
"DE","80+",2025-01-30,2025-01-19,-1,"quantile",0.675,254
"DE","80+",2025-01-30,2025-01-19,-1,"quantile",0.7,254
"DE","80+",2025-01-30,2025-01-19,-1,"quantile",0.725,254
"DE","80+",2025-01-30,2025-01-19,-1,"quantile",0.75,255
"DE","80+",2025-01-30,2025-01-19,-1,"quantile",0.775,255
"DE","80+",2025-01-30,2025-01-19,-1,"quantile",0.8,255
"DE","80+",2025-01-30,2025-01-19,-1,"quantile",0.825,255
"DE","80+",2025-01-30,2025-01-19,-1,"quantile",0.85,255
"DE","80+",2025-01-30,2025-01-19,-1,"quantile",0.875,256
"DE","80+",2025-01-30,2025-01-19,-1,"quantile",0.9,256
"DE","80+",2025-01-30,2025-01-19,-1,"quantile",0.925,256
"DE","80+",2025-01-30,2025-01-19,-1,"quantile",0.95,257
"DE","80+",2025-01-30,2025-01-19,-1,"quantile",0.975,258
"DE","80+",2025-01-30,2025-01-12,-2,"mean",NA,201
"DE","80+",2025-01-30,2025-01-12,-2,"quantile",0.025,201
"DE","80+",2025-01-30,2025-01-12,-2,"quantile",0.05,201
"DE","80+",2025-01-30,2025-01-12,-2,"quantile",0.075,201
"DE","80+",2025-01-30,2025-01-12,-2,"quantile",0.1,201
"DE","80+",2025-01-30,2025-01-12,-2,"quantile",0.125,201
"DE","80+",2025-01-30,2025-01-12,-2,"quantile",0.15,201
"DE","80+",2025-01-30,2025-01-12,-2,"quantile",0.175,201
"DE","80+",2025-01-30,2025-01-12,-2,"quantile",0.2,201
"DE","80+",2025-01-30,2025-01-12,-2,"quantile",0.225,201
"DE","80+",2025-01-30,2025-01-12,-2,"quantile",0.25,201
"DE","80+",2025-01-30,2025-01-12,-2,"quantile",0.275,201
"DE","80+",2025-01-30,2025-01-12,-2,"quantile",0.3,201
"DE","80+",2025-01-30,2025-01-12,-2,"quantile",0.325,201
"DE","80+",2025-01-30,2025-01-12,-2,"quantile",0.35,201
"DE","80+",2025-01-30,2025-01-12,-2,"quantile",0.375,201
"DE","80+",2025-01-30,2025-01-12,-2,"quantile",0.4,201
"DE","80+",2025-01-30,2025-01-12,-2,"quantile",0.425,201
"DE","80+",2025-01-30,2025-01-12,-2,"quantile",0.45,201
"DE","80+",2025-01-30,2025-01-12,-2,"quantile",0.475,201
"DE","80+",2025-01-30,2025-01-12,-2,"quantile",0.5,201
"DE","80+",2025-01-30,2025-01-12,-2,"quantile",0.525,201
"DE","80+",2025-01-30,2025-01-12,-2,"quantile",0.55,201
"DE","80+",2025-01-30,2025-01-12,-2,"quantile",0.575,201
"DE","80+",2025-01-30,2025-01-12,-2,"quantile",0.6,201
"DE","80+",2025-01-30,2025-01-12,-2,"quantile",0.625,201
"DE","80+",2025-01-30,2025-01-12,-2,"quantile",0.65,201
"DE","80+",2025-01-30,2025-01-12,-2,"quantile",0.675,202
"DE","80+",2025-01-30,2025-01-12,-2,"quantile",0.7,202
"DE","80+",2025-01-30,2025-01-12,-2,"quantile",0.725,202
"DE","80+",2025-01-30,2025-01-12,-2,"quantile",0.75,202
"DE","80+",2025-01-30,2025-01-12,-2,"quantile",0.775,202
"DE","80+",2025-01-30,2025-01-12,-2,"quantile",0.8,202
"DE","80+",2025-01-30,2025-01-12,-2,"quantile",0.825,202
"DE","80+",2025-01-30,2025-01-12,-2,"quantile",0.85,202
"DE","80+",2025-01-30,2025-01-12,-2,"quantile",0.875,202
"DE","80+",2025-01-30,2025-01-12,-2,"quantile",0.9,202
"DE","80+",2025-01-30,2025-01-12,-2,"quantile",0.925,202
"DE","80+",2025-01-30,2025-01-12,-2,"quantile",0.95,203
"DE","80+",2025-01-30,2025-01-12,-2,"quantile",0.975,203
"DE","80+",2025-01-30,2025-01-05,-3,"mean",NA,120
"DE","80+",2025-01-30,2025-01-05,-3,"quantile",0.025,120
"DE","80+",2025-01-30,2025-01-05,-3,"quantile",0.05,120
"DE","80+",2025-01-30,2025-01-05,-3,"quantile",0.075,120
"DE","80+",2025-01-30,2025-01-05,-3,"quantile",0.1,120
"DE","80+",2025-01-30,2025-01-05,-3,"quantile",0.125,120
"DE","80+",2025-01-30,2025-01-05,-3,"quantile",0.15,120
"DE","80+",2025-01-30,2025-01-05,-3,"quantile",0.175,120
"DE","80+",2025-01-30,2025-01-05,-3,"quantile",0.2,120
"DE","80+",2025-01-30,2025-01-05,-3,"quantile",0.225,120
"DE","80+",2025-01-30,2025-01-05,-3,"quantile",0.25,120
"DE","80+",2025-01-30,2025-01-05,-3,"quantile",0.275,120
"DE","80+",2025-01-30,2025-01-05,-3,"quantile",0.3,120
"DE","80+",2025-01-30,2025-01-05,-3,"quantile",0.325,120
"DE","80+",2025-01-30,2025-01-05,-3,"quantile",0.35,120
"DE","80+",2025-01-30,2025-01-05,-3,"quantile",0.375,120
"DE","80+",2025-01-30,2025-01-05,-3,"quantile",0.4,120
"DE","80+",2025-01-30,2025-01-05,-3,"quantile",0.425,120
"DE","80+",2025-01-30,2025-01-05,-3,"quantile",0.45,120
"DE","80+",2025-01-30,2025-01-05,-3,"quantile",0.475,120
"DE","80+",2025-01-30,2025-01-05,-3,"quantile",0.5,120
"DE","80+",2025-01-30,2025-01-05,-3,"quantile",0.525,120
"DE","80+",2025-01-30,2025-01-05,-3,"quantile",0.55,120
"DE","80+",2025-01-30,2025-01-05,-3,"quantile",0.575,120
"DE","80+",2025-01-30,2025-01-05,-3,"quantile",0.6,120
"DE","80+",2025-01-30,2025-01-05,-3,"quantile",0.625,120
"DE","80+",2025-01-30,2025-01-05,-3,"quantile",0.65,120
"DE","80+",2025-01-30,2025-01-05,-3,"quantile",0.675,120
"DE","80+",2025-01-30,2025-01-05,-3,"quantile",0.7,120
"DE","80+",2025-01-30,2025-01-05,-3,"quantile",0.725,120
"DE","80+",2025-01-30,2025-01-05,-3,"quantile",0.75,120
"DE","80+",2025-01-30,2025-01-05,-3,"quantile",0.775,120
"DE","80+",2025-01-30,2025-01-05,-3,"quantile",0.8,120
"DE","80+",2025-01-30,2025-01-05,-3,"quantile",0.825,120
"DE","80+",2025-01-30,2025-01-05,-3,"quantile",0.85,120
"DE","80+",2025-01-30,2025-01-05,-3,"quantile",0.875,120
"DE","80+",2025-01-30,2025-01-05,-3,"quantile",0.9,120
"DE","80+",2025-01-30,2025-01-05,-3,"quantile",0.925,121
"DE","80+",2025-01-30,2025-01-05,-3,"quantile",0.95,121
"DE","80+",2025-01-30,2025-01-05,-3,"quantile",0.975,121
"DE","00+",2025-01-30,2025-02-02,1,"mean",NA,2907
"DE","00+",2025-01-30,2025-02-02,1,"quantile",0.025,1613
"DE","00+",2025-01-30,2025-02-02,1,"quantile",0.05,1712
"DE","00+",2025-01-30,2025-02-02,1,"quantile",0.075,1789
"DE","00+",2025-01-30,2025-02-02,1,"quantile",0.1,1857
"DE","00+",2025-01-30,2025-02-02,1,"quantile",0.125,1919
"DE","00+",2025-01-30,2025-02-02,1,"quantile",0.15,1976
"DE","00+",2025-01-30,2025-02-02,1,"quantile",0.175,2032
"DE","00+",2025-01-30,2025-02-02,1,"quantile",0.2,2085
"DE","00+",2025-01-30,2025-02-02,1,"quantile",0.225,2137
"DE","00+",2025-01-30,2025-02-02,1,"quantile",0.25,2188
"DE","00+",2025-01-30,2025-02-02,1,"quantile",0.275,2239
"DE","00+",2025-01-30,2025-02-02,1,"quantile",0.3,2289
"DE","00+",2025-01-30,2025-02-02,1,"quantile",0.325,2339
"DE","00+",2025-01-30,2025-02-02,1,"quantile",0.35,2390
"DE","00+",2025-01-30,2025-02-02,1,"quantile",0.375,2441
"DE","00+",2025-01-30,2025-02-02,1,"quantile",0.4,2492
"DE","00+",2025-01-30,2025-02-02,1,"quantile",0.425,2545
"DE","00+",2025-01-30,2025-02-02,1,"quantile",0.45,2598
"DE","00+",2025-01-30,2025-02-02,1,"quantile",0.475,2652
"DE","00+",2025-01-30,2025-02-02,1,"quantile",0.5,2708
"DE","00+",2025-01-30,2025-02-02,1,"quantile",0.525,2765
"DE","00+",2025-01-30,2025-02-02,1,"quantile",0.55,2824
"DE","00+",2025-01-30,2025-02-02,1,"quantile",0.575,2885
"DE","00+",2025-01-30,2025-02-02,1,"quantile",0.6,2949
"DE","00+",2025-01-30,2025-02-02,1,"quantile",0.625,3016
"DE","00+",2025-01-30,2025-02-02,1,"quantile",0.65,3086
"DE","00+",2025-01-30,2025-02-02,1,"quantile",0.675,3159
"DE","00+",2025-01-30,2025-02-02,1,"quantile",0.7,3237
"DE","00+",2025-01-30,2025-02-02,1,"quantile",0.725,3321
"DE","00+",2025-01-30,2025-02-02,1,"quantile",0.75,3411
"DE","00+",2025-01-30,2025-02-02,1,"quantile",0.775,3508
"DE","00+",2025-01-30,2025-02-02,1,"quantile",0.8,3615
"DE","00+",2025-01-30,2025-02-02,1,"quantile",0.825,3735
"DE","00+",2025-01-30,2025-02-02,1,"quantile",0.85,3870
"DE","00+",2025-01-30,2025-02-02,1,"quantile",0.875,4027
"DE","00+",2025-01-30,2025-02-02,1,"quantile",0.9,4216
"DE","00+",2025-01-30,2025-02-02,1,"quantile",0.925,4454
"DE","00+",2025-01-30,2025-02-02,1,"quantile",0.95,4781
"DE","00+",2025-01-30,2025-02-02,1,"quantile",0.975,5324
"DE","00+",2025-01-30,2025-01-26,0,"mean",NA,3099
"DE","00+",2025-01-30,2025-01-26,0,"quantile",0.025,3037
"DE","00+",2025-01-30,2025-01-26,0,"quantile",0.05,3037
"DE","00+",2025-01-30,2025-01-26,0,"quantile",0.075,3037
"DE","00+",2025-01-30,2025-01-26,0,"quantile",0.1,3037
"DE","00+",2025-01-30,2025-01-26,0,"quantile",0.125,3038
"DE","00+",2025-01-30,2025-01-26,0,"quantile",0.15,3038
"DE","00+",2025-01-30,2025-01-26,0,"quantile",0.175,3039
"DE","00+",2025-01-30,2025-01-26,0,"quantile",0.2,3039
"DE","00+",2025-01-30,2025-01-26,0,"quantile",0.225,3040
"DE","00+",2025-01-30,2025-01-26,0,"quantile",0.25,3041
"DE","00+",2025-01-30,2025-01-26,0,"quantile",0.275,3042
"DE","00+",2025-01-30,2025-01-26,0,"quantile",0.3,3043
"DE","00+",2025-01-30,2025-01-26,0,"quantile",0.325,3045
"DE","00+",2025-01-30,2025-01-26,0,"quantile",0.35,3046
"DE","00+",2025-01-30,2025-01-26,0,"quantile",0.375,3048
"DE","00+",2025-01-30,2025-01-26,0,"quantile",0.4,3050
"DE","00+",2025-01-30,2025-01-26,0,"quantile",0.425,3052
"DE","00+",2025-01-30,2025-01-26,0,"quantile",0.45,3055
"DE","00+",2025-01-30,2025-01-26,0,"quantile",0.475,3058
"DE","00+",2025-01-30,2025-01-26,0,"quantile",0.5,3061
"DE","00+",2025-01-30,2025-01-26,0,"quantile",0.525,3064
"DE","00+",2025-01-30,2025-01-26,0,"quantile",0.55,3068
"DE","00+",2025-01-30,2025-01-26,0,"quantile",0.575,3072
"DE","00+",2025-01-30,2025-01-26,0,"quantile",0.6,3077
"DE","00+",2025-01-30,2025-01-26,0,"quantile",0.625,3082
"DE","00+",2025-01-30,2025-01-26,0,"quantile",0.65,3087
"DE","00+",2025-01-30,2025-01-26,0,"quantile",0.675,3093
"DE","00+",2025-01-30,2025-01-26,0,"quantile",0.7,3100
"DE","00+",2025-01-30,2025-01-26,0,"quantile",0.725,3108
"DE","00+",2025-01-30,2025-01-26,0,"quantile",0.75,3117
"DE","00+",2025-01-30,2025-01-26,0,"quantile",0.775,3127
"DE","00+",2025-01-30,2025-01-26,0,"quantile",0.8,3138
"DE","00+",2025-01-30,2025-01-26,0,"quantile",0.825,3152
"DE","00+",2025-01-30,2025-01-26,0,"quantile",0.85,3168
"DE","00+",2025-01-30,2025-01-26,0,"quantile",0.875,3188
"DE","00+",2025-01-30,2025-01-26,0,"quantile",0.9,3212
"DE","00+",2025-01-30,2025-01-26,0,"quantile",0.925,3245
"DE","00+",2025-01-30,2025-01-26,0,"quantile",0.95,3293
"DE","00+",2025-01-30,2025-01-26,0,"quantile",0.975,3378
"DE","00+",2025-01-30,2025-01-19,-1,"mean",NA,1874
"DE","00+",2025-01-30,2025-01-19,-1,"quantile",0.025,1867
"DE","00+",2025-01-30,2025-01-19,-1,"quantile",0.05,1867
"DE","00+",2025-01-30,2025-01-19,-1,"quantile",0.075,1867
"DE","00+",2025-01-30,2025-01-19,-1,"quantile",0.1,1867
"DE","00+",2025-01-30,2025-01-19,-1,"quantile",0.125,1867
"DE","00+",2025-01-30,2025-01-19,-1,"quantile",0.15,1868
"DE","00+",2025-01-30,2025-01-19,-1,"quantile",0.175,1868
"DE","00+",2025-01-30,2025-01-19,-1,"quantile",0.2,1868
"DE","00+",2025-01-30,2025-01-19,-1,"quantile",0.225,1868
"DE","00+",2025-01-30,2025-01-19,-1,"quantile",0.25,1869
"DE","00+",2025-01-30,2025-01-19,-1,"quantile",0.275,1869
"DE","00+",2025-01-30,2025-01-19,-1,"quantile",0.3,1869
"DE","00+",2025-01-30,2025-01-19,-1,"quantile",0.325,1869
"DE","00+",2025-01-30,2025-01-19,-1,"quantile",0.35,1870
"DE","00+",2025-01-30,2025-01-19,-1,"quantile",0.375,1870
"DE","00+",2025-01-30,2025-01-19,-1,"quantile",0.4,1870
"DE","00+",2025-01-30,2025-01-19,-1,"quantile",0.425,1871
"DE","00+",2025-01-30,2025-01-19,-1,"quantile",0.45,1871
"DE","00+",2025-01-30,2025-01-19,-1,"quantile",0.475,1871
"DE","00+",2025-01-30,2025-01-19,-1,"quantile",0.5,1872
"DE","00+",2025-01-30,2025-01-19,-1,"quantile",0.525,1872
"DE","00+",2025-01-30,2025-01-19,-1,"quantile",0.55,1873
"DE","00+",2025-01-30,2025-01-19,-1,"quantile",0.575,1873
"DE","00+",2025-01-30,2025-01-19,-1,"quantile",0.6,1874
"DE","00+",2025-01-30,2025-01-19,-1,"quantile",0.625,1874
"DE","00+",2025-01-30,2025-01-19,-1,"quantile",0.65,1875
"DE","00+",2025-01-30,2025-01-19,-1,"quantile",0.675,1875
"DE","00+",2025-01-30,2025-01-19,-1,"quantile",0.7,1876
"DE","00+",2025-01-30,2025-01-19,-1,"quantile",0.725,1877
"DE","00+",2025-01-30,2025-01-19,-1,"quantile",0.75,1878
"DE","00+",2025-01-30,2025-01-19,-1,"quantile",0.775,1878
"DE","00+",2025-01-30,2025-01-19,-1,"quantile",0.8,1879
"DE","00+",2025-01-30,2025-01-19,-1,"quantile",0.825,1881
"DE","00+",2025-01-30,2025-01-19,-1,"quantile",0.85,1882
"DE","00+",2025-01-30,2025-01-19,-1,"quantile",0.875,1883
"DE","00+",2025-01-30,2025-01-19,-1,"quantile",0.9,1885
"DE","00+",2025-01-30,2025-01-19,-1,"quantile",0.925,1888
"DE","00+",2025-01-30,2025-01-19,-1,"quantile",0.95,1891
"DE","00+",2025-01-30,2025-01-19,-1,"quantile",0.975,1897
"DE","00+",2025-01-30,2025-01-12,-2,"mean",NA,1496
"DE","00+",2025-01-30,2025-01-12,-2,"quantile",0.025,1493
"DE","00+",2025-01-30,2025-01-12,-2,"quantile",0.05,1493
"DE","00+",2025-01-30,2025-01-12,-2,"quantile",0.075,1493
"DE","00+",2025-01-30,2025-01-12,-2,"quantile",0.1,1494
"DE","00+",2025-01-30,2025-01-12,-2,"quantile",0.125,1494
"DE","00+",2025-01-30,2025-01-12,-2,"quantile",0.15,1494
"DE","00+",2025-01-30,2025-01-12,-2,"quantile",0.175,1494
"DE","00+",2025-01-30,2025-01-12,-2,"quantile",0.2,1494
"DE","00+",2025-01-30,2025-01-12,-2,"quantile",0.225,1494
"DE","00+",2025-01-30,2025-01-12,-2,"quantile",0.25,1494
"DE","00+",2025-01-30,2025-01-12,-2,"quantile",0.275,1495
"DE","00+",2025-01-30,2025-01-12,-2,"quantile",0.3,1495
"DE","00+",2025-01-30,2025-01-12,-2,"quantile",0.325,1495
"DE","00+",2025-01-30,2025-01-12,-2,"quantile",0.35,1495
"DE","00+",2025-01-30,2025-01-12,-2,"quantile",0.375,1495
"DE","00+",2025-01-30,2025-01-12,-2,"quantile",0.4,1495
"DE","00+",2025-01-30,2025-01-12,-2,"quantile",0.425,1495
"DE","00+",2025-01-30,2025-01-12,-2,"quantile",0.45,1495
"DE","00+",2025-01-30,2025-01-12,-2,"quantile",0.475,1496
"DE","00+",2025-01-30,2025-01-12,-2,"quantile",0.5,1496
"DE","00+",2025-01-30,2025-01-12,-2,"quantile",0.525,1496
"DE","00+",2025-01-30,2025-01-12,-2,"quantile",0.55,1496
"DE","00+",2025-01-30,2025-01-12,-2,"quantile",0.575,1496
"DE","00+",2025-01-30,2025-01-12,-2,"quantile",0.6,1496
"DE","00+",2025-01-30,2025-01-12,-2,"quantile",0.625,1496
"DE","00+",2025-01-30,2025-01-12,-2,"quantile",0.65,1497
"DE","00+",2025-01-30,2025-01-12,-2,"quantile",0.675,1497
"DE","00+",2025-01-30,2025-01-12,-2,"quantile",0.7,1497
"DE","00+",2025-01-30,2025-01-12,-2,"quantile",0.725,1497
"DE","00+",2025-01-30,2025-01-12,-2,"quantile",0.75,1497
"DE","00+",2025-01-30,2025-01-12,-2,"quantile",0.775,1498
"DE","00+",2025-01-30,2025-01-12,-2,"quantile",0.8,1498
"DE","00+",2025-01-30,2025-01-12,-2,"quantile",0.825,1498
"DE","00+",2025-01-30,2025-01-12,-2,"quantile",0.85,1498
"DE","00+",2025-01-30,2025-01-12,-2,"quantile",0.875,1499
"DE","00+",2025-01-30,2025-01-12,-2,"quantile",0.9,1499
"DE","00+",2025-01-30,2025-01-12,-2,"quantile",0.925,1500
"DE","00+",2025-01-30,2025-01-12,-2,"quantile",0.95,1500
"DE","00+",2025-01-30,2025-01-12,-2,"quantile",0.975,1501
"DE","00+",2025-01-30,2025-01-05,-3,"mean",NA,1014
"DE","00+",2025-01-30,2025-01-05,-3,"quantile",0.025,1013
"DE","00+",2025-01-30,2025-01-05,-3,"quantile",0.05,1013
"DE","00+",2025-01-30,2025-01-05,-3,"quantile",0.075,1013
"DE","00+",2025-01-30,2025-01-05,-3,"quantile",0.1,1013
"DE","00+",2025-01-30,2025-01-05,-3,"quantile",0.125,1013
"DE","00+",2025-01-30,2025-01-05,-3,"quantile",0.15,1013
"DE","00+",2025-01-30,2025-01-05,-3,"quantile",0.175,1013
"DE","00+",2025-01-30,2025-01-05,-3,"quantile",0.2,1013
"DE","00+",2025-01-30,2025-01-05,-3,"quantile",0.225,1013
"DE","00+",2025-01-30,2025-01-05,-3,"quantile",0.25,1013
"DE","00+",2025-01-30,2025-01-05,-3,"quantile",0.275,1013
"DE","00+",2025-01-30,2025-01-05,-3,"quantile",0.3,1013
"DE","00+",2025-01-30,2025-01-05,-3,"quantile",0.325,1013
"DE","00+",2025-01-30,2025-01-05,-3,"quantile",0.35,1013
"DE","00+",2025-01-30,2025-01-05,-3,"quantile",0.375,1013
"DE","00+",2025-01-30,2025-01-05,-3,"quantile",0.4,1013
"DE","00+",2025-01-30,2025-01-05,-3,"quantile",0.425,1013
"DE","00+",2025-01-30,2025-01-05,-3,"quantile",0.45,1013
"DE","00+",2025-01-30,2025-01-05,-3,"quantile",0.475,1013
"DE","00+",2025-01-30,2025-01-05,-3,"quantile",0.5,1013
"DE","00+",2025-01-30,2025-01-05,-3,"quantile",0.525,1013
"DE","00+",2025-01-30,2025-01-05,-3,"quantile",0.55,1013
"DE","00+",2025-01-30,2025-01-05,-3,"quantile",0.575,1014
"DE","00+",2025-01-30,2025-01-05,-3,"quantile",0.6,1014
"DE","00+",2025-01-30,2025-01-05,-3,"quantile",0.625,1014
"DE","00+",2025-01-30,2025-01-05,-3,"quantile",0.65,1014
"DE","00+",2025-01-30,2025-01-05,-3,"quantile",0.675,1014
"DE","00+",2025-01-30,2025-01-05,-3,"quantile",0.7,1014
"DE","00+",2025-01-30,2025-01-05,-3,"quantile",0.725,1014
"DE","00+",2025-01-30,2025-01-05,-3,"quantile",0.75,1014
"DE","00+",2025-01-30,2025-01-05,-3,"quantile",0.775,1014
"DE","00+",2025-01-30,2025-01-05,-3,"quantile",0.8,1015
"DE","00+",2025-01-30,2025-01-05,-3,"quantile",0.825,1015
"DE","00+",2025-01-30,2025-01-05,-3,"quantile",0.85,1015
"DE","00+",2025-01-30,2025-01-05,-3,"quantile",0.875,1015
"DE","00+",2025-01-30,2025-01-05,-3,"quantile",0.9,1015
"DE","00+",2025-01-30,2025-01-05,-3,"quantile",0.925,1016
"DE","00+",2025-01-30,2025-01-05,-3,"quantile",0.95,1016
"DE","00+",2025-01-30,2025-01-05,-3,"quantile",0.975,1017
"DE-BB-BE","00+",2025-01-30,2025-02-02,1,"mean",NA,286
"DE-BB-BE","00+",2025-01-30,2025-02-02,1,"quantile",0.025,158
"DE-BB-BE","00+",2025-01-30,2025-02-02,1,"quantile",0.05,168
"DE-BB-BE","00+",2025-01-30,2025-02-02,1,"quantile",0.075,175
"DE-BB-BE","00+",2025-01-30,2025-02-02,1,"quantile",0.1,182
"DE-BB-BE","00+",2025-01-30,2025-02-02,1,"quantile",0.125,188
"DE-BB-BE","00+",2025-01-30,2025-02-02,1,"quantile",0.15,194
"DE-BB-BE","00+",2025-01-30,2025-02-02,1,"quantile",0.175,200
"DE-BB-BE","00+",2025-01-30,2025-02-02,1,"quantile",0.2,205
"DE-BB-BE","00+",2025-01-30,2025-02-02,1,"quantile",0.225,210
"DE-BB-BE","00+",2025-01-30,2025-02-02,1,"quantile",0.25,215
"DE-BB-BE","00+",2025-01-30,2025-02-02,1,"quantile",0.275,220
"DE-BB-BE","00+",2025-01-30,2025-02-02,1,"quantile",0.3,225
"DE-BB-BE","00+",2025-01-30,2025-02-02,1,"quantile",0.325,230
"DE-BB-BE","00+",2025-01-30,2025-02-02,1,"quantile",0.35,235
"DE-BB-BE","00+",2025-01-30,2025-02-02,1,"quantile",0.375,240
"DE-BB-BE","00+",2025-01-30,2025-02-02,1,"quantile",0.4,245
"DE-BB-BE","00+",2025-01-30,2025-02-02,1,"quantile",0.425,250
"DE-BB-BE","00+",2025-01-30,2025-02-02,1,"quantile",0.45,256
"DE-BB-BE","00+",2025-01-30,2025-02-02,1,"quantile",0.475,261
"DE-BB-BE","00+",2025-01-30,2025-02-02,1,"quantile",0.5,267
"DE-BB-BE","00+",2025-01-30,2025-02-02,1,"quantile",0.525,272
"DE-BB-BE","00+",2025-01-30,2025-02-02,1,"quantile",0.55,278
"DE-BB-BE","00+",2025-01-30,2025-02-02,1,"quantile",0.575,284
"DE-BB-BE","00+",2025-01-30,2025-02-02,1,"quantile",0.6,291
"DE-BB-BE","00+",2025-01-30,2025-02-02,1,"quantile",0.625,297
"DE-BB-BE","00+",2025-01-30,2025-02-02,1,"quantile",0.65,304
"DE-BB-BE","00+",2025-01-30,2025-02-02,1,"quantile",0.675,311
"DE-BB-BE","00+",2025-01-30,2025-02-02,1,"quantile",0.7,319
"DE-BB-BE","00+",2025-01-30,2025-02-02,1,"quantile",0.725,327
"DE-BB-BE","00+",2025-01-30,2025-02-02,1,"quantile",0.75,336
"DE-BB-BE","00+",2025-01-30,2025-02-02,1,"quantile",0.775,346
"DE-BB-BE","00+",2025-01-30,2025-02-02,1,"quantile",0.8,357
"DE-BB-BE","00+",2025-01-30,2025-02-02,1,"quantile",0.825,369
"DE-BB-BE","00+",2025-01-30,2025-02-02,1,"quantile",0.85,382
"DE-BB-BE","00+",2025-01-30,2025-02-02,1,"quantile",0.875,398
"DE-BB-BE","00+",2025-01-30,2025-02-02,1,"quantile",0.9,416
"DE-BB-BE","00+",2025-01-30,2025-02-02,1,"quantile",0.925,440
"DE-BB-BE","00+",2025-01-30,2025-02-02,1,"quantile",0.95,472
"DE-BB-BE","00+",2025-01-30,2025-02-02,1,"quantile",0.975,526
"DE-BB-BE","00+",2025-01-30,2025-01-26,0,"mean",NA,287
"DE-BB-BE","00+",2025-01-30,2025-01-26,0,"quantile",0.025,281
"DE-BB-BE","00+",2025-01-30,2025-01-26,0,"quantile",0.05,281
"DE-BB-BE","00+",2025-01-30,2025-01-26,0,"quantile",0.075,281
"DE-BB-BE","00+",2025-01-30,2025-01-26,0,"quantile",0.1,281
"DE-BB-BE","00+",2025-01-30,2025-01-26,0,"quantile",0.125,281
"DE-BB-BE","00+",2025-01-30,2025-01-26,0,"quantile",0.15,281
"DE-BB-BE","00+",2025-01-30,2025-01-26,0,"quantile",0.175,281
"DE-BB-BE","00+",2025-01-30,2025-01-26,0,"quantile",0.2,281
"DE-BB-BE","00+",2025-01-30,2025-01-26,0,"quantile",0.225,281
"DE-BB-BE","00+",2025-01-30,2025-01-26,0,"quantile",0.25,281
"DE-BB-BE","00+",2025-01-30,2025-01-26,0,"quantile",0.275,281
"DE-BB-BE","00+",2025-01-30,2025-01-26,0,"quantile",0.3,281
"DE-BB-BE","00+",2025-01-30,2025-01-26,0,"quantile",0.325,282
"DE-BB-BE","00+",2025-01-30,2025-01-26,0,"quantile",0.35,282
"DE-BB-BE","00+",2025-01-30,2025-01-26,0,"quantile",0.375,282
"DE-BB-BE","00+",2025-01-30,2025-01-26,0,"quantile",0.4,282
"DE-BB-BE","00+",2025-01-30,2025-01-26,0,"quantile",0.425,282
"DE-BB-BE","00+",2025-01-30,2025-01-26,0,"quantile",0.45,283
"DE-BB-BE","00+",2025-01-30,2025-01-26,0,"quantile",0.475,283
"DE-BB-BE","00+",2025-01-30,2025-01-26,0,"quantile",0.5,283
"DE-BB-BE","00+",2025-01-30,2025-01-26,0,"quantile",0.525,283
"DE-BB-BE","00+",2025-01-30,2025-01-26,0,"quantile",0.55,284
"DE-BB-BE","00+",2025-01-30,2025-01-26,0,"quantile",0.575,284
"DE-BB-BE","00+",2025-01-30,2025-01-26,0,"quantile",0.6,285
"DE-BB-BE","00+",2025-01-30,2025-01-26,0,"quantile",0.625,285
"DE-BB-BE","00+",2025-01-30,2025-01-26,0,"quantile",0.65,286
"DE-BB-BE","00+",2025-01-30,2025-01-26,0,"quantile",0.675,286
"DE-BB-BE","00+",2025-01-30,2025-01-26,0,"quantile",0.7,287
"DE-BB-BE","00+",2025-01-30,2025-01-26,0,"quantile",0.725,288
"DE-BB-BE","00+",2025-01-30,2025-01-26,0,"quantile",0.75,288
"DE-BB-BE","00+",2025-01-30,2025-01-26,0,"quantile",0.775,289
"DE-BB-BE","00+",2025-01-30,2025-01-26,0,"quantile",0.8,290
"DE-BB-BE","00+",2025-01-30,2025-01-26,0,"quantile",0.825,292
"DE-BB-BE","00+",2025-01-30,2025-01-26,0,"quantile",0.85,293
"DE-BB-BE","00+",2025-01-30,2025-01-26,0,"quantile",0.875,295
"DE-BB-BE","00+",2025-01-30,2025-01-26,0,"quantile",0.9,298
"DE-BB-BE","00+",2025-01-30,2025-01-26,0,"quantile",0.925,301
"DE-BB-BE","00+",2025-01-30,2025-01-26,0,"quantile",0.95,305
"DE-BB-BE","00+",2025-01-30,2025-01-26,0,"quantile",0.975,313
"DE-BB-BE","00+",2025-01-30,2025-01-19,-1,"mean",NA,153
"DE-BB-BE","00+",2025-01-30,2025-01-19,-1,"quantile",0.025,152
"DE-BB-BE","00+",2025-01-30,2025-01-19,-1,"quantile",0.05,152
"DE-BB-BE","00+",2025-01-30,2025-01-19,-1,"quantile",0.075,152
"DE-BB-BE","00+",2025-01-30,2025-01-19,-1,"quantile",0.1,152
"DE-BB-BE","00+",2025-01-30,2025-01-19,-1,"quantile",0.125,152
"DE-BB-BE","00+",2025-01-30,2025-01-19,-1,"quantile",0.15,152
"DE-BB-BE","00+",2025-01-30,2025-01-19,-1,"quantile",0.175,152
"DE-BB-BE","00+",2025-01-30,2025-01-19,-1,"quantile",0.2,152
"DE-BB-BE","00+",2025-01-30,2025-01-19,-1,"quantile",0.225,152
"DE-BB-BE","00+",2025-01-30,2025-01-19,-1,"quantile",0.25,152
"DE-BB-BE","00+",2025-01-30,2025-01-19,-1,"quantile",0.275,152
"DE-BB-BE","00+",2025-01-30,2025-01-19,-1,"quantile",0.3,152
"DE-BB-BE","00+",2025-01-30,2025-01-19,-1,"quantile",0.325,152
"DE-BB-BE","00+",2025-01-30,2025-01-19,-1,"quantile",0.35,152
"DE-BB-BE","00+",2025-01-30,2025-01-19,-1,"quantile",0.375,152
"DE-BB-BE","00+",2025-01-30,2025-01-19,-1,"quantile",0.4,152
"DE-BB-BE","00+",2025-01-30,2025-01-19,-1,"quantile",0.425,152
"DE-BB-BE","00+",2025-01-30,2025-01-19,-1,"quantile",0.45,152
"DE-BB-BE","00+",2025-01-30,2025-01-19,-1,"quantile",0.475,152
"DE-BB-BE","00+",2025-01-30,2025-01-19,-1,"quantile",0.5,152
"DE-BB-BE","00+",2025-01-30,2025-01-19,-1,"quantile",0.525,152
"DE-BB-BE","00+",2025-01-30,2025-01-19,-1,"quantile",0.55,152
"DE-BB-BE","00+",2025-01-30,2025-01-19,-1,"quantile",0.575,152
"DE-BB-BE","00+",2025-01-30,2025-01-19,-1,"quantile",0.6,152
"DE-BB-BE","00+",2025-01-30,2025-01-19,-1,"quantile",0.625,152
"DE-BB-BE","00+",2025-01-30,2025-01-19,-1,"quantile",0.65,153
"DE-BB-BE","00+",2025-01-30,2025-01-19,-1,"quantile",0.675,153
"DE-BB-BE","00+",2025-01-30,2025-01-19,-1,"quantile",0.7,153
"DE-BB-BE","00+",2025-01-30,2025-01-19,-1,"quantile",0.725,153
"DE-BB-BE","00+",2025-01-30,2025-01-19,-1,"quantile",0.75,153
"DE-BB-BE","00+",2025-01-30,2025-01-19,-1,"quantile",0.775,153
"DE-BB-BE","00+",2025-01-30,2025-01-19,-1,"quantile",0.8,153
"DE-BB-BE","00+",2025-01-30,2025-01-19,-1,"quantile",0.825,153
"DE-BB-BE","00+",2025-01-30,2025-01-19,-1,"quantile",0.85,153
"DE-BB-BE","00+",2025-01-30,2025-01-19,-1,"quantile",0.875,154
"DE-BB-BE","00+",2025-01-30,2025-01-19,-1,"quantile",0.9,154
"DE-BB-BE","00+",2025-01-30,2025-01-19,-1,"quantile",0.925,154
"DE-BB-BE","00+",2025-01-30,2025-01-19,-1,"quantile",0.95,155
"DE-BB-BE","00+",2025-01-30,2025-01-19,-1,"quantile",0.975,155
"DE-BB-BE","00+",2025-01-30,2025-01-12,-2,"mean",NA,123
"DE-BB-BE","00+",2025-01-30,2025-01-12,-2,"quantile",0.025,123
"DE-BB-BE","00+",2025-01-30,2025-01-12,-2,"quantile",0.05,123
"DE-BB-BE","00+",2025-01-30,2025-01-12,-2,"quantile",0.075,123
"DE-BB-BE","00+",2025-01-30,2025-01-12,-2,"quantile",0.1,123
"DE-BB-BE","00+",2025-01-30,2025-01-12,-2,"quantile",0.125,123
"DE-BB-BE","00+",2025-01-30,2025-01-12,-2,"quantile",0.15,123
"DE-BB-BE","00+",2025-01-30,2025-01-12,-2,"quantile",0.175,123
"DE-BB-BE","00+",2025-01-30,2025-01-12,-2,"quantile",0.2,123
"DE-BB-BE","00+",2025-01-30,2025-01-12,-2,"quantile",0.225,123
"DE-BB-BE","00+",2025-01-30,2025-01-12,-2,"quantile",0.25,123
"DE-BB-BE","00+",2025-01-30,2025-01-12,-2,"quantile",0.275,123
"DE-BB-BE","00+",2025-01-30,2025-01-12,-2,"quantile",0.3,123
"DE-BB-BE","00+",2025-01-30,2025-01-12,-2,"quantile",0.325,123
"DE-BB-BE","00+",2025-01-30,2025-01-12,-2,"quantile",0.35,123
"DE-BB-BE","00+",2025-01-30,2025-01-12,-2,"quantile",0.375,123
"DE-BB-BE","00+",2025-01-30,2025-01-12,-2,"quantile",0.4,123
"DE-BB-BE","00+",2025-01-30,2025-01-12,-2,"quantile",0.425,123
"DE-BB-BE","00+",2025-01-30,2025-01-12,-2,"quantile",0.45,123
"DE-BB-BE","00+",2025-01-30,2025-01-12,-2,"quantile",0.475,123
"DE-BB-BE","00+",2025-01-30,2025-01-12,-2,"quantile",0.5,123
"DE-BB-BE","00+",2025-01-30,2025-01-12,-2,"quantile",0.525,123
"DE-BB-BE","00+",2025-01-30,2025-01-12,-2,"quantile",0.55,123
"DE-BB-BE","00+",2025-01-30,2025-01-12,-2,"quantile",0.575,123
"DE-BB-BE","00+",2025-01-30,2025-01-12,-2,"quantile",0.6,123
"DE-BB-BE","00+",2025-01-30,2025-01-12,-2,"quantile",0.625,123
"DE-BB-BE","00+",2025-01-30,2025-01-12,-2,"quantile",0.65,123
"DE-BB-BE","00+",2025-01-30,2025-01-12,-2,"quantile",0.675,123
"DE-BB-BE","00+",2025-01-30,2025-01-12,-2,"quantile",0.7,123
"DE-BB-BE","00+",2025-01-30,2025-01-12,-2,"quantile",0.725,123
"DE-BB-BE","00+",2025-01-30,2025-01-12,-2,"quantile",0.75,123
"DE-BB-BE","00+",2025-01-30,2025-01-12,-2,"quantile",0.775,123
"DE-BB-BE","00+",2025-01-30,2025-01-12,-2,"quantile",0.8,124
"DE-BB-BE","00+",2025-01-30,2025-01-12,-2,"quantile",0.825,124
"DE-BB-BE","00+",2025-01-30,2025-01-12,-2,"quantile",0.85,124
"DE-BB-BE","00+",2025-01-30,2025-01-12,-2,"quantile",0.875,124
"DE-BB-BE","00+",2025-01-30,2025-01-12,-2,"quantile",0.9,124
"DE-BB-BE","00+",2025-01-30,2025-01-12,-2,"quantile",0.925,124
"DE-BB-BE","00+",2025-01-30,2025-01-12,-2,"quantile",0.95,124
"DE-BB-BE","00+",2025-01-30,2025-01-12,-2,"quantile",0.975,125
"DE-BB-BE","00+",2025-01-30,2025-01-05,-3,"mean",NA,59
"DE-BB-BE","00+",2025-01-30,2025-01-05,-3,"quantile",0.025,59
"DE-BB-BE","00+",2025-01-30,2025-01-05,-3,"quantile",0.05,59
"DE-BB-BE","00+",2025-01-30,2025-01-05,-3,"quantile",0.075,59
"DE-BB-BE","00+",2025-01-30,2025-01-05,-3,"quantile",0.1,59
"DE-BB-BE","00+",2025-01-30,2025-01-05,-3,"quantile",0.125,59
"DE-BB-BE","00+",2025-01-30,2025-01-05,-3,"quantile",0.15,59
"DE-BB-BE","00+",2025-01-30,2025-01-05,-3,"quantile",0.175,59
"DE-BB-BE","00+",2025-01-30,2025-01-05,-3,"quantile",0.2,59
"DE-BB-BE","00+",2025-01-30,2025-01-05,-3,"quantile",0.225,59
"DE-BB-BE","00+",2025-01-30,2025-01-05,-3,"quantile",0.25,59
"DE-BB-BE","00+",2025-01-30,2025-01-05,-3,"quantile",0.275,59
"DE-BB-BE","00+",2025-01-30,2025-01-05,-3,"quantile",0.3,59
"DE-BB-BE","00+",2025-01-30,2025-01-05,-3,"quantile",0.325,59
"DE-BB-BE","00+",2025-01-30,2025-01-05,-3,"quantile",0.35,59
"DE-BB-BE","00+",2025-01-30,2025-01-05,-3,"quantile",0.375,59
"DE-BB-BE","00+",2025-01-30,2025-01-05,-3,"quantile",0.4,59
"DE-BB-BE","00+",2025-01-30,2025-01-05,-3,"quantile",0.425,59
"DE-BB-BE","00+",2025-01-30,2025-01-05,-3,"quantile",0.45,59
"DE-BB-BE","00+",2025-01-30,2025-01-05,-3,"quantile",0.475,59
"DE-BB-BE","00+",2025-01-30,2025-01-05,-3,"quantile",0.5,59
"DE-BB-BE","00+",2025-01-30,2025-01-05,-3,"quantile",0.525,59
"DE-BB-BE","00+",2025-01-30,2025-01-05,-3,"quantile",0.55,59
"DE-BB-BE","00+",2025-01-30,2025-01-05,-3,"quantile",0.575,59
"DE-BB-BE","00+",2025-01-30,2025-01-05,-3,"quantile",0.6,59
"DE-BB-BE","00+",2025-01-30,2025-01-05,-3,"quantile",0.625,59
"DE-BB-BE","00+",2025-01-30,2025-01-05,-3,"quantile",0.65,59
"DE-BB-BE","00+",2025-01-30,2025-01-05,-3,"quantile",0.675,59
"DE-BB-BE","00+",2025-01-30,2025-01-05,-3,"quantile",0.7,59
"DE-BB-BE","00+",2025-01-30,2025-01-05,-3,"quantile",0.725,59
"DE-BB-BE","00+",2025-01-30,2025-01-05,-3,"quantile",0.75,59
"DE-BB-BE","00+",2025-01-30,2025-01-05,-3,"quantile",0.775,59
"DE-BB-BE","00+",2025-01-30,2025-01-05,-3,"quantile",0.8,59
"DE-BB-BE","00+",2025-01-30,2025-01-05,-3,"quantile",0.825,59
"DE-BB-BE","00+",2025-01-30,2025-01-05,-3,"quantile",0.85,59
"DE-BB-BE","00+",2025-01-30,2025-01-05,-3,"quantile",0.875,59
"DE-BB-BE","00+",2025-01-30,2025-01-05,-3,"quantile",0.9,59
"DE-BB-BE","00+",2025-01-30,2025-01-05,-3,"quantile",0.925,59
"DE-BB-BE","00+",2025-01-30,2025-01-05,-3,"quantile",0.95,59
"DE-BB-BE","00+",2025-01-30,2025-01-05,-3,"quantile",0.975,60
"DE-BW","00+",2025-01-30,2025-02-02,1,"mean",NA,278
"DE-BW","00+",2025-01-30,2025-02-02,1,"quantile",0.025,153
"DE-BW","00+",2025-01-30,2025-02-02,1,"quantile",0.05,163
"DE-BW","00+",2025-01-30,2025-02-02,1,"quantile",0.075,170
"DE-BW","00+",2025-01-30,2025-02-02,1,"quantile",0.1,177
"DE-BW","00+",2025-01-30,2025-02-02,1,"quantile",0.125,183
"DE-BW","00+",2025-01-30,2025-02-02,1,"quantile",0.15,188
"DE-BW","00+",2025-01-30,2025-02-02,1,"quantile",0.175,193
"DE-BW","00+",2025-01-30,2025-02-02,1,"quantile",0.2,199
"DE-BW","00+",2025-01-30,2025-02-02,1,"quantile",0.225,204
"DE-BW","00+",2025-01-30,2025-02-02,1,"quantile",0.25,209
"DE-BW","00+",2025-01-30,2025-02-02,1,"quantile",0.275,213
"DE-BW","00+",2025-01-30,2025-02-02,1,"quantile",0.3,218
"DE-BW","00+",2025-01-30,2025-02-02,1,"quantile",0.325,223
"DE-BW","00+",2025-01-30,2025-02-02,1,"quantile",0.35,228
"DE-BW","00+",2025-01-30,2025-02-02,1,"quantile",0.375,233
"DE-BW","00+",2025-01-30,2025-02-02,1,"quantile",0.4,238
"DE-BW","00+",2025-01-30,2025-02-02,1,"quantile",0.425,243
"DE-BW","00+",2025-01-30,2025-02-02,1,"quantile",0.45,248
"DE-BW","00+",2025-01-30,2025-02-02,1,"quantile",0.475,253
"DE-BW","00+",2025-01-30,2025-02-02,1,"quantile",0.5,259
"DE-BW","00+",2025-01-30,2025-02-02,1,"quantile",0.525,264
"DE-BW","00+",2025-01-30,2025-02-02,1,"quantile",0.55,270
"DE-BW","00+",2025-01-30,2025-02-02,1,"quantile",0.575,276
"DE-BW","00+",2025-01-30,2025-02-02,1,"quantile",0.6,282
"DE-BW","00+",2025-01-30,2025-02-02,1,"quantile",0.625,288
"DE-BW","00+",2025-01-30,2025-02-02,1,"quantile",0.65,295
"DE-BW","00+",2025-01-30,2025-02-02,1,"quantile",0.675,302
"DE-BW","00+",2025-01-30,2025-02-02,1,"quantile",0.7,310
"DE-BW","00+",2025-01-30,2025-02-02,1,"quantile",0.725,318
"DE-BW","00+",2025-01-30,2025-02-02,1,"quantile",0.75,326
"DE-BW","00+",2025-01-30,2025-02-02,1,"quantile",0.775,336
"DE-BW","00+",2025-01-30,2025-02-02,1,"quantile",0.8,346
"DE-BW","00+",2025-01-30,2025-02-02,1,"quantile",0.825,357
"DE-BW","00+",2025-01-30,2025-02-02,1,"quantile",0.85,371
"DE-BW","00+",2025-01-30,2025-02-02,1,"quantile",0.875,386
"DE-BW","00+",2025-01-30,2025-02-02,1,"quantile",0.9,404
"DE-BW","00+",2025-01-30,2025-02-02,1,"quantile",0.925,427
"DE-BW","00+",2025-01-30,2025-02-02,1,"quantile",0.95,458
"DE-BW","00+",2025-01-30,2025-02-02,1,"quantile",0.975,510
"DE-BW","00+",2025-01-30,2025-01-26,0,"mean",NA,222
"DE-BW","00+",2025-01-30,2025-01-26,0,"quantile",0.025,218
"DE-BW","00+",2025-01-30,2025-01-26,0,"quantile",0.05,218
"DE-BW","00+",2025-01-30,2025-01-26,0,"quantile",0.075,218
"DE-BW","00+",2025-01-30,2025-01-26,0,"quantile",0.1,218
"DE-BW","00+",2025-01-30,2025-01-26,0,"quantile",0.125,218
"DE-BW","00+",2025-01-30,2025-01-26,0,"quantile",0.15,218
"DE-BW","00+",2025-01-30,2025-01-26,0,"quantile",0.175,218
"DE-BW","00+",2025-01-30,2025-01-26,0,"quantile",0.2,218
"DE-BW","00+",2025-01-30,2025-01-26,0,"quantile",0.225,218
"DE-BW","00+",2025-01-30,2025-01-26,0,"quantile",0.25,218
"DE-BW","00+",2025-01-30,2025-01-26,0,"quantile",0.275,218
"DE-BW","00+",2025-01-30,2025-01-26,0,"quantile",0.3,218
"DE-BW","00+",2025-01-30,2025-01-26,0,"quantile",0.325,218
"DE-BW","00+",2025-01-30,2025-01-26,0,"quantile",0.35,218
"DE-BW","00+",2025-01-30,2025-01-26,0,"quantile",0.375,219
"DE-BW","00+",2025-01-30,2025-01-26,0,"quantile",0.4,219
"DE-BW","00+",2025-01-30,2025-01-26,0,"quantile",0.425,219
"DE-BW","00+",2025-01-30,2025-01-26,0,"quantile",0.45,219
"DE-BW","00+",2025-01-30,2025-01-26,0,"quantile",0.475,219
"DE-BW","00+",2025-01-30,2025-01-26,0,"quantile",0.5,220
"DE-BW","00+",2025-01-30,2025-01-26,0,"quantile",0.525,220
"DE-BW","00+",2025-01-30,2025-01-26,0,"quantile",0.55,220
"DE-BW","00+",2025-01-30,2025-01-26,0,"quantile",0.575,220
"DE-BW","00+",2025-01-30,2025-01-26,0,"quantile",0.6,221
"DE-BW","00+",2025-01-30,2025-01-26,0,"quantile",0.625,221
"DE-BW","00+",2025-01-30,2025-01-26,0,"quantile",0.65,222
"DE-BW","00+",2025-01-30,2025-01-26,0,"quantile",0.675,222
"DE-BW","00+",2025-01-30,2025-01-26,0,"quantile",0.7,223
"DE-BW","00+",2025-01-30,2025-01-26,0,"quantile",0.725,223
"DE-BW","00+",2025-01-30,2025-01-26,0,"quantile",0.75,224
"DE-BW","00+",2025-01-30,2025-01-26,0,"quantile",0.775,225
"DE-BW","00+",2025-01-30,2025-01-26,0,"quantile",0.8,225
"DE-BW","00+",2025-01-30,2025-01-26,0,"quantile",0.825,226
"DE-BW","00+",2025-01-30,2025-01-26,0,"quantile",0.85,228
"DE-BW","00+",2025-01-30,2025-01-26,0,"quantile",0.875,229
"DE-BW","00+",2025-01-30,2025-01-26,0,"quantile",0.9,231
"DE-BW","00+",2025-01-30,2025-01-26,0,"quantile",0.925,233
"DE-BW","00+",2025-01-30,2025-01-26,0,"quantile",0.95,237
"DE-BW","00+",2025-01-30,2025-01-26,0,"quantile",0.975,243
"DE-BW","00+",2025-01-30,2025-01-19,-1,"mean",NA,154
"DE-BW","00+",2025-01-30,2025-01-19,-1,"quantile",0.025,153
"DE-BW","00+",2025-01-30,2025-01-19,-1,"quantile",0.05,153
"DE-BW","00+",2025-01-30,2025-01-19,-1,"quantile",0.075,153
"DE-BW","00+",2025-01-30,2025-01-19,-1,"quantile",0.1,153
"DE-BW","00+",2025-01-30,2025-01-19,-1,"quantile",0.125,153
"DE-BW","00+",2025-01-30,2025-01-19,-1,"quantile",0.15,153
"DE-BW","00+",2025-01-30,2025-01-19,-1,"quantile",0.175,153
"DE-BW","00+",2025-01-30,2025-01-19,-1,"quantile",0.2,153
"DE-BW","00+",2025-01-30,2025-01-19,-1,"quantile",0.225,153
"DE-BW","00+",2025-01-30,2025-01-19,-1,"quantile",0.25,153
"DE-BW","00+",2025-01-30,2025-01-19,-1,"quantile",0.275,153
"DE-BW","00+",2025-01-30,2025-01-19,-1,"quantile",0.3,153
"DE-BW","00+",2025-01-30,2025-01-19,-1,"quantile",0.325,153
"DE-BW","00+",2025-01-30,2025-01-19,-1,"quantile",0.35,153
"DE-BW","00+",2025-01-30,2025-01-19,-1,"quantile",0.375,153
"DE-BW","00+",2025-01-30,2025-01-19,-1,"quantile",0.4,153
"DE-BW","00+",2025-01-30,2025-01-19,-1,"quantile",0.425,153
"DE-BW","00+",2025-01-30,2025-01-19,-1,"quantile",0.45,153
"DE-BW","00+",2025-01-30,2025-01-19,-1,"quantile",0.475,153
"DE-BW","00+",2025-01-30,2025-01-19,-1,"quantile",0.5,153
"DE-BW","00+",2025-01-30,2025-01-19,-1,"quantile",0.525,153
"DE-BW","00+",2025-01-30,2025-01-19,-1,"quantile",0.55,153
"DE-BW","00+",2025-01-30,2025-01-19,-1,"quantile",0.575,153
"DE-BW","00+",2025-01-30,2025-01-19,-1,"quantile",0.6,153
"DE-BW","00+",2025-01-30,2025-01-19,-1,"quantile",0.625,153
"DE-BW","00+",2025-01-30,2025-01-19,-1,"quantile",0.65,154
"DE-BW","00+",2025-01-30,2025-01-19,-1,"quantile",0.675,154
"DE-BW","00+",2025-01-30,2025-01-19,-1,"quantile",0.7,154
"DE-BW","00+",2025-01-30,2025-01-19,-1,"quantile",0.725,154
"DE-BW","00+",2025-01-30,2025-01-19,-1,"quantile",0.75,154
"DE-BW","00+",2025-01-30,2025-01-19,-1,"quantile",0.775,154
"DE-BW","00+",2025-01-30,2025-01-19,-1,"quantile",0.8,154
"DE-BW","00+",2025-01-30,2025-01-19,-1,"quantile",0.825,154
"DE-BW","00+",2025-01-30,2025-01-19,-1,"quantile",0.85,154
"DE-BW","00+",2025-01-30,2025-01-19,-1,"quantile",0.875,155
"DE-BW","00+",2025-01-30,2025-01-19,-1,"quantile",0.9,155
"DE-BW","00+",2025-01-30,2025-01-19,-1,"quantile",0.925,155
"DE-BW","00+",2025-01-30,2025-01-19,-1,"quantile",0.95,156
"DE-BW","00+",2025-01-30,2025-01-19,-1,"quantile",0.975,156
"DE-BW","00+",2025-01-30,2025-01-12,-2,"mean",NA,109
"DE-BW","00+",2025-01-30,2025-01-12,-2,"quantile",0.025,109
"DE-BW","00+",2025-01-30,2025-01-12,-2,"quantile",0.05,109
"DE-BW","00+",2025-01-30,2025-01-12,-2,"quantile",0.075,109
"DE-BW","00+",2025-01-30,2025-01-12,-2,"quantile",0.1,109
"DE-BW","00+",2025-01-30,2025-01-12,-2,"quantile",0.125,109
"DE-BW","00+",2025-01-30,2025-01-12,-2,"quantile",0.15,109
"DE-BW","00+",2025-01-30,2025-01-12,-2,"quantile",0.175,109
"DE-BW","00+",2025-01-30,2025-01-12,-2,"quantile",0.2,109
"DE-BW","00+",2025-01-30,2025-01-12,-2,"quantile",0.225,109
"DE-BW","00+",2025-01-30,2025-01-12,-2,"quantile",0.25,109
"DE-BW","00+",2025-01-30,2025-01-12,-2,"quantile",0.275,109
"DE-BW","00+",2025-01-30,2025-01-12,-2,"quantile",0.3,109
"DE-BW","00+",2025-01-30,2025-01-12,-2,"quantile",0.325,109
"DE-BW","00+",2025-01-30,2025-01-12,-2,"quantile",0.35,109
"DE-BW","00+",2025-01-30,2025-01-12,-2,"quantile",0.375,109
"DE-BW","00+",2025-01-30,2025-01-12,-2,"quantile",0.4,109
"DE-BW","00+",2025-01-30,2025-01-12,-2,"quantile",0.425,109
"DE-BW","00+",2025-01-30,2025-01-12,-2,"quantile",0.45,109
"DE-BW","00+",2025-01-30,2025-01-12,-2,"quantile",0.475,109
"DE-BW","00+",2025-01-30,2025-01-12,-2,"quantile",0.5,109
"DE-BW","00+",2025-01-30,2025-01-12,-2,"quantile",0.525,109
"DE-BW","00+",2025-01-30,2025-01-12,-2,"quantile",0.55,109
"DE-BW","00+",2025-01-30,2025-01-12,-2,"quantile",0.575,109
"DE-BW","00+",2025-01-30,2025-01-12,-2,"quantile",0.6,109
"DE-BW","00+",2025-01-30,2025-01-12,-2,"quantile",0.625,109
"DE-BW","00+",2025-01-30,2025-01-12,-2,"quantile",0.65,109
"DE-BW","00+",2025-01-30,2025-01-12,-2,"quantile",0.675,109
"DE-BW","00+",2025-01-30,2025-01-12,-2,"quantile",0.7,109
"DE-BW","00+",2025-01-30,2025-01-12,-2,"quantile",0.725,109
"DE-BW","00+",2025-01-30,2025-01-12,-2,"quantile",0.75,109
"DE-BW","00+",2025-01-30,2025-01-12,-2,"quantile",0.775,109
"DE-BW","00+",2025-01-30,2025-01-12,-2,"quantile",0.8,109
"DE-BW","00+",2025-01-30,2025-01-12,-2,"quantile",0.825,110
"DE-BW","00+",2025-01-30,2025-01-12,-2,"quantile",0.85,110
"DE-BW","00+",2025-01-30,2025-01-12,-2,"quantile",0.875,110
"DE-BW","00+",2025-01-30,2025-01-12,-2,"quantile",0.9,110
"DE-BW","00+",2025-01-30,2025-01-12,-2,"quantile",0.925,110
"DE-BW","00+",2025-01-30,2025-01-12,-2,"quantile",0.95,110
"DE-BW","00+",2025-01-30,2025-01-12,-2,"quantile",0.975,111
"DE-BW","00+",2025-01-30,2025-01-05,-3,"mean",NA,109
"DE-BW","00+",2025-01-30,2025-01-05,-3,"quantile",0.025,109
"DE-BW","00+",2025-01-30,2025-01-05,-3,"quantile",0.05,109
"DE-BW","00+",2025-01-30,2025-01-05,-3,"quantile",0.075,109
"DE-BW","00+",2025-01-30,2025-01-05,-3,"quantile",0.1,109
"DE-BW","00+",2025-01-30,2025-01-05,-3,"quantile",0.125,109
"DE-BW","00+",2025-01-30,2025-01-05,-3,"quantile",0.15,109
"DE-BW","00+",2025-01-30,2025-01-05,-3,"quantile",0.175,109
"DE-BW","00+",2025-01-30,2025-01-05,-3,"quantile",0.2,109
"DE-BW","00+",2025-01-30,2025-01-05,-3,"quantile",0.225,109
"DE-BW","00+",2025-01-30,2025-01-05,-3,"quantile",0.25,109
"DE-BW","00+",2025-01-30,2025-01-05,-3,"quantile",0.275,109
"DE-BW","00+",2025-01-30,2025-01-05,-3,"quantile",0.3,109
"DE-BW","00+",2025-01-30,2025-01-05,-3,"quantile",0.325,109
"DE-BW","00+",2025-01-30,2025-01-05,-3,"quantile",0.35,109
"DE-BW","00+",2025-01-30,2025-01-05,-3,"quantile",0.375,109
"DE-BW","00+",2025-01-30,2025-01-05,-3,"quantile",0.4,109
"DE-BW","00+",2025-01-30,2025-01-05,-3,"quantile",0.425,109
"DE-BW","00+",2025-01-30,2025-01-05,-3,"quantile",0.45,109
"DE-BW","00+",2025-01-30,2025-01-05,-3,"quantile",0.475,109
"DE-BW","00+",2025-01-30,2025-01-05,-3,"quantile",0.5,109
"DE-BW","00+",2025-01-30,2025-01-05,-3,"quantile",0.525,109
"DE-BW","00+",2025-01-30,2025-01-05,-3,"quantile",0.55,109
"DE-BW","00+",2025-01-30,2025-01-05,-3,"quantile",0.575,109
"DE-BW","00+",2025-01-30,2025-01-05,-3,"quantile",0.6,109
"DE-BW","00+",2025-01-30,2025-01-05,-3,"quantile",0.625,109
"DE-BW","00+",2025-01-30,2025-01-05,-3,"quantile",0.65,109
"DE-BW","00+",2025-01-30,2025-01-05,-3,"quantile",0.675,109
"DE-BW","00+",2025-01-30,2025-01-05,-3,"quantile",0.7,109
"DE-BW","00+",2025-01-30,2025-01-05,-3,"quantile",0.725,109
"DE-BW","00+",2025-01-30,2025-01-05,-3,"quantile",0.75,109
"DE-BW","00+",2025-01-30,2025-01-05,-3,"quantile",0.775,109
"DE-BW","00+",2025-01-30,2025-01-05,-3,"quantile",0.8,109
"DE-BW","00+",2025-01-30,2025-01-05,-3,"quantile",0.825,109
"DE-BW","00+",2025-01-30,2025-01-05,-3,"quantile",0.85,109
"DE-BW","00+",2025-01-30,2025-01-05,-3,"quantile",0.875,109
"DE-BW","00+",2025-01-30,2025-01-05,-3,"quantile",0.9,109
"DE-BW","00+",2025-01-30,2025-01-05,-3,"quantile",0.925,110
"DE-BW","00+",2025-01-30,2025-01-05,-3,"quantile",0.95,110
"DE-BW","00+",2025-01-30,2025-01-05,-3,"quantile",0.975,110
"DE-BY","00+",2025-01-30,2025-02-02,1,"mean",NA,506
"DE-BY","00+",2025-01-30,2025-02-02,1,"quantile",0.025,280
"DE-BY","00+",2025-01-30,2025-02-02,1,"quantile",0.05,297
"DE-BY","00+",2025-01-30,2025-02-02,1,"quantile",0.075,311
"DE-BY","00+",2025-01-30,2025-02-02,1,"quantile",0.1,323
"DE-BY","00+",2025-01-30,2025-02-02,1,"quantile",0.125,333
"DE-BY","00+",2025-01-30,2025-02-02,1,"quantile",0.15,343
"DE-BY","00+",2025-01-30,2025-02-02,1,"quantile",0.175,353
"DE-BY","00+",2025-01-30,2025-02-02,1,"quantile",0.2,362
"DE-BY","00+",2025-01-30,2025-02-02,1,"quantile",0.225,371
"DE-BY","00+",2025-01-30,2025-02-02,1,"quantile",0.25,380
"DE-BY","00+",2025-01-30,2025-02-02,1,"quantile",0.275,389
"DE-BY","00+",2025-01-30,2025-02-02,1,"quantile",0.3,398
"DE-BY","00+",2025-01-30,2025-02-02,1,"quantile",0.325,407
"DE-BY","00+",2025-01-30,2025-02-02,1,"quantile",0.35,416
"DE-BY","00+",2025-01-30,2025-02-02,1,"quantile",0.375,425
"DE-BY","00+",2025-01-30,2025-02-02,1,"quantile",0.4,434
"DE-BY","00+",2025-01-30,2025-02-02,1,"quantile",0.425,443
"DE-BY","00+",2025-01-30,2025-02-02,1,"quantile",0.45,452
"DE-BY","00+",2025-01-30,2025-02-02,1,"quantile",0.475,461
"DE-BY","00+",2025-01-30,2025-02-02,1,"quantile",0.5,471
"DE-BY","00+",2025-01-30,2025-02-02,1,"quantile",0.525,481
"DE-BY","00+",2025-01-30,2025-02-02,1,"quantile",0.55,492
"DE-BY","00+",2025-01-30,2025-02-02,1,"quantile",0.575,502
"DE-BY","00+",2025-01-30,2025-02-02,1,"quantile",0.6,513
"DE-BY","00+",2025-01-30,2025-02-02,1,"quantile",0.625,525
"DE-BY","00+",2025-01-30,2025-02-02,1,"quantile",0.65,537
"DE-BY","00+",2025-01-30,2025-02-02,1,"quantile",0.675,550
"DE-BY","00+",2025-01-30,2025-02-02,1,"quantile",0.7,564
"DE-BY","00+",2025-01-30,2025-02-02,1,"quantile",0.725,578
"DE-BY","00+",2025-01-30,2025-02-02,1,"quantile",0.75,594
"DE-BY","00+",2025-01-30,2025-02-02,1,"quantile",0.775,611
"DE-BY","00+",2025-01-30,2025-02-02,1,"quantile",0.8,630
"DE-BY","00+",2025-01-30,2025-02-02,1,"quantile",0.825,651
"DE-BY","00+",2025-01-30,2025-02-02,1,"quantile",0.85,674
"DE-BY","00+",2025-01-30,2025-02-02,1,"quantile",0.875,702
"DE-BY","00+",2025-01-30,2025-02-02,1,"quantile",0.9,735
"DE-BY","00+",2025-01-30,2025-02-02,1,"quantile",0.925,776
"DE-BY","00+",2025-01-30,2025-02-02,1,"quantile",0.95,834
"DE-BY","00+",2025-01-30,2025-02-02,1,"quantile",0.975,928
"DE-BY","00+",2025-01-30,2025-01-26,0,"mean",NA,478
"DE-BY","00+",2025-01-30,2025-01-26,0,"quantile",0.025,468
"DE-BY","00+",2025-01-30,2025-01-26,0,"quantile",0.05,468
"DE-BY","00+",2025-01-30,2025-01-26,0,"quantile",0.075,468
"DE-BY","00+",2025-01-30,2025-01-26,0,"quantile",0.1,468
"DE-BY","00+",2025-01-30,2025-01-26,0,"quantile",0.125,468
"DE-BY","00+",2025-01-30,2025-01-26,0,"quantile",0.15,468
"DE-BY","00+",2025-01-30,2025-01-26,0,"quantile",0.175,468
"DE-BY","00+",2025-01-30,2025-01-26,0,"quantile",0.2,468
"DE-BY","00+",2025-01-30,2025-01-26,0,"quantile",0.225,468
"DE-BY","00+",2025-01-30,2025-01-26,0,"quantile",0.25,468
"DE-BY","00+",2025-01-30,2025-01-26,0,"quantile",0.275,469
"DE-BY","00+",2025-01-30,2025-01-26,0,"quantile",0.3,469
"DE-BY","00+",2025-01-30,2025-01-26,0,"quantile",0.325,469
"DE-BY","00+",2025-01-30,2025-01-26,0,"quantile",0.35,469
"DE-BY","00+",2025-01-30,2025-01-26,0,"quantile",0.375,470
"DE-BY","00+",2025-01-30,2025-01-26,0,"quantile",0.4,470
"DE-BY","00+",2025-01-30,2025-01-26,0,"quantile",0.425,470
"DE-BY","00+",2025-01-30,2025-01-26,0,"quantile",0.45,471
"DE-BY","00+",2025-01-30,2025-01-26,0,"quantile",0.475,471
"DE-BY","00+",2025-01-30,2025-01-26,0,"quantile",0.5,472
"DE-BY","00+",2025-01-30,2025-01-26,0,"quantile",0.525,472
"DE-BY","00+",2025-01-30,2025-01-26,0,"quantile",0.55,473
"DE-BY","00+",2025-01-30,2025-01-26,0,"quantile",0.575,473
"DE-BY","00+",2025-01-30,2025-01-26,0,"quantile",0.6,474
"DE-BY","00+",2025-01-30,2025-01-26,0,"quantile",0.625,475
"DE-BY","00+",2025-01-30,2025-01-26,0,"quantile",0.65,476
"DE-BY","00+",2025-01-30,2025-01-26,0,"quantile",0.675,477
"DE-BY","00+",2025-01-30,2025-01-26,0,"quantile",0.7,478
"DE-BY","00+",2025-01-30,2025-01-26,0,"quantile",0.725,479
"DE-BY","00+",2025-01-30,2025-01-26,0,"quantile",0.75,480
"DE-BY","00+",2025-01-30,2025-01-26,0,"quantile",0.775,482
"DE-BY","00+",2025-01-30,2025-01-26,0,"quantile",0.8,484
"DE-BY","00+",2025-01-30,2025-01-26,0,"quantile",0.825,486
"DE-BY","00+",2025-01-30,2025-01-26,0,"quantile",0.85,488
"DE-BY","00+",2025-01-30,2025-01-26,0,"quantile",0.875,491
"DE-BY","00+",2025-01-30,2025-01-26,0,"quantile",0.9,495
"DE-BY","00+",2025-01-30,2025-01-26,0,"quantile",0.925,500
"DE-BY","00+",2025-01-30,2025-01-26,0,"quantile",0.95,508
"DE-BY","00+",2025-01-30,2025-01-26,0,"quantile",0.975,521
"DE-BY","00+",2025-01-30,2025-01-19,-1,"mean",NA,300
"DE-BY","00+",2025-01-30,2025-01-19,-1,"quantile",0.025,299
"DE-BY","00+",2025-01-30,2025-01-19,-1,"quantile",0.05,299
"DE-BY","00+",2025-01-30,2025-01-19,-1,"quantile",0.075,299
"DE-BY","00+",2025-01-30,2025-01-19,-1,"quantile",0.1,299
"DE-BY","00+",2025-01-30,2025-01-19,-1,"quantile",0.125,299
"DE-BY","00+",2025-01-30,2025-01-19,-1,"quantile",0.15,299
"DE-BY","00+",2025-01-30,2025-01-19,-1,"quantile",0.175,299
"DE-BY","00+",2025-01-30,2025-01-19,-1,"quantile",0.2,299
"DE-BY","00+",2025-01-30,2025-01-19,-1,"quantile",0.225,299
"DE-BY","00+",2025-01-30,2025-01-19,-1,"quantile",0.25,299
"DE-BY","00+",2025-01-30,2025-01-19,-1,"quantile",0.275,299
"DE-BY","00+",2025-01-30,2025-01-19,-1,"quantile",0.3,299
"DE-BY","00+",2025-01-30,2025-01-19,-1,"quantile",0.325,299
"DE-BY","00+",2025-01-30,2025-01-19,-1,"quantile",0.35,299
"DE-BY","00+",2025-01-30,2025-01-19,-1,"quantile",0.375,299
"DE-BY","00+",2025-01-30,2025-01-19,-1,"quantile",0.4,299
"DE-BY","00+",2025-01-30,2025-01-19,-1,"quantile",0.425,299
"DE-BY","00+",2025-01-30,2025-01-19,-1,"quantile",0.45,299
"DE-BY","00+",2025-01-30,2025-01-19,-1,"quantile",0.475,300
"DE-BY","00+",2025-01-30,2025-01-19,-1,"quantile",0.5,300
"DE-BY","00+",2025-01-30,2025-01-19,-1,"quantile",0.525,300
"DE-BY","00+",2025-01-30,2025-01-19,-1,"quantile",0.55,300
"DE-BY","00+",2025-01-30,2025-01-19,-1,"quantile",0.575,300
"DE-BY","00+",2025-01-30,2025-01-19,-1,"quantile",0.6,300
"DE-BY","00+",2025-01-30,2025-01-19,-1,"quantile",0.625,300
"DE-BY","00+",2025-01-30,2025-01-19,-1,"quantile",0.65,300
"DE-BY","00+",2025-01-30,2025-01-19,-1,"quantile",0.675,300
"DE-BY","00+",2025-01-30,2025-01-19,-1,"quantile",0.7,300
"DE-BY","00+",2025-01-30,2025-01-19,-1,"quantile",0.725,301
"DE-BY","00+",2025-01-30,2025-01-19,-1,"quantile",0.75,301
"DE-BY","00+",2025-01-30,2025-01-19,-1,"quantile",0.775,301
"DE-BY","00+",2025-01-30,2025-01-19,-1,"quantile",0.8,301
"DE-BY","00+",2025-01-30,2025-01-19,-1,"quantile",0.825,301
"DE-BY","00+",2025-01-30,2025-01-19,-1,"quantile",0.85,302
"DE-BY","00+",2025-01-30,2025-01-19,-1,"quantile",0.875,302
"DE-BY","00+",2025-01-30,2025-01-19,-1,"quantile",0.9,302
"DE-BY","00+",2025-01-30,2025-01-19,-1,"quantile",0.925,303
"DE-BY","00+",2025-01-30,2025-01-19,-1,"quantile",0.95,304
"DE-BY","00+",2025-01-30,2025-01-19,-1,"quantile",0.975,305
"DE-BY","00+",2025-01-30,2025-01-12,-2,"mean",NA,207
"DE-BY","00+",2025-01-30,2025-01-12,-2,"quantile",0.025,207
"DE-BY","00+",2025-01-30,2025-01-12,-2,"quantile",0.05,207
"DE-BY","00+",2025-01-30,2025-01-12,-2,"quantile",0.075,207
"DE-BY","00+",2025-01-30,2025-01-12,-2,"quantile",0.1,207
"DE-BY","00+",2025-01-30,2025-01-12,-2,"quantile",0.125,207
"DE-BY","00+",2025-01-30,2025-01-12,-2,"quantile",0.15,207
"DE-BY","00+",2025-01-30,2025-01-12,-2,"quantile",0.175,207
"DE-BY","00+",2025-01-30,2025-01-12,-2,"quantile",0.2,207
"DE-BY","00+",2025-01-30,2025-01-12,-2,"quantile",0.225,207
"DE-BY","00+",2025-01-30,2025-01-12,-2,"quantile",0.25,207
"DE-BY","00+",2025-01-30,2025-01-12,-2,"quantile",0.275,207
"DE-BY","00+",2025-01-30,2025-01-12,-2,"quantile",0.3,207
"DE-BY","00+",2025-01-30,2025-01-12,-2,"quantile",0.325,207
"DE-BY","00+",2025-01-30,2025-01-12,-2,"quantile",0.35,207
"DE-BY","00+",2025-01-30,2025-01-12,-2,"quantile",0.375,207
"DE-BY","00+",2025-01-30,2025-01-12,-2,"quantile",0.4,207
"DE-BY","00+",2025-01-30,2025-01-12,-2,"quantile",0.425,207
"DE-BY","00+",2025-01-30,2025-01-12,-2,"quantile",0.45,207
"DE-BY","00+",2025-01-30,2025-01-12,-2,"quantile",0.475,207
"DE-BY","00+",2025-01-30,2025-01-12,-2,"quantile",0.5,207
"DE-BY","00+",2025-01-30,2025-01-12,-2,"quantile",0.525,207
"DE-BY","00+",2025-01-30,2025-01-12,-2,"quantile",0.55,207
"DE-BY","00+",2025-01-30,2025-01-12,-2,"quantile",0.575,207
"DE-BY","00+",2025-01-30,2025-01-12,-2,"quantile",0.6,207
"DE-BY","00+",2025-01-30,2025-01-12,-2,"quantile",0.625,207
"DE-BY","00+",2025-01-30,2025-01-12,-2,"quantile",0.65,207
"DE-BY","00+",2025-01-30,2025-01-12,-2,"quantile",0.675,208
"DE-BY","00+",2025-01-30,2025-01-12,-2,"quantile",0.7,208
"DE-BY","00+",2025-01-30,2025-01-12,-2,"quantile",0.725,208
"DE-BY","00+",2025-01-30,2025-01-12,-2,"quantile",0.75,208
"DE-BY","00+",2025-01-30,2025-01-12,-2,"quantile",0.775,208
"DE-BY","00+",2025-01-30,2025-01-12,-2,"quantile",0.8,208
"DE-BY","00+",2025-01-30,2025-01-12,-2,"quantile",0.825,208
"DE-BY","00+",2025-01-30,2025-01-12,-2,"quantile",0.85,208
"DE-BY","00+",2025-01-30,2025-01-12,-2,"quantile",0.875,208
"DE-BY","00+",2025-01-30,2025-01-12,-2,"quantile",0.9,208
"DE-BY","00+",2025-01-30,2025-01-12,-2,"quantile",0.925,209
"DE-BY","00+",2025-01-30,2025-01-12,-2,"quantile",0.95,209
"DE-BY","00+",2025-01-30,2025-01-12,-2,"quantile",0.975,209
"DE-BY","00+",2025-01-30,2025-01-05,-3,"mean",NA,160
"DE-BY","00+",2025-01-30,2025-01-05,-3,"quantile",0.025,160
"DE-BY","00+",2025-01-30,2025-01-05,-3,"quantile",0.05,160
"DE-BY","00+",2025-01-30,2025-01-05,-3,"quantile",0.075,160
"DE-BY","00+",2025-01-30,2025-01-05,-3,"quantile",0.1,160
"DE-BY","00+",2025-01-30,2025-01-05,-3,"quantile",0.125,160
"DE-BY","00+",2025-01-30,2025-01-05,-3,"quantile",0.15,160
"DE-BY","00+",2025-01-30,2025-01-05,-3,"quantile",0.175,160
"DE-BY","00+",2025-01-30,2025-01-05,-3,"quantile",0.2,160
"DE-BY","00+",2025-01-30,2025-01-05,-3,"quantile",0.225,160
"DE-BY","00+",2025-01-30,2025-01-05,-3,"quantile",0.25,160
"DE-BY","00+",2025-01-30,2025-01-05,-3,"quantile",0.275,160
"DE-BY","00+",2025-01-30,2025-01-05,-3,"quantile",0.3,160
"DE-BY","00+",2025-01-30,2025-01-05,-3,"quantile",0.325,160
"DE-BY","00+",2025-01-30,2025-01-05,-3,"quantile",0.35,160
"DE-BY","00+",2025-01-30,2025-01-05,-3,"quantile",0.375,160
"DE-BY","00+",2025-01-30,2025-01-05,-3,"quantile",0.4,160
"DE-BY","00+",2025-01-30,2025-01-05,-3,"quantile",0.425,160
"DE-BY","00+",2025-01-30,2025-01-05,-3,"quantile",0.45,160
"DE-BY","00+",2025-01-30,2025-01-05,-3,"quantile",0.475,160
"DE-BY","00+",2025-01-30,2025-01-05,-3,"quantile",0.5,160
"DE-BY","00+",2025-01-30,2025-01-05,-3,"quantile",0.525,160
"DE-BY","00+",2025-01-30,2025-01-05,-3,"quantile",0.55,160
"DE-BY","00+",2025-01-30,2025-01-05,-3,"quantile",0.575,160
"DE-BY","00+",2025-01-30,2025-01-05,-3,"quantile",0.6,160
"DE-BY","00+",2025-01-30,2025-01-05,-3,"quantile",0.625,160
"DE-BY","00+",2025-01-30,2025-01-05,-3,"quantile",0.65,160
"DE-BY","00+",2025-01-30,2025-01-05,-3,"quantile",0.675,160
"DE-BY","00+",2025-01-30,2025-01-05,-3,"quantile",0.7,160
"DE-BY","00+",2025-01-30,2025-01-05,-3,"quantile",0.725,160
"DE-BY","00+",2025-01-30,2025-01-05,-3,"quantile",0.75,160
"DE-BY","00+",2025-01-30,2025-01-05,-3,"quantile",0.775,160
"DE-BY","00+",2025-01-30,2025-01-05,-3,"quantile",0.8,160
"DE-BY","00+",2025-01-30,2025-01-05,-3,"quantile",0.825,160
"DE-BY","00+",2025-01-30,2025-01-05,-3,"quantile",0.85,160
"DE-BY","00+",2025-01-30,2025-01-05,-3,"quantile",0.875,160
"DE-BY","00+",2025-01-30,2025-01-05,-3,"quantile",0.9,161
"DE-BY","00+",2025-01-30,2025-01-05,-3,"quantile",0.925,161
"DE-BY","00+",2025-01-30,2025-01-05,-3,"quantile",0.95,161
"DE-BY","00+",2025-01-30,2025-01-05,-3,"quantile",0.975,161
"DE-HE","00+",2025-01-30,2025-02-02,1,"mean",NA,226
"DE-HE","00+",2025-01-30,2025-02-02,1,"quantile",0.025,125
"DE-HE","00+",2025-01-30,2025-02-02,1,"quantile",0.05,132
"DE-HE","00+",2025-01-30,2025-02-02,1,"quantile",0.075,138
"DE-HE","00+",2025-01-30,2025-02-02,1,"quantile",0.1,144
"DE-HE","00+",2025-01-30,2025-02-02,1,"quantile",0.125,148
"DE-HE","00+",2025-01-30,2025-02-02,1,"quantile",0.15,153
"DE-HE","00+",2025-01-30,2025-02-02,1,"quantile",0.175,157
"DE-HE","00+",2025-01-30,2025-02-02,1,"quantile",0.2,162
"DE-HE","00+",2025-01-30,2025-02-02,1,"quantile",0.225,166
"DE-HE","00+",2025-01-30,2025-02-02,1,"quantile",0.25,170
"DE-HE","00+",2025-01-30,2025-02-02,1,"quantile",0.275,174
"DE-HE","00+",2025-01-30,2025-02-02,1,"quantile",0.3,178
"DE-HE","00+",2025-01-30,2025-02-02,1,"quantile",0.325,182
"DE-HE","00+",2025-01-30,2025-02-02,1,"quantile",0.35,185
"DE-HE","00+",2025-01-30,2025-02-02,1,"quantile",0.375,189
"DE-HE","00+",2025-01-30,2025-02-02,1,"quantile",0.4,194
"DE-HE","00+",2025-01-30,2025-02-02,1,"quantile",0.425,198
"DE-HE","00+",2025-01-30,2025-02-02,1,"quantile",0.45,202
"DE-HE","00+",2025-01-30,2025-02-02,1,"quantile",0.475,206
"DE-HE","00+",2025-01-30,2025-02-02,1,"quantile",0.5,210
"DE-HE","00+",2025-01-30,2025-02-02,1,"quantile",0.525,215
"DE-HE","00+",2025-01-30,2025-02-02,1,"quantile",0.55,220
"DE-HE","00+",2025-01-30,2025-02-02,1,"quantile",0.575,224
"DE-HE","00+",2025-01-30,2025-02-02,1,"quantile",0.6,229
"DE-HE","00+",2025-01-30,2025-02-02,1,"quantile",0.625,235
"DE-HE","00+",2025-01-30,2025-02-02,1,"quantile",0.65,240
"DE-HE","00+",2025-01-30,2025-02-02,1,"quantile",0.675,246
"DE-HE","00+",2025-01-30,2025-02-02,1,"quantile",0.7,252
"DE-HE","00+",2025-01-30,2025-02-02,1,"quantile",0.725,259
"DE-HE","00+",2025-01-30,2025-02-02,1,"quantile",0.75,266
"DE-HE","00+",2025-01-30,2025-02-02,1,"quantile",0.775,273
"DE-HE","00+",2025-01-30,2025-02-02,1,"quantile",0.8,282
"DE-HE","00+",2025-01-30,2025-02-02,1,"quantile",0.825,291
"DE-HE","00+",2025-01-30,2025-02-02,1,"quantile",0.85,302
"DE-HE","00+",2025-01-30,2025-02-02,1,"quantile",0.875,314
"DE-HE","00+",2025-01-30,2025-02-02,1,"quantile",0.9,329
"DE-HE","00+",2025-01-30,2025-02-02,1,"quantile",0.925,348
"DE-HE","00+",2025-01-30,2025-02-02,1,"quantile",0.95,373
"DE-HE","00+",2025-01-30,2025-02-02,1,"quantile",0.975,416
"DE-HE","00+",2025-01-30,2025-01-26,0,"mean",NA,182
"DE-HE","00+",2025-01-30,2025-01-26,0,"quantile",0.025,178
"DE-HE","00+",2025-01-30,2025-01-26,0,"quantile",0.05,178
"DE-HE","00+",2025-01-30,2025-01-26,0,"quantile",0.075,178
"DE-HE","00+",2025-01-30,2025-01-26,0,"quantile",0.1,178
"DE-HE","00+",2025-01-30,2025-01-26,0,"quantile",0.125,178
"DE-HE","00+",2025-01-30,2025-01-26,0,"quantile",0.15,178
"DE-HE","00+",2025-01-30,2025-01-26,0,"quantile",0.175,178
"DE-HE","00+",2025-01-30,2025-01-26,0,"quantile",0.2,178
"DE-HE","00+",2025-01-30,2025-01-26,0,"quantile",0.225,178
"DE-HE","00+",2025-01-30,2025-01-26,0,"quantile",0.25,178
"DE-HE","00+",2025-01-30,2025-01-26,0,"quantile",0.275,178
"DE-HE","00+",2025-01-30,2025-01-26,0,"quantile",0.3,178
"DE-HE","00+",2025-01-30,2025-01-26,0,"quantile",0.325,178
"DE-HE","00+",2025-01-30,2025-01-26,0,"quantile",0.35,178
"DE-HE","00+",2025-01-30,2025-01-26,0,"quantile",0.375,178
"DE-HE","00+",2025-01-30,2025-01-26,0,"quantile",0.4,179
"DE-HE","00+",2025-01-30,2025-01-26,0,"quantile",0.425,179
"DE-HE","00+",2025-01-30,2025-01-26,0,"quantile",0.45,179
"DE-HE","00+",2025-01-30,2025-01-26,0,"quantile",0.475,179
"DE-HE","00+",2025-01-30,2025-01-26,0,"quantile",0.5,179
"DE-HE","00+",2025-01-30,2025-01-26,0,"quantile",0.525,179
"DE-HE","00+",2025-01-30,2025-01-26,0,"quantile",0.55,180
"DE-HE","00+",2025-01-30,2025-01-26,0,"quantile",0.575,180
"DE-HE","00+",2025-01-30,2025-01-26,0,"quantile",0.6,180
"DE-HE","00+",2025-01-30,2025-01-26,0,"quantile",0.625,181
"DE-HE","00+",2025-01-30,2025-01-26,0,"quantile",0.65,181
"DE-HE","00+",2025-01-30,2025-01-26,0,"quantile",0.675,181
"DE-HE","00+",2025-01-30,2025-01-26,0,"quantile",0.7,182
"DE-HE","00+",2025-01-30,2025-01-26,0,"quantile",0.725,182
"DE-HE","00+",2025-01-30,2025-01-26,0,"quantile",0.75,183
"DE-HE","00+",2025-01-30,2025-01-26,0,"quantile",0.775,183
"DE-HE","00+",2025-01-30,2025-01-26,0,"quantile",0.8,184
"DE-HE","00+",2025-01-30,2025-01-26,0,"quantile",0.825,185
"DE-HE","00+",2025-01-30,2025-01-26,0,"quantile",0.85,186
"DE-HE","00+",2025-01-30,2025-01-26,0,"quantile",0.875,187
"DE-HE","00+",2025-01-30,2025-01-26,0,"quantile",0.9,189
"DE-HE","00+",2025-01-30,2025-01-26,0,"quantile",0.925,191
"DE-HE","00+",2025-01-30,2025-01-26,0,"quantile",0.95,194
"DE-HE","00+",2025-01-30,2025-01-26,0,"quantile",0.975,199
"DE-HE","00+",2025-01-30,2025-01-19,-1,"mean",NA,94
"DE-HE","00+",2025-01-30,2025-01-19,-1,"quantile",0.025,94
"DE-HE","00+",2025-01-30,2025-01-19,-1,"quantile",0.05,94
"DE-HE","00+",2025-01-30,2025-01-19,-1,"quantile",0.075,94
"DE-HE","00+",2025-01-30,2025-01-19,-1,"quantile",0.1,94
"DE-HE","00+",2025-01-30,2025-01-19,-1,"quantile",0.125,94
"DE-HE","00+",2025-01-30,2025-01-19,-1,"quantile",0.15,94
"DE-HE","00+",2025-01-30,2025-01-19,-1,"quantile",0.175,94
"DE-HE","00+",2025-01-30,2025-01-19,-1,"quantile",0.2,94
"DE-HE","00+",2025-01-30,2025-01-19,-1,"quantile",0.225,94
"DE-HE","00+",2025-01-30,2025-01-19,-1,"quantile",0.25,94
"DE-HE","00+",2025-01-30,2025-01-19,-1,"quantile",0.275,94
"DE-HE","00+",2025-01-30,2025-01-19,-1,"quantile",0.3,94
"DE-HE","00+",2025-01-30,2025-01-19,-1,"quantile",0.325,94
"DE-HE","00+",2025-01-30,2025-01-19,-1,"quantile",0.35,94
"DE-HE","00+",2025-01-30,2025-01-19,-1,"quantile",0.375,94
"DE-HE","00+",2025-01-30,2025-01-19,-1,"quantile",0.4,94
"DE-HE","00+",2025-01-30,2025-01-19,-1,"quantile",0.425,94
"DE-HE","00+",2025-01-30,2025-01-19,-1,"quantile",0.45,94
"DE-HE","00+",2025-01-30,2025-01-19,-1,"quantile",0.475,94
"DE-HE","00+",2025-01-30,2025-01-19,-1,"quantile",0.5,94
"DE-HE","00+",2025-01-30,2025-01-19,-1,"quantile",0.525,94
"DE-HE","00+",2025-01-30,2025-01-19,-1,"quantile",0.55,94
"DE-HE","00+",2025-01-30,2025-01-19,-1,"quantile",0.575,94
"DE-HE","00+",2025-01-30,2025-01-19,-1,"quantile",0.6,94
"DE-HE","00+",2025-01-30,2025-01-19,-1,"quantile",0.625,94
"DE-HE","00+",2025-01-30,2025-01-19,-1,"quantile",0.65,94
"DE-HE","00+",2025-01-30,2025-01-19,-1,"quantile",0.675,94
"DE-HE","00+",2025-01-30,2025-01-19,-1,"quantile",0.7,94
"DE-HE","00+",2025-01-30,2025-01-19,-1,"quantile",0.725,94
"DE-HE","00+",2025-01-30,2025-01-19,-1,"quantile",0.75,95
"DE-HE","00+",2025-01-30,2025-01-19,-1,"quantile",0.775,95
"DE-HE","00+",2025-01-30,2025-01-19,-1,"quantile",0.8,95
"DE-HE","00+",2025-01-30,2025-01-19,-1,"quantile",0.825,95
"DE-HE","00+",2025-01-30,2025-01-19,-1,"quantile",0.85,95
"DE-HE","00+",2025-01-30,2025-01-19,-1,"quantile",0.875,95
"DE-HE","00+",2025-01-30,2025-01-19,-1,"quantile",0.9,95
"DE-HE","00+",2025-01-30,2025-01-19,-1,"quantile",0.925,96
"DE-HE","00+",2025-01-30,2025-01-19,-1,"quantile",0.95,96
"DE-HE","00+",2025-01-30,2025-01-19,-1,"quantile",0.975,96
"DE-HE","00+",2025-01-30,2025-01-12,-2,"mean",NA,103
"DE-HE","00+",2025-01-30,2025-01-12,-2,"quantile",0.025,103
"DE-HE","00+",2025-01-30,2025-01-12,-2,"quantile",0.05,103
"DE-HE","00+",2025-01-30,2025-01-12,-2,"quantile",0.075,103
"DE-HE","00+",2025-01-30,2025-01-12,-2,"quantile",0.1,103
"DE-HE","00+",2025-01-30,2025-01-12,-2,"quantile",0.125,103
"DE-HE","00+",2025-01-30,2025-01-12,-2,"quantile",0.15,103
"DE-HE","00+",2025-01-30,2025-01-12,-2,"quantile",0.175,103
"DE-HE","00+",2025-01-30,2025-01-12,-2,"quantile",0.2,103
"DE-HE","00+",2025-01-30,2025-01-12,-2,"quantile",0.225,103
"DE-HE","00+",2025-01-30,2025-01-12,-2,"quantile",0.25,103
"DE-HE","00+",2025-01-30,2025-01-12,-2,"quantile",0.275,103
"DE-HE","00+",2025-01-30,2025-01-12,-2,"quantile",0.3,103
"DE-HE","00+",2025-01-30,2025-01-12,-2,"quantile",0.325,103
"DE-HE","00+",2025-01-30,2025-01-12,-2,"quantile",0.35,103
"DE-HE","00+",2025-01-30,2025-01-12,-2,"quantile",0.375,103
"DE-HE","00+",2025-01-30,2025-01-12,-2,"quantile",0.4,103
"DE-HE","00+",2025-01-30,2025-01-12,-2,"quantile",0.425,103
"DE-HE","00+",2025-01-30,2025-01-12,-2,"quantile",0.45,103
"DE-HE","00+",2025-01-30,2025-01-12,-2,"quantile",0.475,103
"DE-HE","00+",2025-01-30,2025-01-12,-2,"quantile",0.5,103
"DE-HE","00+",2025-01-30,2025-01-12,-2,"quantile",0.525,103
"DE-HE","00+",2025-01-30,2025-01-12,-2,"quantile",0.55,103
"DE-HE","00+",2025-01-30,2025-01-12,-2,"quantile",0.575,103
"DE-HE","00+",2025-01-30,2025-01-12,-2,"quantile",0.6,103
"DE-HE","00+",2025-01-30,2025-01-12,-2,"quantile",0.625,103
"DE-HE","00+",2025-01-30,2025-01-12,-2,"quantile",0.65,103
"DE-HE","00+",2025-01-30,2025-01-12,-2,"quantile",0.675,103
"DE-HE","00+",2025-01-30,2025-01-12,-2,"quantile",0.7,103
"DE-HE","00+",2025-01-30,2025-01-12,-2,"quantile",0.725,103
"DE-HE","00+",2025-01-30,2025-01-12,-2,"quantile",0.75,103
"DE-HE","00+",2025-01-30,2025-01-12,-2,"quantile",0.775,103
"DE-HE","00+",2025-01-30,2025-01-12,-2,"quantile",0.8,103
"DE-HE","00+",2025-01-30,2025-01-12,-2,"quantile",0.825,104
"DE-HE","00+",2025-01-30,2025-01-12,-2,"quantile",0.85,104
"DE-HE","00+",2025-01-30,2025-01-12,-2,"quantile",0.875,104
"DE-HE","00+",2025-01-30,2025-01-12,-2,"quantile",0.9,104
"DE-HE","00+",2025-01-30,2025-01-12,-2,"quantile",0.925,104
"DE-HE","00+",2025-01-30,2025-01-12,-2,"quantile",0.95,104
"DE-HE","00+",2025-01-30,2025-01-12,-2,"quantile",0.975,104
"DE-HE","00+",2025-01-30,2025-01-05,-3,"mean",NA,136
"DE-HE","00+",2025-01-30,2025-01-05,-3,"quantile",0.025,136
"DE-HE","00+",2025-01-30,2025-01-05,-3,"quantile",0.05,136
"DE-HE","00+",2025-01-30,2025-01-05,-3,"quantile",0.075,136
"DE-HE","00+",2025-01-30,2025-01-05,-3,"quantile",0.1,136
"DE-HE","00+",2025-01-30,2025-01-05,-3,"quantile",0.125,136
"DE-HE","00+",2025-01-30,2025-01-05,-3,"quantile",0.15,136
"DE-HE","00+",2025-01-30,2025-01-05,-3,"quantile",0.175,136
"DE-HE","00+",2025-01-30,2025-01-05,-3,"quantile",0.2,136
"DE-HE","00+",2025-01-30,2025-01-05,-3,"quantile",0.225,136
"DE-HE","00+",2025-01-30,2025-01-05,-3,"quantile",0.25,136
"DE-HE","00+",2025-01-30,2025-01-05,-3,"quantile",0.275,136
"DE-HE","00+",2025-01-30,2025-01-05,-3,"quantile",0.3,136
"DE-HE","00+",2025-01-30,2025-01-05,-3,"quantile",0.325,136
"DE-HE","00+",2025-01-30,2025-01-05,-3,"quantile",0.35,136
"DE-HE","00+",2025-01-30,2025-01-05,-3,"quantile",0.375,136
"DE-HE","00+",2025-01-30,2025-01-05,-3,"quantile",0.4,136
"DE-HE","00+",2025-01-30,2025-01-05,-3,"quantile",0.425,136
"DE-HE","00+",2025-01-30,2025-01-05,-3,"quantile",0.45,136
"DE-HE","00+",2025-01-30,2025-01-05,-3,"quantile",0.475,136
"DE-HE","00+",2025-01-30,2025-01-05,-3,"quantile",0.5,136
"DE-HE","00+",2025-01-30,2025-01-05,-3,"quantile",0.525,136
"DE-HE","00+",2025-01-30,2025-01-05,-3,"quantile",0.55,136
"DE-HE","00+",2025-01-30,2025-01-05,-3,"quantile",0.575,136
"DE-HE","00+",2025-01-30,2025-01-05,-3,"quantile",0.6,136
"DE-HE","00+",2025-01-30,2025-01-05,-3,"quantile",0.625,136
"DE-HE","00+",2025-01-30,2025-01-05,-3,"quantile",0.65,136
"DE-HE","00+",2025-01-30,2025-01-05,-3,"quantile",0.675,136
"DE-HE","00+",2025-01-30,2025-01-05,-3,"quantile",0.7,136
"DE-HE","00+",2025-01-30,2025-01-05,-3,"quantile",0.725,136
"DE-HE","00+",2025-01-30,2025-01-05,-3,"quantile",0.75,136
"DE-HE","00+",2025-01-30,2025-01-05,-3,"quantile",0.775,136
"DE-HE","00+",2025-01-30,2025-01-05,-3,"quantile",0.8,136
"DE-HE","00+",2025-01-30,2025-01-05,-3,"quantile",0.825,136
"DE-HE","00+",2025-01-30,2025-01-05,-3,"quantile",0.85,136
"DE-HE","00+",2025-01-30,2025-01-05,-3,"quantile",0.875,136
"DE-HE","00+",2025-01-30,2025-01-05,-3,"quantile",0.9,136
"DE-HE","00+",2025-01-30,2025-01-05,-3,"quantile",0.925,137
"DE-HE","00+",2025-01-30,2025-01-05,-3,"quantile",0.95,137
"DE-HE","00+",2025-01-30,2025-01-05,-3,"quantile",0.975,137
"DE-MV","00+",2025-01-30,2025-02-02,1,"mean",NA,50
"DE-MV","00+",2025-01-30,2025-02-02,1,"quantile",0.025,26
"DE-MV","00+",2025-01-30,2025-02-02,1,"quantile",0.05,28
"DE-MV","00+",2025-01-30,2025-02-02,1,"quantile",0.075,30
"DE-MV","00+",2025-01-30,2025-02-02,1,"quantile",0.1,31
"DE-MV","00+",2025-01-30,2025-02-02,1,"quantile",0.125,32
"DE-MV","00+",2025-01-30,2025-02-02,1,"quantile",0.15,33
"DE-MV","00+",2025-01-30,2025-02-02,1,"quantile",0.175,34
"DE-MV","00+",2025-01-30,2025-02-02,1,"quantile",0.2,35
"DE-MV","00+",2025-01-30,2025-02-02,1,"quantile",0.225,36
"DE-MV","00+",2025-01-30,2025-02-02,1,"quantile",0.25,37
"DE-MV","00+",2025-01-30,2025-02-02,1,"quantile",0.275,38
"DE-MV","00+",2025-01-30,2025-02-02,1,"quantile",0.3,39
"DE-MV","00+",2025-01-30,2025-02-02,1,"quantile",0.325,39
"DE-MV","00+",2025-01-30,2025-02-02,1,"quantile",0.35,40
"DE-MV","00+",2025-01-30,2025-02-02,1,"quantile",0.375,41
"DE-MV","00+",2025-01-30,2025-02-02,1,"quantile",0.4,42
"DE-MV","00+",2025-01-30,2025-02-02,1,"quantile",0.425,43
"DE-MV","00+",2025-01-30,2025-02-02,1,"quantile",0.45,44
"DE-MV","00+",2025-01-30,2025-02-02,1,"quantile",0.475,45
"DE-MV","00+",2025-01-30,2025-02-02,1,"quantile",0.5,46
"DE-MV","00+",2025-01-30,2025-02-02,1,"quantile",0.525,47
"DE-MV","00+",2025-01-30,2025-02-02,1,"quantile",0.55,48
"DE-MV","00+",2025-01-30,2025-02-02,1,"quantile",0.575,49
"DE-MV","00+",2025-01-30,2025-02-02,1,"quantile",0.6,50
"DE-MV","00+",2025-01-30,2025-02-02,1,"quantile",0.625,51
"DE-MV","00+",2025-01-30,2025-02-02,1,"quantile",0.65,53
"DE-MV","00+",2025-01-30,2025-02-02,1,"quantile",0.675,54
"DE-MV","00+",2025-01-30,2025-02-02,1,"quantile",0.7,55
"DE-MV","00+",2025-01-30,2025-02-02,1,"quantile",0.725,57
"DE-MV","00+",2025-01-30,2025-02-02,1,"quantile",0.75,58
"DE-MV","00+",2025-01-30,2025-02-02,1,"quantile",0.775,60
"DE-MV","00+",2025-01-30,2025-02-02,1,"quantile",0.8,62
"DE-MV","00+",2025-01-30,2025-02-02,1,"quantile",0.825,64
"DE-MV","00+",2025-01-30,2025-02-02,1,"quantile",0.85,67
"DE-MV","00+",2025-01-30,2025-02-02,1,"quantile",0.875,69
"DE-MV","00+",2025-01-30,2025-02-02,1,"quantile",0.9,73
"DE-MV","00+",2025-01-30,2025-02-02,1,"quantile",0.925,77
"DE-MV","00+",2025-01-30,2025-02-02,1,"quantile",0.95,83
"DE-MV","00+",2025-01-30,2025-02-02,1,"quantile",0.975,93
"DE-MV","00+",2025-01-30,2025-01-26,0,"mean",NA,72
"DE-MV","00+",2025-01-30,2025-01-26,0,"quantile",0.025,71
"DE-MV","00+",2025-01-30,2025-01-26,0,"quantile",0.05,71
"DE-MV","00+",2025-01-30,2025-01-26,0,"quantile",0.075,71
"DE-MV","00+",2025-01-30,2025-01-26,0,"quantile",0.1,71
"DE-MV","00+",2025-01-30,2025-01-26,0,"quantile",0.125,71
"DE-MV","00+",2025-01-30,2025-01-26,0,"quantile",0.15,71
"DE-MV","00+",2025-01-30,2025-01-26,0,"quantile",0.175,71
"DE-MV","00+",2025-01-30,2025-01-26,0,"quantile",0.2,71
"DE-MV","00+",2025-01-30,2025-01-26,0,"quantile",0.225,71
"DE-MV","00+",2025-01-30,2025-01-26,0,"quantile",0.25,71
"DE-MV","00+",2025-01-30,2025-01-26,0,"quantile",0.275,71
"DE-MV","00+",2025-01-30,2025-01-26,0,"quantile",0.3,71
"DE-MV","00+",2025-01-30,2025-01-26,0,"quantile",0.325,71
"DE-MV","00+",2025-01-30,2025-01-26,0,"quantile",0.35,71
"DE-MV","00+",2025-01-30,2025-01-26,0,"quantile",0.375,71
"DE-MV","00+",2025-01-30,2025-01-26,0,"quantile",0.4,71
"DE-MV","00+",2025-01-30,2025-01-26,0,"quantile",0.425,71
"DE-MV","00+",2025-01-30,2025-01-26,0,"quantile",0.45,71
"DE-MV","00+",2025-01-30,2025-01-26,0,"quantile",0.475,71
"DE-MV","00+",2025-01-30,2025-01-26,0,"quantile",0.5,71
"DE-MV","00+",2025-01-30,2025-01-26,0,"quantile",0.525,71
"DE-MV","00+",2025-01-30,2025-01-26,0,"quantile",0.55,72
"DE-MV","00+",2025-01-30,2025-01-26,0,"quantile",0.575,72
"DE-MV","00+",2025-01-30,2025-01-26,0,"quantile",0.6,72
"DE-MV","00+",2025-01-30,2025-01-26,0,"quantile",0.625,72
"DE-MV","00+",2025-01-30,2025-01-26,0,"quantile",0.65,72
"DE-MV","00+",2025-01-30,2025-01-26,0,"quantile",0.675,72
"DE-MV","00+",2025-01-30,2025-01-26,0,"quantile",0.7,72
"DE-MV","00+",2025-01-30,2025-01-26,0,"quantile",0.725,73
"DE-MV","00+",2025-01-30,2025-01-26,0,"quantile",0.75,73
"DE-MV","00+",2025-01-30,2025-01-26,0,"quantile",0.775,73
"DE-MV","00+",2025-01-30,2025-01-26,0,"quantile",0.8,73
"DE-MV","00+",2025-01-30,2025-01-26,0,"quantile",0.825,74
"DE-MV","00+",2025-01-30,2025-01-26,0,"quantile",0.85,74
"DE-MV","00+",2025-01-30,2025-01-26,0,"quantile",0.875,75
"DE-MV","00+",2025-01-30,2025-01-26,0,"quantile",0.9,75
"DE-MV","00+",2025-01-30,2025-01-26,0,"quantile",0.925,76
"DE-MV","00+",2025-01-30,2025-01-26,0,"quantile",0.95,78
"DE-MV","00+",2025-01-30,2025-01-26,0,"quantile",0.975,80
"DE-MV","00+",2025-01-30,2025-01-19,-1,"mean",NA,50
"DE-MV","00+",2025-01-30,2025-01-19,-1,"quantile",0.025,50
"DE-MV","00+",2025-01-30,2025-01-19,-1,"quantile",0.05,50
"DE-MV","00+",2025-01-30,2025-01-19,-1,"quantile",0.075,50
"DE-MV","00+",2025-01-30,2025-01-19,-1,"quantile",0.1,50
"DE-MV","00+",2025-01-30,2025-01-19,-1,"quantile",0.125,50
"DE-MV","00+",2025-01-30,2025-01-19,-1,"quantile",0.15,50
"DE-MV","00+",2025-01-30,2025-01-19,-1,"quantile",0.175,50
"DE-MV","00+",2025-01-30,2025-01-19,-1,"quantile",0.2,50
"DE-MV","00+",2025-01-30,2025-01-19,-1,"quantile",0.225,50
"DE-MV","00+",2025-01-30,2025-01-19,-1,"quantile",0.25,50
"DE-MV","00+",2025-01-30,2025-01-19,-1,"quantile",0.275,50
"DE-MV","00+",2025-01-30,2025-01-19,-1,"quantile",0.3,50
"DE-MV","00+",2025-01-30,2025-01-19,-1,"quantile",0.325,50
"DE-MV","00+",2025-01-30,2025-01-19,-1,"quantile",0.35,50
"DE-MV","00+",2025-01-30,2025-01-19,-1,"quantile",0.375,50
"DE-MV","00+",2025-01-30,2025-01-19,-1,"quantile",0.4,50
"DE-MV","00+",2025-01-30,2025-01-19,-1,"quantile",0.425,50
"DE-MV","00+",2025-01-30,2025-01-19,-1,"quantile",0.45,50
"DE-MV","00+",2025-01-30,2025-01-19,-1,"quantile",0.475,50
"DE-MV","00+",2025-01-30,2025-01-19,-1,"quantile",0.5,50
"DE-MV","00+",2025-01-30,2025-01-19,-1,"quantile",0.525,50
"DE-MV","00+",2025-01-30,2025-01-19,-1,"quantile",0.55,50
"DE-MV","00+",2025-01-30,2025-01-19,-1,"quantile",0.575,50
"DE-MV","00+",2025-01-30,2025-01-19,-1,"quantile",0.6,50
"DE-MV","00+",2025-01-30,2025-01-19,-1,"quantile",0.625,50
"DE-MV","00+",2025-01-30,2025-01-19,-1,"quantile",0.65,50
"DE-MV","00+",2025-01-30,2025-01-19,-1,"quantile",0.675,50
"DE-MV","00+",2025-01-30,2025-01-19,-1,"quantile",0.7,50
"DE-MV","00+",2025-01-30,2025-01-19,-1,"quantile",0.725,50
"DE-MV","00+",2025-01-30,2025-01-19,-1,"quantile",0.75,50
"DE-MV","00+",2025-01-30,2025-01-19,-1,"quantile",0.775,50
"DE-MV","00+",2025-01-30,2025-01-19,-1,"quantile",0.8,50
"DE-MV","00+",2025-01-30,2025-01-19,-1,"quantile",0.825,50
"DE-MV","00+",2025-01-30,2025-01-19,-1,"quantile",0.85,51
"DE-MV","00+",2025-01-30,2025-01-19,-1,"quantile",0.875,51
"DE-MV","00+",2025-01-30,2025-01-19,-1,"quantile",0.9,51
"DE-MV","00+",2025-01-30,2025-01-19,-1,"quantile",0.925,51
"DE-MV","00+",2025-01-30,2025-01-19,-1,"quantile",0.95,51
"DE-MV","00+",2025-01-30,2025-01-19,-1,"quantile",0.975,52
"DE-MV","00+",2025-01-30,2025-01-12,-2,"mean",NA,34
"DE-MV","00+",2025-01-30,2025-01-12,-2,"quantile",0.025,34
"DE-MV","00+",2025-01-30,2025-01-12,-2,"quantile",0.05,34
"DE-MV","00+",2025-01-30,2025-01-12,-2,"quantile",0.075,34
"DE-MV","00+",2025-01-30,2025-01-12,-2,"quantile",0.1,34
"DE-MV","00+",2025-01-30,2025-01-12,-2,"quantile",0.125,34
"DE-MV","00+",2025-01-30,2025-01-12,-2,"quantile",0.15,34
"DE-MV","00+",2025-01-30,2025-01-12,-2,"quantile",0.175,34
"DE-MV","00+",2025-01-30,2025-01-12,-2,"quantile",0.2,34
"DE-MV","00+",2025-01-30,2025-01-12,-2,"quantile",0.225,34
"DE-MV","00+",2025-01-30,2025-01-12,-2,"quantile",0.25,34
"DE-MV","00+",2025-01-30,2025-01-12,-2,"quantile",0.275,34
"DE-MV","00+",2025-01-30,2025-01-12,-2,"quantile",0.3,34
"DE-MV","00+",2025-01-30,2025-01-12,-2,"quantile",0.325,34
"DE-MV","00+",2025-01-30,2025-01-12,-2,"quantile",0.35,34
"DE-MV","00+",2025-01-30,2025-01-12,-2,"quantile",0.375,34
"DE-MV","00+",2025-01-30,2025-01-12,-2,"quantile",0.4,34
"DE-MV","00+",2025-01-30,2025-01-12,-2,"quantile",0.425,34
"DE-MV","00+",2025-01-30,2025-01-12,-2,"quantile",0.45,34
"DE-MV","00+",2025-01-30,2025-01-12,-2,"quantile",0.475,34
"DE-MV","00+",2025-01-30,2025-01-12,-2,"quantile",0.5,34
"DE-MV","00+",2025-01-30,2025-01-12,-2,"quantile",0.525,34
"DE-MV","00+",2025-01-30,2025-01-12,-2,"quantile",0.55,34
"DE-MV","00+",2025-01-30,2025-01-12,-2,"quantile",0.575,34
"DE-MV","00+",2025-01-30,2025-01-12,-2,"quantile",0.6,34
"DE-MV","00+",2025-01-30,2025-01-12,-2,"quantile",0.625,34
"DE-MV","00+",2025-01-30,2025-01-12,-2,"quantile",0.65,34
"DE-MV","00+",2025-01-30,2025-01-12,-2,"quantile",0.675,34
"DE-MV","00+",2025-01-30,2025-01-12,-2,"quantile",0.7,34
"DE-MV","00+",2025-01-30,2025-01-12,-2,"quantile",0.725,34
"DE-MV","00+",2025-01-30,2025-01-12,-2,"quantile",0.75,34
"DE-MV","00+",2025-01-30,2025-01-12,-2,"quantile",0.775,34
"DE-MV","00+",2025-01-30,2025-01-12,-2,"quantile",0.8,34
"DE-MV","00+",2025-01-30,2025-01-12,-2,"quantile",0.825,34
"DE-MV","00+",2025-01-30,2025-01-12,-2,"quantile",0.85,34
"DE-MV","00+",2025-01-30,2025-01-12,-2,"quantile",0.875,34
"DE-MV","00+",2025-01-30,2025-01-12,-2,"quantile",0.9,34
"DE-MV","00+",2025-01-30,2025-01-12,-2,"quantile",0.925,34
"DE-MV","00+",2025-01-30,2025-01-12,-2,"quantile",0.95,35
"DE-MV","00+",2025-01-30,2025-01-12,-2,"quantile",0.975,35
"DE-MV","00+",2025-01-30,2025-01-05,-3,"mean",NA,12
"DE-MV","00+",2025-01-30,2025-01-05,-3,"quantile",0.025,12
"DE-MV","00+",2025-01-30,2025-01-05,-3,"quantile",0.05,12
"DE-MV","00+",2025-01-30,2025-01-05,-3,"quantile",0.075,12
"DE-MV","00+",2025-01-30,2025-01-05,-3,"quantile",0.1,12
"DE-MV","00+",2025-01-30,2025-01-05,-3,"quantile",0.125,12
"DE-MV","00+",2025-01-30,2025-01-05,-3,"quantile",0.15,12
"DE-MV","00+",2025-01-30,2025-01-05,-3,"quantile",0.175,12
"DE-MV","00+",2025-01-30,2025-01-05,-3,"quantile",0.2,12
"DE-MV","00+",2025-01-30,2025-01-05,-3,"quantile",0.225,12
"DE-MV","00+",2025-01-30,2025-01-05,-3,"quantile",0.25,12
"DE-MV","00+",2025-01-30,2025-01-05,-3,"quantile",0.275,12
"DE-MV","00+",2025-01-30,2025-01-05,-3,"quantile",0.3,12
"DE-MV","00+",2025-01-30,2025-01-05,-3,"quantile",0.325,12
"DE-MV","00+",2025-01-30,2025-01-05,-3,"quantile",0.35,12
"DE-MV","00+",2025-01-30,2025-01-05,-3,"quantile",0.375,12
"DE-MV","00+",2025-01-30,2025-01-05,-3,"quantile",0.4,12
"DE-MV","00+",2025-01-30,2025-01-05,-3,"quantile",0.425,12
"DE-MV","00+",2025-01-30,2025-01-05,-3,"quantile",0.45,12
"DE-MV","00+",2025-01-30,2025-01-05,-3,"quantile",0.475,12
"DE-MV","00+",2025-01-30,2025-01-05,-3,"quantile",0.5,12
"DE-MV","00+",2025-01-30,2025-01-05,-3,"quantile",0.525,12
"DE-MV","00+",2025-01-30,2025-01-05,-3,"quantile",0.55,12
"DE-MV","00+",2025-01-30,2025-01-05,-3,"quantile",0.575,12
"DE-MV","00+",2025-01-30,2025-01-05,-3,"quantile",0.6,12
"DE-MV","00+",2025-01-30,2025-01-05,-3,"quantile",0.625,12
"DE-MV","00+",2025-01-30,2025-01-05,-3,"quantile",0.65,12
"DE-MV","00+",2025-01-30,2025-01-05,-3,"quantile",0.675,12
"DE-MV","00+",2025-01-30,2025-01-05,-3,"quantile",0.7,12
"DE-MV","00+",2025-01-30,2025-01-05,-3,"quantile",0.725,12
"DE-MV","00+",2025-01-30,2025-01-05,-3,"quantile",0.75,12
"DE-MV","00+",2025-01-30,2025-01-05,-3,"quantile",0.775,12
"DE-MV","00+",2025-01-30,2025-01-05,-3,"quantile",0.8,12
"DE-MV","00+",2025-01-30,2025-01-05,-3,"quantile",0.825,12
"DE-MV","00+",2025-01-30,2025-01-05,-3,"quantile",0.85,12
"DE-MV","00+",2025-01-30,2025-01-05,-3,"quantile",0.875,12
"DE-MV","00+",2025-01-30,2025-01-05,-3,"quantile",0.9,12
"DE-MV","00+",2025-01-30,2025-01-05,-3,"quantile",0.925,12
"DE-MV","00+",2025-01-30,2025-01-05,-3,"quantile",0.95,12
"DE-MV","00+",2025-01-30,2025-01-05,-3,"quantile",0.975,12
"DE-NI-HB","00+",2025-01-30,2025-02-02,1,"mean",NA,127
"DE-NI-HB","00+",2025-01-30,2025-02-02,1,"quantile",0.025,70
"DE-NI-HB","00+",2025-01-30,2025-02-02,1,"quantile",0.05,74
"DE-NI-HB","00+",2025-01-30,2025-02-02,1,"quantile",0.075,77
"DE-NI-HB","00+",2025-01-30,2025-02-02,1,"quantile",0.1,80
"DE-NI-HB","00+",2025-01-30,2025-02-02,1,"quantile",0.125,83
"DE-NI-HB","00+",2025-01-30,2025-02-02,1,"quantile",0.15,86
"DE-NI-HB","00+",2025-01-30,2025-02-02,1,"quantile",0.175,88
"DE-NI-HB","00+",2025-01-30,2025-02-02,1,"quantile",0.2,90
"DE-NI-HB","00+",2025-01-30,2025-02-02,1,"quantile",0.225,93
"DE-NI-HB","00+",2025-01-30,2025-02-02,1,"quantile",0.25,95
"DE-NI-HB","00+",2025-01-30,2025-02-02,1,"quantile",0.275,97
"DE-NI-HB","00+",2025-01-30,2025-02-02,1,"quantile",0.3,100
"DE-NI-HB","00+",2025-01-30,2025-02-02,1,"quantile",0.325,102
"DE-NI-HB","00+",2025-01-30,2025-02-02,1,"quantile",0.35,104
"DE-NI-HB","00+",2025-01-30,2025-02-02,1,"quantile",0.375,106
"DE-NI-HB","00+",2025-01-30,2025-02-02,1,"quantile",0.4,109
"DE-NI-HB","00+",2025-01-30,2025-02-02,1,"quantile",0.425,111
"DE-NI-HB","00+",2025-01-30,2025-02-02,1,"quantile",0.45,113
"DE-NI-HB","00+",2025-01-30,2025-02-02,1,"quantile",0.475,116
"DE-NI-HB","00+",2025-01-30,2025-02-02,1,"quantile",0.5,118
"DE-NI-HB","00+",2025-01-30,2025-02-02,1,"quantile",0.525,121
"DE-NI-HB","00+",2025-01-30,2025-02-02,1,"quantile",0.55,123
"DE-NI-HB","00+",2025-01-30,2025-02-02,1,"quantile",0.575,126
"DE-NI-HB","00+",2025-01-30,2025-02-02,1,"quantile",0.6,129
"DE-NI-HB","00+",2025-01-30,2025-02-02,1,"quantile",0.625,132
"DE-NI-HB","00+",2025-01-30,2025-02-02,1,"quantile",0.65,135
"DE-NI-HB","00+",2025-01-30,2025-02-02,1,"quantile",0.675,138
"DE-NI-HB","00+",2025-01-30,2025-02-02,1,"quantile",0.7,142
"DE-NI-HB","00+",2025-01-30,2025-02-02,1,"quantile",0.725,145
"DE-NI-HB","00+",2025-01-30,2025-02-02,1,"quantile",0.75,149
"DE-NI-HB","00+",2025-01-30,2025-02-02,1,"quantile",0.775,154
"DE-NI-HB","00+",2025-01-30,2025-02-02,1,"quantile",0.8,159
"DE-NI-HB","00+",2025-01-30,2025-02-02,1,"quantile",0.825,164
"DE-NI-HB","00+",2025-01-30,2025-02-02,1,"quantile",0.85,170
"DE-NI-HB","00+",2025-01-30,2025-02-02,1,"quantile",0.875,177
"DE-NI-HB","00+",2025-01-30,2025-02-02,1,"quantile",0.9,185
"DE-NI-HB","00+",2025-01-30,2025-02-02,1,"quantile",0.925,196
"DE-NI-HB","00+",2025-01-30,2025-02-02,1,"quantile",0.95,210
"DE-NI-HB","00+",2025-01-30,2025-02-02,1,"quantile",0.975,235
"DE-NI-HB","00+",2025-01-30,2025-01-26,0,"mean",NA,230
"DE-NI-HB","00+",2025-01-30,2025-01-26,0,"quantile",0.025,225
"DE-NI-HB","00+",2025-01-30,2025-01-26,0,"quantile",0.05,225
"DE-NI-HB","00+",2025-01-30,2025-01-26,0,"quantile",0.075,225
"DE-NI-HB","00+",2025-01-30,2025-01-26,0,"quantile",0.1,225
"DE-NI-HB","00+",2025-01-30,2025-01-26,0,"quantile",0.125,225
"DE-NI-HB","00+",2025-01-30,2025-01-26,0,"quantile",0.15,225
"DE-NI-HB","00+",2025-01-30,2025-01-26,0,"quantile",0.175,225
"DE-NI-HB","00+",2025-01-30,2025-01-26,0,"quantile",0.2,225
"DE-NI-HB","00+",2025-01-30,2025-01-26,0,"quantile",0.225,225
"DE-NI-HB","00+",2025-01-30,2025-01-26,0,"quantile",0.25,225
"DE-NI-HB","00+",2025-01-30,2025-01-26,0,"quantile",0.275,225
"DE-NI-HB","00+",2025-01-30,2025-01-26,0,"quantile",0.3,225
"DE-NI-HB","00+",2025-01-30,2025-01-26,0,"quantile",0.325,225
"DE-NI-HB","00+",2025-01-30,2025-01-26,0,"quantile",0.35,225
"DE-NI-HB","00+",2025-01-30,2025-01-26,0,"quantile",0.375,226
"DE-NI-HB","00+",2025-01-30,2025-01-26,0,"quantile",0.4,226
"DE-NI-HB","00+",2025-01-30,2025-01-26,0,"quantile",0.425,226
"DE-NI-HB","00+",2025-01-30,2025-01-26,0,"quantile",0.45,226
"DE-NI-HB","00+",2025-01-30,2025-01-26,0,"quantile",0.475,226
"DE-NI-HB","00+",2025-01-30,2025-01-26,0,"quantile",0.5,227
"DE-NI-HB","00+",2025-01-30,2025-01-26,0,"quantile",0.525,227
"DE-NI-HB","00+",2025-01-30,2025-01-26,0,"quantile",0.55,227
"DE-NI-HB","00+",2025-01-30,2025-01-26,0,"quantile",0.575,227
"DE-NI-HB","00+",2025-01-30,2025-01-26,0,"quantile",0.6,228
"DE-NI-HB","00+",2025-01-30,2025-01-26,0,"quantile",0.625,228
"DE-NI-HB","00+",2025-01-30,2025-01-26,0,"quantile",0.65,229
"DE-NI-HB","00+",2025-01-30,2025-01-26,0,"quantile",0.675,229
"DE-NI-HB","00+",2025-01-30,2025-01-26,0,"quantile",0.7,230
"DE-NI-HB","00+",2025-01-30,2025-01-26,0,"quantile",0.725,230
"DE-NI-HB","00+",2025-01-30,2025-01-26,0,"quantile",0.75,231
"DE-NI-HB","00+",2025-01-30,2025-01-26,0,"quantile",0.775,232
"DE-NI-HB","00+",2025-01-30,2025-01-26,0,"quantile",0.8,233
"DE-NI-HB","00+",2025-01-30,2025-01-26,0,"quantile",0.825,234
"DE-NI-HB","00+",2025-01-30,2025-01-26,0,"quantile",0.85,235
"DE-NI-HB","00+",2025-01-30,2025-01-26,0,"quantile",0.875,236
"DE-NI-HB","00+",2025-01-30,2025-01-26,0,"quantile",0.9,238
"DE-NI-HB","00+",2025-01-30,2025-01-26,0,"quantile",0.925,241
"DE-NI-HB","00+",2025-01-30,2025-01-26,0,"quantile",0.95,245
"DE-NI-HB","00+",2025-01-30,2025-01-26,0,"quantile",0.975,251
"DE-NI-HB","00+",2025-01-30,2025-01-19,-1,"mean",NA,136
"DE-NI-HB","00+",2025-01-30,2025-01-19,-1,"quantile",0.025,135
"DE-NI-HB","00+",2025-01-30,2025-01-19,-1,"quantile",0.05,135
"DE-NI-HB","00+",2025-01-30,2025-01-19,-1,"quantile",0.075,135
"DE-NI-HB","00+",2025-01-30,2025-01-19,-1,"quantile",0.1,135
"DE-NI-HB","00+",2025-01-30,2025-01-19,-1,"quantile",0.125,135
"DE-NI-HB","00+",2025-01-30,2025-01-19,-1,"quantile",0.15,135
"DE-NI-HB","00+",2025-01-30,2025-01-19,-1,"quantile",0.175,135
"DE-NI-HB","00+",2025-01-30,2025-01-19,-1,"quantile",0.2,135
"DE-NI-HB","00+",2025-01-30,2025-01-19,-1,"quantile",0.225,135
"DE-NI-HB","00+",2025-01-30,2025-01-19,-1,"quantile",0.25,135
"DE-NI-HB","00+",2025-01-30,2025-01-19,-1,"quantile",0.275,135
"DE-NI-HB","00+",2025-01-30,2025-01-19,-1,"quantile",0.3,135
"DE-NI-HB","00+",2025-01-30,2025-01-19,-1,"quantile",0.325,135
"DE-NI-HB","00+",2025-01-30,2025-01-19,-1,"quantile",0.35,135
"DE-NI-HB","00+",2025-01-30,2025-01-19,-1,"quantile",0.375,135
"DE-NI-HB","00+",2025-01-30,2025-01-19,-1,"quantile",0.4,135
"DE-NI-HB","00+",2025-01-30,2025-01-19,-1,"quantile",0.425,135
"DE-NI-HB","00+",2025-01-30,2025-01-19,-1,"quantile",0.45,135
"DE-NI-HB","00+",2025-01-30,2025-01-19,-1,"quantile",0.475,135
"DE-NI-HB","00+",2025-01-30,2025-01-19,-1,"quantile",0.5,135
"DE-NI-HB","00+",2025-01-30,2025-01-19,-1,"quantile",0.525,135
"DE-NI-HB","00+",2025-01-30,2025-01-19,-1,"quantile",0.55,135
"DE-NI-HB","00+",2025-01-30,2025-01-19,-1,"quantile",0.575,135
"DE-NI-HB","00+",2025-01-30,2025-01-19,-1,"quantile",0.6,135
"DE-NI-HB","00+",2025-01-30,2025-01-19,-1,"quantile",0.625,135
"DE-NI-HB","00+",2025-01-30,2025-01-19,-1,"quantile",0.65,135
"DE-NI-HB","00+",2025-01-30,2025-01-19,-1,"quantile",0.675,136
"DE-NI-HB","00+",2025-01-30,2025-01-19,-1,"quantile",0.7,136
"DE-NI-HB","00+",2025-01-30,2025-01-19,-1,"quantile",0.725,136
"DE-NI-HB","00+",2025-01-30,2025-01-19,-1,"quantile",0.75,136
"DE-NI-HB","00+",2025-01-30,2025-01-19,-1,"quantile",0.775,136
"DE-NI-HB","00+",2025-01-30,2025-01-19,-1,"quantile",0.8,136
"DE-NI-HB","00+",2025-01-30,2025-01-19,-1,"quantile",0.825,136
"DE-NI-HB","00+",2025-01-30,2025-01-19,-1,"quantile",0.85,136
"DE-NI-HB","00+",2025-01-30,2025-01-19,-1,"quantile",0.875,136
"DE-NI-HB","00+",2025-01-30,2025-01-19,-1,"quantile",0.9,137
"DE-NI-HB","00+",2025-01-30,2025-01-19,-1,"quantile",0.925,137
"DE-NI-HB","00+",2025-01-30,2025-01-19,-1,"quantile",0.95,137
"DE-NI-HB","00+",2025-01-30,2025-01-19,-1,"quantile",0.975,138
"DE-NI-HB","00+",2025-01-30,2025-01-12,-2,"mean",NA,92
"DE-NI-HB","00+",2025-01-30,2025-01-12,-2,"quantile",0.025,92
"DE-NI-HB","00+",2025-01-30,2025-01-12,-2,"quantile",0.05,92
"DE-NI-HB","00+",2025-01-30,2025-01-12,-2,"quantile",0.075,92
"DE-NI-HB","00+",2025-01-30,2025-01-12,-2,"quantile",0.1,92
"DE-NI-HB","00+",2025-01-30,2025-01-12,-2,"quantile",0.125,92
"DE-NI-HB","00+",2025-01-30,2025-01-12,-2,"quantile",0.15,92
"DE-NI-HB","00+",2025-01-30,2025-01-12,-2,"quantile",0.175,92
"DE-NI-HB","00+",2025-01-30,2025-01-12,-2,"quantile",0.2,92
"DE-NI-HB","00+",2025-01-30,2025-01-12,-2,"quantile",0.225,92
"DE-NI-HB","00+",2025-01-30,2025-01-12,-2,"quantile",0.25,92
"DE-NI-HB","00+",2025-01-30,2025-01-12,-2,"quantile",0.275,92
"DE-NI-HB","00+",2025-01-30,2025-01-12,-2,"quantile",0.3,92
"DE-NI-HB","00+",2025-01-30,2025-01-12,-2,"quantile",0.325,92
"DE-NI-HB","00+",2025-01-30,2025-01-12,-2,"quantile",0.35,92
"DE-NI-HB","00+",2025-01-30,2025-01-12,-2,"quantile",0.375,92
"DE-NI-HB","00+",2025-01-30,2025-01-12,-2,"quantile",0.4,92
"DE-NI-HB","00+",2025-01-30,2025-01-12,-2,"quantile",0.425,92
"DE-NI-HB","00+",2025-01-30,2025-01-12,-2,"quantile",0.45,92
"DE-NI-HB","00+",2025-01-30,2025-01-12,-2,"quantile",0.475,92
"DE-NI-HB","00+",2025-01-30,2025-01-12,-2,"quantile",0.5,92
"DE-NI-HB","00+",2025-01-30,2025-01-12,-2,"quantile",0.525,92
"DE-NI-HB","00+",2025-01-30,2025-01-12,-2,"quantile",0.55,92
"DE-NI-HB","00+",2025-01-30,2025-01-12,-2,"quantile",0.575,92
"DE-NI-HB","00+",2025-01-30,2025-01-12,-2,"quantile",0.6,92
"DE-NI-HB","00+",2025-01-30,2025-01-12,-2,"quantile",0.625,92
"DE-NI-HB","00+",2025-01-30,2025-01-12,-2,"quantile",0.65,92
"DE-NI-HB","00+",2025-01-30,2025-01-12,-2,"quantile",0.675,92
"DE-NI-HB","00+",2025-01-30,2025-01-12,-2,"quantile",0.7,92
"DE-NI-HB","00+",2025-01-30,2025-01-12,-2,"quantile",0.725,92
"DE-NI-HB","00+",2025-01-30,2025-01-12,-2,"quantile",0.75,92
"DE-NI-HB","00+",2025-01-30,2025-01-12,-2,"quantile",0.775,92
"DE-NI-HB","00+",2025-01-30,2025-01-12,-2,"quantile",0.8,92
"DE-NI-HB","00+",2025-01-30,2025-01-12,-2,"quantile",0.825,92
"DE-NI-HB","00+",2025-01-30,2025-01-12,-2,"quantile",0.85,93
"DE-NI-HB","00+",2025-01-30,2025-01-12,-2,"quantile",0.875,93
"DE-NI-HB","00+",2025-01-30,2025-01-12,-2,"quantile",0.9,93
"DE-NI-HB","00+",2025-01-30,2025-01-12,-2,"quantile",0.925,93
"DE-NI-HB","00+",2025-01-30,2025-01-12,-2,"quantile",0.95,93
"DE-NI-HB","00+",2025-01-30,2025-01-12,-2,"quantile",0.975,93
"DE-NI-HB","00+",2025-01-30,2025-01-05,-3,"mean",NA,63
"DE-NI-HB","00+",2025-01-30,2025-01-05,-3,"quantile",0.025,63
"DE-NI-HB","00+",2025-01-30,2025-01-05,-3,"quantile",0.05,63
"DE-NI-HB","00+",2025-01-30,2025-01-05,-3,"quantile",0.075,63
"DE-NI-HB","00+",2025-01-30,2025-01-05,-3,"quantile",0.1,63
"DE-NI-HB","00+",2025-01-30,2025-01-05,-3,"quantile",0.125,63
"DE-NI-HB","00+",2025-01-30,2025-01-05,-3,"quantile",0.15,63
"DE-NI-HB","00+",2025-01-30,2025-01-05,-3,"quantile",0.175,63
"DE-NI-HB","00+",2025-01-30,2025-01-05,-3,"quantile",0.2,63
"DE-NI-HB","00+",2025-01-30,2025-01-05,-3,"quantile",0.225,63
"DE-NI-HB","00+",2025-01-30,2025-01-05,-3,"quantile",0.25,63
"DE-NI-HB","00+",2025-01-30,2025-01-05,-3,"quantile",0.275,63
"DE-NI-HB","00+",2025-01-30,2025-01-05,-3,"quantile",0.3,63
"DE-NI-HB","00+",2025-01-30,2025-01-05,-3,"quantile",0.325,63
"DE-NI-HB","00+",2025-01-30,2025-01-05,-3,"quantile",0.35,63
"DE-NI-HB","00+",2025-01-30,2025-01-05,-3,"quantile",0.375,63
"DE-NI-HB","00+",2025-01-30,2025-01-05,-3,"quantile",0.4,63
"DE-NI-HB","00+",2025-01-30,2025-01-05,-3,"quantile",0.425,63
"DE-NI-HB","00+",2025-01-30,2025-01-05,-3,"quantile",0.45,63
"DE-NI-HB","00+",2025-01-30,2025-01-05,-3,"quantile",0.475,63
"DE-NI-HB","00+",2025-01-30,2025-01-05,-3,"quantile",0.5,63
"DE-NI-HB","00+",2025-01-30,2025-01-05,-3,"quantile",0.525,63
"DE-NI-HB","00+",2025-01-30,2025-01-05,-3,"quantile",0.55,63
"DE-NI-HB","00+",2025-01-30,2025-01-05,-3,"quantile",0.575,63
"DE-NI-HB","00+",2025-01-30,2025-01-05,-3,"quantile",0.6,63
"DE-NI-HB","00+",2025-01-30,2025-01-05,-3,"quantile",0.625,63
"DE-NI-HB","00+",2025-01-30,2025-01-05,-3,"quantile",0.65,63
"DE-NI-HB","00+",2025-01-30,2025-01-05,-3,"quantile",0.675,63
"DE-NI-HB","00+",2025-01-30,2025-01-05,-3,"quantile",0.7,63
"DE-NI-HB","00+",2025-01-30,2025-01-05,-3,"quantile",0.725,63
"DE-NI-HB","00+",2025-01-30,2025-01-05,-3,"quantile",0.75,63
"DE-NI-HB","00+",2025-01-30,2025-01-05,-3,"quantile",0.775,63
"DE-NI-HB","00+",2025-01-30,2025-01-05,-3,"quantile",0.8,63
"DE-NI-HB","00+",2025-01-30,2025-01-05,-3,"quantile",0.825,63
"DE-NI-HB","00+",2025-01-30,2025-01-05,-3,"quantile",0.85,63
"DE-NI-HB","00+",2025-01-30,2025-01-05,-3,"quantile",0.875,63
"DE-NI-HB","00+",2025-01-30,2025-01-05,-3,"quantile",0.9,63
"DE-NI-HB","00+",2025-01-30,2025-01-05,-3,"quantile",0.925,63
"DE-NI-HB","00+",2025-01-30,2025-01-05,-3,"quantile",0.95,63
"DE-NI-HB","00+",2025-01-30,2025-01-05,-3,"quantile",0.975,64
"DE-NW","00+",2025-01-30,2025-02-02,1,"mean",NA,538
"DE-NW","00+",2025-01-30,2025-02-02,1,"quantile",0.025,298
"DE-NW","00+",2025-01-30,2025-02-02,1,"quantile",0.05,316
"DE-NW","00+",2025-01-30,2025-02-02,1,"quantile",0.075,331
"DE-NW","00+",2025-01-30,2025-02-02,1,"quantile",0.1,343
"DE-NW","00+",2025-01-30,2025-02-02,1,"quantile",0.125,355
"DE-NW","00+",2025-01-30,2025-02-02,1,"quantile",0.15,365
"DE-NW","00+",2025-01-30,2025-02-02,1,"quantile",0.175,376
"DE-NW","00+",2025-01-30,2025-02-02,1,"quantile",0.2,386
"DE-NW","00+",2025-01-30,2025-02-02,1,"quantile",0.225,395
"DE-NW","00+",2025-01-30,2025-02-02,1,"quantile",0.25,405
"DE-NW","00+",2025-01-30,2025-02-02,1,"quantile",0.275,414
"DE-NW","00+",2025-01-30,2025-02-02,1,"quantile",0.3,423
"DE-NW","00+",2025-01-30,2025-02-02,1,"quantile",0.325,433
"DE-NW","00+",2025-01-30,2025-02-02,1,"quantile",0.35,442
"DE-NW","00+",2025-01-30,2025-02-02,1,"quantile",0.375,452
"DE-NW","00+",2025-01-30,2025-02-02,1,"quantile",0.4,461
"DE-NW","00+",2025-01-30,2025-02-02,1,"quantile",0.425,471
"DE-NW","00+",2025-01-30,2025-02-02,1,"quantile",0.45,481
"DE-NW","00+",2025-01-30,2025-02-02,1,"quantile",0.475,491
"DE-NW","00+",2025-01-30,2025-02-02,1,"quantile",0.5,501
"DE-NW","00+",2025-01-30,2025-02-02,1,"quantile",0.525,512
"DE-NW","00+",2025-01-30,2025-02-02,1,"quantile",0.55,523
"DE-NW","00+",2025-01-30,2025-02-02,1,"quantile",0.575,534
"DE-NW","00+",2025-01-30,2025-02-02,1,"quantile",0.6,546
"DE-NW","00+",2025-01-30,2025-02-02,1,"quantile",0.625,559
"DE-NW","00+",2025-01-30,2025-02-02,1,"quantile",0.65,572
"DE-NW","00+",2025-01-30,2025-02-02,1,"quantile",0.675,585
"DE-NW","00+",2025-01-30,2025-02-02,1,"quantile",0.7,600
"DE-NW","00+",2025-01-30,2025-02-02,1,"quantile",0.725,615
"DE-NW","00+",2025-01-30,2025-02-02,1,"quantile",0.75,632
"DE-NW","00+",2025-01-30,2025-02-02,1,"quantile",0.775,650
"DE-NW","00+",2025-01-30,2025-02-02,1,"quantile",0.8,670
"DE-NW","00+",2025-01-30,2025-02-02,1,"quantile",0.825,692
"DE-NW","00+",2025-01-30,2025-02-02,1,"quantile",0.85,717
"DE-NW","00+",2025-01-30,2025-02-02,1,"quantile",0.875,747
"DE-NW","00+",2025-01-30,2025-02-02,1,"quantile",0.9,782
"DE-NW","00+",2025-01-30,2025-02-02,1,"quantile",0.925,826
"DE-NW","00+",2025-01-30,2025-02-02,1,"quantile",0.95,887
"DE-NW","00+",2025-01-30,2025-02-02,1,"quantile",0.975,987
"DE-NW","00+",2025-01-30,2025-01-26,0,"mean",NA,553
"DE-NW","00+",2025-01-30,2025-01-26,0,"quantile",0.025,542
"DE-NW","00+",2025-01-30,2025-01-26,0,"quantile",0.05,542
"DE-NW","00+",2025-01-30,2025-01-26,0,"quantile",0.075,542
"DE-NW","00+",2025-01-30,2025-01-26,0,"quantile",0.1,542
"DE-NW","00+",2025-01-30,2025-01-26,0,"quantile",0.125,542
"DE-NW","00+",2025-01-30,2025-01-26,0,"quantile",0.15,542
"DE-NW","00+",2025-01-30,2025-01-26,0,"quantile",0.175,542
"DE-NW","00+",2025-01-30,2025-01-26,0,"quantile",0.2,542
"DE-NW","00+",2025-01-30,2025-01-26,0,"quantile",0.225,542
"DE-NW","00+",2025-01-30,2025-01-26,0,"quantile",0.25,543
"DE-NW","00+",2025-01-30,2025-01-26,0,"quantile",0.275,543
"DE-NW","00+",2025-01-30,2025-01-26,0,"quantile",0.3,543
"DE-NW","00+",2025-01-30,2025-01-26,0,"quantile",0.325,543
"DE-NW","00+",2025-01-30,2025-01-26,0,"quantile",0.35,544
"DE-NW","00+",2025-01-30,2025-01-26,0,"quantile",0.375,544
"DE-NW","00+",2025-01-30,2025-01-26,0,"quantile",0.4,544
"DE-NW","00+",2025-01-30,2025-01-26,0,"quantile",0.425,545
"DE-NW","00+",2025-01-30,2025-01-26,0,"quantile",0.45,545
"DE-NW","00+",2025-01-30,2025-01-26,0,"quantile",0.475,546
"DE-NW","00+",2025-01-30,2025-01-26,0,"quantile",0.5,546
"DE-NW","00+",2025-01-30,2025-01-26,0,"quantile",0.525,547
"DE-NW","00+",2025-01-30,2025-01-26,0,"quantile",0.55,547
"DE-NW","00+",2025-01-30,2025-01-26,0,"quantile",0.575,548
"DE-NW","00+",2025-01-30,2025-01-26,0,"quantile",0.6,549
"DE-NW","00+",2025-01-30,2025-01-26,0,"quantile",0.625,550
"DE-NW","00+",2025-01-30,2025-01-26,0,"quantile",0.65,551
"DE-NW","00+",2025-01-30,2025-01-26,0,"quantile",0.675,552
"DE-NW","00+",2025-01-30,2025-01-26,0,"quantile",0.7,553
"DE-NW","00+",2025-01-30,2025-01-26,0,"quantile",0.725,555
"DE-NW","00+",2025-01-30,2025-01-26,0,"quantile",0.75,556
"DE-NW","00+",2025-01-30,2025-01-26,0,"quantile",0.775,558
"DE-NW","00+",2025-01-30,2025-01-26,0,"quantile",0.8,560
"DE-NW","00+",2025-01-30,2025-01-26,0,"quantile",0.825,563
"DE-NW","00+",2025-01-30,2025-01-26,0,"quantile",0.85,566
"DE-NW","00+",2025-01-30,2025-01-26,0,"quantile",0.875,569
"DE-NW","00+",2025-01-30,2025-01-26,0,"quantile",0.9,574
"DE-NW","00+",2025-01-30,2025-01-26,0,"quantile",0.925,580
"DE-NW","00+",2025-01-30,2025-01-26,0,"quantile",0.95,588
"DE-NW","00+",2025-01-30,2025-01-26,0,"quantile",0.975,604
"DE-NW","00+",2025-01-30,2025-01-19,-1,"mean",NA,362
"DE-NW","00+",2025-01-30,2025-01-19,-1,"quantile",0.025,361
"DE-NW","00+",2025-01-30,2025-01-19,-1,"quantile",0.05,361
"DE-NW","00+",2025-01-30,2025-01-19,-1,"quantile",0.075,361
"DE-NW","00+",2025-01-30,2025-01-19,-1,"quantile",0.1,361
"DE-NW","00+",2025-01-30,2025-01-19,-1,"quantile",0.125,361
"DE-NW","00+",2025-01-30,2025-01-19,-1,"quantile",0.15,361
"DE-NW","00+",2025-01-30,2025-01-19,-1,"quantile",0.175,361
"DE-NW","00+",2025-01-30,2025-01-19,-1,"quantile",0.2,361
"DE-NW","00+",2025-01-30,2025-01-19,-1,"quantile",0.225,361
"DE-NW","00+",2025-01-30,2025-01-19,-1,"quantile",0.25,361
"DE-NW","00+",2025-01-30,2025-01-19,-1,"quantile",0.275,361
"DE-NW","00+",2025-01-30,2025-01-19,-1,"quantile",0.3,361
"DE-NW","00+",2025-01-30,2025-01-19,-1,"quantile",0.325,361
"DE-NW","00+",2025-01-30,2025-01-19,-1,"quantile",0.35,361
"DE-NW","00+",2025-01-30,2025-01-19,-1,"quantile",0.375,361
"DE-NW","00+",2025-01-30,2025-01-19,-1,"quantile",0.4,361
"DE-NW","00+",2025-01-30,2025-01-19,-1,"quantile",0.425,362
"DE-NW","00+",2025-01-30,2025-01-19,-1,"quantile",0.45,362
"DE-NW","00+",2025-01-30,2025-01-19,-1,"quantile",0.475,362
"DE-NW","00+",2025-01-30,2025-01-19,-1,"quantile",0.5,362
"DE-NW","00+",2025-01-30,2025-01-19,-1,"quantile",0.525,362
"DE-NW","00+",2025-01-30,2025-01-19,-1,"quantile",0.55,362
"DE-NW","00+",2025-01-30,2025-01-19,-1,"quantile",0.575,362
"DE-NW","00+",2025-01-30,2025-01-19,-1,"quantile",0.6,362
"DE-NW","00+",2025-01-30,2025-01-19,-1,"quantile",0.625,362
"DE-NW","00+",2025-01-30,2025-01-19,-1,"quantile",0.65,362
"DE-NW","00+",2025-01-30,2025-01-19,-1,"quantile",0.675,363
"DE-NW","00+",2025-01-30,2025-01-19,-1,"quantile",0.7,363
"DE-NW","00+",2025-01-30,2025-01-19,-1,"quantile",0.725,363
"DE-NW","00+",2025-01-30,2025-01-19,-1,"quantile",0.75,363
"DE-NW","00+",2025-01-30,2025-01-19,-1,"quantile",0.775,363
"DE-NW","00+",2025-01-30,2025-01-19,-1,"quantile",0.8,364
"DE-NW","00+",2025-01-30,2025-01-19,-1,"quantile",0.825,364
"DE-NW","00+",2025-01-30,2025-01-19,-1,"quantile",0.85,364
"DE-NW","00+",2025-01-30,2025-01-19,-1,"quantile",0.875,364
"DE-NW","00+",2025-01-30,2025-01-19,-1,"quantile",0.9,365
"DE-NW","00+",2025-01-30,2025-01-19,-1,"quantile",0.925,366
"DE-NW","00+",2025-01-30,2025-01-19,-1,"quantile",0.95,366
"DE-NW","00+",2025-01-30,2025-01-19,-1,"quantile",0.975,368
"DE-NW","00+",2025-01-30,2025-01-12,-2,"mean",NA,309
"DE-NW","00+",2025-01-30,2025-01-12,-2,"quantile",0.025,308
"DE-NW","00+",2025-01-30,2025-01-12,-2,"quantile",0.05,308
"DE-NW","00+",2025-01-30,2025-01-12,-2,"quantile",0.075,308
"DE-NW","00+",2025-01-30,2025-01-12,-2,"quantile",0.1,308
"DE-NW","00+",2025-01-30,2025-01-12,-2,"quantile",0.125,308
"DE-NW","00+",2025-01-30,2025-01-12,-2,"quantile",0.15,308
"DE-NW","00+",2025-01-30,2025-01-12,-2,"quantile",0.175,308
"DE-NW","00+",2025-01-30,2025-01-12,-2,"quantile",0.2,308
"DE-NW","00+",2025-01-30,2025-01-12,-2,"quantile",0.225,308
"DE-NW","00+",2025-01-30,2025-01-12,-2,"quantile",0.25,308
"DE-NW","00+",2025-01-30,2025-01-12,-2,"quantile",0.275,308
"DE-NW","00+",2025-01-30,2025-01-12,-2,"quantile",0.3,308
"DE-NW","00+",2025-01-30,2025-01-12,-2,"quantile",0.325,308
"DE-NW","00+",2025-01-30,2025-01-12,-2,"quantile",0.35,308
"DE-NW","00+",2025-01-30,2025-01-12,-2,"quantile",0.375,308
"DE-NW","00+",2025-01-30,2025-01-12,-2,"quantile",0.4,308
"DE-NW","00+",2025-01-30,2025-01-12,-2,"quantile",0.425,308
"DE-NW","00+",2025-01-30,2025-01-12,-2,"quantile",0.45,308
"DE-NW","00+",2025-01-30,2025-01-12,-2,"quantile",0.475,308
"DE-NW","00+",2025-01-30,2025-01-12,-2,"quantile",0.5,308
"DE-NW","00+",2025-01-30,2025-01-12,-2,"quantile",0.525,308
"DE-NW","00+",2025-01-30,2025-01-12,-2,"quantile",0.55,309
"DE-NW","00+",2025-01-30,2025-01-12,-2,"quantile",0.575,309
"DE-NW","00+",2025-01-30,2025-01-12,-2,"quantile",0.6,309
"DE-NW","00+",2025-01-30,2025-01-12,-2,"quantile",0.625,309
"DE-NW","00+",2025-01-30,2025-01-12,-2,"quantile",0.65,309
"DE-NW","00+",2025-01-30,2025-01-12,-2,"quantile",0.675,309
"DE-NW","00+",2025-01-30,2025-01-12,-2,"quantile",0.7,309
"DE-NW","00+",2025-01-30,2025-01-12,-2,"quantile",0.725,309
"DE-NW","00+",2025-01-30,2025-01-12,-2,"quantile",0.75,309
"DE-NW","00+",2025-01-30,2025-01-12,-2,"quantile",0.775,309
"DE-NW","00+",2025-01-30,2025-01-12,-2,"quantile",0.8,309
"DE-NW","00+",2025-01-30,2025-01-12,-2,"quantile",0.825,309
"DE-NW","00+",2025-01-30,2025-01-12,-2,"quantile",0.85,309
"DE-NW","00+",2025-01-30,2025-01-12,-2,"quantile",0.875,310
"DE-NW","00+",2025-01-30,2025-01-12,-2,"quantile",0.9,310
"DE-NW","00+",2025-01-30,2025-01-12,-2,"quantile",0.925,310
"DE-NW","00+",2025-01-30,2025-01-12,-2,"quantile",0.95,310
"DE-NW","00+",2025-01-30,2025-01-12,-2,"quantile",0.975,311
"DE-NW","00+",2025-01-30,2025-01-05,-3,"mean",NA,245
"DE-NW","00+",2025-01-30,2025-01-05,-3,"quantile",0.025,245
"DE-NW","00+",2025-01-30,2025-01-05,-3,"quantile",0.05,245
"DE-NW","00+",2025-01-30,2025-01-05,-3,"quantile",0.075,245
"DE-NW","00+",2025-01-30,2025-01-05,-3,"quantile",0.1,245
"DE-NW","00+",2025-01-30,2025-01-05,-3,"quantile",0.125,245
"DE-NW","00+",2025-01-30,2025-01-05,-3,"quantile",0.15,245
"DE-NW","00+",2025-01-30,2025-01-05,-3,"quantile",0.175,245
"DE-NW","00+",2025-01-30,2025-01-05,-3,"quantile",0.2,245
"DE-NW","00+",2025-01-30,2025-01-05,-3,"quantile",0.225,245
"DE-NW","00+",2025-01-30,2025-01-05,-3,"quantile",0.25,245
"DE-NW","00+",2025-01-30,2025-01-05,-3,"quantile",0.275,245
"DE-NW","00+",2025-01-30,2025-01-05,-3,"quantile",0.3,245
"DE-NW","00+",2025-01-30,2025-01-05,-3,"quantile",0.325,245
"DE-NW","00+",2025-01-30,2025-01-05,-3,"quantile",0.35,245
"DE-NW","00+",2025-01-30,2025-01-05,-3,"quantile",0.375,245
"DE-NW","00+",2025-01-30,2025-01-05,-3,"quantile",0.4,245
"DE-NW","00+",2025-01-30,2025-01-05,-3,"quantile",0.425,245
"DE-NW","00+",2025-01-30,2025-01-05,-3,"quantile",0.45,245
"DE-NW","00+",2025-01-30,2025-01-05,-3,"quantile",0.475,245
"DE-NW","00+",2025-01-30,2025-01-05,-3,"quantile",0.5,245
"DE-NW","00+",2025-01-30,2025-01-05,-3,"quantile",0.525,245
"DE-NW","00+",2025-01-30,2025-01-05,-3,"quantile",0.55,245
"DE-NW","00+",2025-01-30,2025-01-05,-3,"quantile",0.575,245
"DE-NW","00+",2025-01-30,2025-01-05,-3,"quantile",0.6,245
"DE-NW","00+",2025-01-30,2025-01-05,-3,"quantile",0.625,245
"DE-NW","00+",2025-01-30,2025-01-05,-3,"quantile",0.65,245
"DE-NW","00+",2025-01-30,2025-01-05,-3,"quantile",0.675,245
"DE-NW","00+",2025-01-30,2025-01-05,-3,"quantile",0.7,245
"DE-NW","00+",2025-01-30,2025-01-05,-3,"quantile",0.725,245
"DE-NW","00+",2025-01-30,2025-01-05,-3,"quantile",0.75,245
"DE-NW","00+",2025-01-30,2025-01-05,-3,"quantile",0.775,245
"DE-NW","00+",2025-01-30,2025-01-05,-3,"quantile",0.8,245
"DE-NW","00+",2025-01-30,2025-01-05,-3,"quantile",0.825,245
"DE-NW","00+",2025-01-30,2025-01-05,-3,"quantile",0.85,246
"DE-NW","00+",2025-01-30,2025-01-05,-3,"quantile",0.875,246
"DE-NW","00+",2025-01-30,2025-01-05,-3,"quantile",0.9,246
"DE-NW","00+",2025-01-30,2025-01-05,-3,"quantile",0.925,246
"DE-NW","00+",2025-01-30,2025-01-05,-3,"quantile",0.95,246
"DE-NW","00+",2025-01-30,2025-01-05,-3,"quantile",0.975,247
"DE-RP-SL","00+",2025-01-30,2025-02-02,1,"mean",NA,161
"DE-RP-SL","00+",2025-01-30,2025-02-02,1,"quantile",0.025,89
"DE-RP-SL","00+",2025-01-30,2025-02-02,1,"quantile",0.05,94
"DE-RP-SL","00+",2025-01-30,2025-02-02,1,"quantile",0.075,99
"DE-RP-SL","00+",2025-01-30,2025-02-02,1,"quantile",0.1,102
"DE-RP-SL","00+",2025-01-30,2025-02-02,1,"quantile",0.125,106
"DE-RP-SL","00+",2025-01-30,2025-02-02,1,"quantile",0.15,109
"DE-RP-SL","00+",2025-01-30,2025-02-02,1,"quantile",0.175,112
"DE-RP-SL","00+",2025-01-30,2025-02-02,1,"quantile",0.2,115
"DE-RP-SL","00+",2025-01-30,2025-02-02,1,"quantile",0.225,118
"DE-RP-SL","00+",2025-01-30,2025-02-02,1,"quantile",0.25,121
"DE-RP-SL","00+",2025-01-30,2025-02-02,1,"quantile",0.275,124
"DE-RP-SL","00+",2025-01-30,2025-02-02,1,"quantile",0.3,127
"DE-RP-SL","00+",2025-01-30,2025-02-02,1,"quantile",0.325,130
"DE-RP-SL","00+",2025-01-30,2025-02-02,1,"quantile",0.35,132
"DE-RP-SL","00+",2025-01-30,2025-02-02,1,"quantile",0.375,135
"DE-RP-SL","00+",2025-01-30,2025-02-02,1,"quantile",0.4,138
"DE-RP-SL","00+",2025-01-30,2025-02-02,1,"quantile",0.425,141
"DE-RP-SL","00+",2025-01-30,2025-02-02,1,"quantile",0.45,144
"DE-RP-SL","00+",2025-01-30,2025-02-02,1,"quantile",0.475,147
"DE-RP-SL","00+",2025-01-30,2025-02-02,1,"quantile",0.5,150
"DE-RP-SL","00+",2025-01-30,2025-02-02,1,"quantile",0.525,154
"DE-RP-SL","00+",2025-01-30,2025-02-02,1,"quantile",0.55,157
"DE-RP-SL","00+",2025-01-30,2025-02-02,1,"quantile",0.575,160
"DE-RP-SL","00+",2025-01-30,2025-02-02,1,"quantile",0.6,164
"DE-RP-SL","00+",2025-01-30,2025-02-02,1,"quantile",0.625,168
"DE-RP-SL","00+",2025-01-30,2025-02-02,1,"quantile",0.65,172
"DE-RP-SL","00+",2025-01-30,2025-02-02,1,"quantile",0.675,176
"DE-RP-SL","00+",2025-01-30,2025-02-02,1,"quantile",0.7,180
"DE-RP-SL","00+",2025-01-30,2025-02-02,1,"quantile",0.725,185
"DE-RP-SL","00+",2025-01-30,2025-02-02,1,"quantile",0.75,190
"DE-RP-SL","00+",2025-01-30,2025-02-02,1,"quantile",0.775,195
"DE-RP-SL","00+",2025-01-30,2025-02-02,1,"quantile",0.8,201
"DE-RP-SL","00+",2025-01-30,2025-02-02,1,"quantile",0.825,208
"DE-RP-SL","00+",2025-01-30,2025-02-02,1,"quantile",0.85,216
"DE-RP-SL","00+",2025-01-30,2025-02-02,1,"quantile",0.875,225
"DE-RP-SL","00+",2025-01-30,2025-02-02,1,"quantile",0.9,235
"DE-RP-SL","00+",2025-01-30,2025-02-02,1,"quantile",0.925,249
"DE-RP-SL","00+",2025-01-30,2025-02-02,1,"quantile",0.95,267
"DE-RP-SL","00+",2025-01-30,2025-02-02,1,"quantile",0.975,298
"DE-RP-SL","00+",2025-01-30,2025-01-26,0,"mean",NA,192
"DE-RP-SL","00+",2025-01-30,2025-01-26,0,"quantile",0.025,188
"DE-RP-SL","00+",2025-01-30,2025-01-26,0,"quantile",0.05,188
"DE-RP-SL","00+",2025-01-30,2025-01-26,0,"quantile",0.075,188
"DE-RP-SL","00+",2025-01-30,2025-01-26,0,"quantile",0.1,188
"DE-RP-SL","00+",2025-01-30,2025-01-26,0,"quantile",0.125,188
"DE-RP-SL","00+",2025-01-30,2025-01-26,0,"quantile",0.15,188
"DE-RP-SL","00+",2025-01-30,2025-01-26,0,"quantile",0.175,188
"DE-RP-SL","00+",2025-01-30,2025-01-26,0,"quantile",0.2,188
"DE-RP-SL","00+",2025-01-30,2025-01-26,0,"quantile",0.225,188
"DE-RP-SL","00+",2025-01-30,2025-01-26,0,"quantile",0.25,188
"DE-RP-SL","00+",2025-01-30,2025-01-26,0,"quantile",0.275,188
"DE-RP-SL","00+",2025-01-30,2025-01-26,0,"quantile",0.3,188
"DE-RP-SL","00+",2025-01-30,2025-01-26,0,"quantile",0.325,188
"DE-RP-SL","00+",2025-01-30,2025-01-26,0,"quantile",0.35,188
"DE-RP-SL","00+",2025-01-30,2025-01-26,0,"quantile",0.375,188
"DE-RP-SL","00+",2025-01-30,2025-01-26,0,"quantile",0.4,189
"DE-RP-SL","00+",2025-01-30,2025-01-26,0,"quantile",0.425,189
"DE-RP-SL","00+",2025-01-30,2025-01-26,0,"quantile",0.45,189
"DE-RP-SL","00+",2025-01-30,2025-01-26,0,"quantile",0.475,189
"DE-RP-SL","00+",2025-01-30,2025-01-26,0,"quantile",0.5,189
"DE-RP-SL","00+",2025-01-30,2025-01-26,0,"quantile",0.525,190
"DE-RP-SL","00+",2025-01-30,2025-01-26,0,"quantile",0.55,190
"DE-RP-SL","00+",2025-01-30,2025-01-26,0,"quantile",0.575,190
"DE-RP-SL","00+",2025-01-30,2025-01-26,0,"quantile",0.6,190
"DE-RP-SL","00+",2025-01-30,2025-01-26,0,"quantile",0.625,191
"DE-RP-SL","00+",2025-01-30,2025-01-26,0,"quantile",0.65,191
"DE-RP-SL","00+",2025-01-30,2025-01-26,0,"quantile",0.675,191
"DE-RP-SL","00+",2025-01-30,2025-01-26,0,"quantile",0.7,192
"DE-RP-SL","00+",2025-01-30,2025-01-26,0,"quantile",0.725,192
"DE-RP-SL","00+",2025-01-30,2025-01-26,0,"quantile",0.75,193
"DE-RP-SL","00+",2025-01-30,2025-01-26,0,"quantile",0.775,194
"DE-RP-SL","00+",2025-01-30,2025-01-26,0,"quantile",0.8,194
"DE-RP-SL","00+",2025-01-30,2025-01-26,0,"quantile",0.825,195
"DE-RP-SL","00+",2025-01-30,2025-01-26,0,"quantile",0.85,196
"DE-RP-SL","00+",2025-01-30,2025-01-26,0,"quantile",0.875,198
"DE-RP-SL","00+",2025-01-30,2025-01-26,0,"quantile",0.9,199
"DE-RP-SL","00+",2025-01-30,2025-01-26,0,"quantile",0.925,201
"DE-RP-SL","00+",2025-01-30,2025-01-26,0,"quantile",0.95,204
"DE-RP-SL","00+",2025-01-30,2025-01-26,0,"quantile",0.975,210
"DE-RP-SL","00+",2025-01-30,2025-01-19,-1,"mean",NA,113
"DE-RP-SL","00+",2025-01-30,2025-01-19,-1,"quantile",0.025,113
"DE-RP-SL","00+",2025-01-30,2025-01-19,-1,"quantile",0.05,113
"DE-RP-SL","00+",2025-01-30,2025-01-19,-1,"quantile",0.075,113
"DE-RP-SL","00+",2025-01-30,2025-01-19,-1,"quantile",0.1,113
"DE-RP-SL","00+",2025-01-30,2025-01-19,-1,"quantile",0.125,113
"DE-RP-SL","00+",2025-01-30,2025-01-19,-1,"quantile",0.15,113
"DE-RP-SL","00+",2025-01-30,2025-01-19,-1,"quantile",0.175,113
"DE-RP-SL","00+",2025-01-30,2025-01-19,-1,"quantile",0.2,113
"DE-RP-SL","00+",2025-01-30,2025-01-19,-1,"quantile",0.225,113
"DE-RP-SL","00+",2025-01-30,2025-01-19,-1,"quantile",0.25,113
"DE-RP-SL","00+",2025-01-30,2025-01-19,-1,"quantile",0.275,113
"DE-RP-SL","00+",2025-01-30,2025-01-19,-1,"quantile",0.3,113
"DE-RP-SL","00+",2025-01-30,2025-01-19,-1,"quantile",0.325,113
"DE-RP-SL","00+",2025-01-30,2025-01-19,-1,"quantile",0.35,113
"DE-RP-SL","00+",2025-01-30,2025-01-19,-1,"quantile",0.375,113
"DE-RP-SL","00+",2025-01-30,2025-01-19,-1,"quantile",0.4,113
"DE-RP-SL","00+",2025-01-30,2025-01-19,-1,"quantile",0.425,113
"DE-RP-SL","00+",2025-01-30,2025-01-19,-1,"quantile",0.45,113
"DE-RP-SL","00+",2025-01-30,2025-01-19,-1,"quantile",0.475,113
"DE-RP-SL","00+",2025-01-30,2025-01-19,-1,"quantile",0.5,113
"DE-RP-SL","00+",2025-01-30,2025-01-19,-1,"quantile",0.525,113
"DE-RP-SL","00+",2025-01-30,2025-01-19,-1,"quantile",0.55,113
"DE-RP-SL","00+",2025-01-30,2025-01-19,-1,"quantile",0.575,113
"DE-RP-SL","00+",2025-01-30,2025-01-19,-1,"quantile",0.6,113
"DE-RP-SL","00+",2025-01-30,2025-01-19,-1,"quantile",0.625,113
"DE-RP-SL","00+",2025-01-30,2025-01-19,-1,"quantile",0.65,113
"DE-RP-SL","00+",2025-01-30,2025-01-19,-1,"quantile",0.675,113
"DE-RP-SL","00+",2025-01-30,2025-01-19,-1,"quantile",0.7,114
"DE-RP-SL","00+",2025-01-30,2025-01-19,-1,"quantile",0.725,114
"DE-RP-SL","00+",2025-01-30,2025-01-19,-1,"quantile",0.75,114
"DE-RP-SL","00+",2025-01-30,2025-01-19,-1,"quantile",0.775,114
"DE-RP-SL","00+",2025-01-30,2025-01-19,-1,"quantile",0.8,114
"DE-RP-SL","00+",2025-01-30,2025-01-19,-1,"quantile",0.825,114
"DE-RP-SL","00+",2025-01-30,2025-01-19,-1,"quantile",0.85,114
"DE-RP-SL","00+",2025-01-30,2025-01-19,-1,"quantile",0.875,114
"DE-RP-SL","00+",2025-01-30,2025-01-19,-1,"quantile",0.9,114
"DE-RP-SL","00+",2025-01-30,2025-01-19,-1,"quantile",0.925,115
"DE-RP-SL","00+",2025-01-30,2025-01-19,-1,"quantile",0.95,115
"DE-RP-SL","00+",2025-01-30,2025-01-19,-1,"quantile",0.975,116
"DE-RP-SL","00+",2025-01-30,2025-01-12,-2,"mean",NA,103
"DE-RP-SL","00+",2025-01-30,2025-01-12,-2,"quantile",0.025,103
"DE-RP-SL","00+",2025-01-30,2025-01-12,-2,"quantile",0.05,103
"DE-RP-SL","00+",2025-01-30,2025-01-12,-2,"quantile",0.075,103
"DE-RP-SL","00+",2025-01-30,2025-01-12,-2,"quantile",0.1,103
"DE-RP-SL","00+",2025-01-30,2025-01-12,-2,"quantile",0.125,103
"DE-RP-SL","00+",2025-01-30,2025-01-12,-2,"quantile",0.15,103
"DE-RP-SL","00+",2025-01-30,2025-01-12,-2,"quantile",0.175,103
"DE-RP-SL","00+",2025-01-30,2025-01-12,-2,"quantile",0.2,103
"DE-RP-SL","00+",2025-01-30,2025-01-12,-2,"quantile",0.225,103
"DE-RP-SL","00+",2025-01-30,2025-01-12,-2,"quantile",0.25,103
"DE-RP-SL","00+",2025-01-30,2025-01-12,-2,"quantile",0.275,103
"DE-RP-SL","00+",2025-01-30,2025-01-12,-2,"quantile",0.3,103
"DE-RP-SL","00+",2025-01-30,2025-01-12,-2,"quantile",0.325,103
"DE-RP-SL","00+",2025-01-30,2025-01-12,-2,"quantile",0.35,103
"DE-RP-SL","00+",2025-01-30,2025-01-12,-2,"quantile",0.375,103
"DE-RP-SL","00+",2025-01-30,2025-01-12,-2,"quantile",0.4,103
"DE-RP-SL","00+",2025-01-30,2025-01-12,-2,"quantile",0.425,103
"DE-RP-SL","00+",2025-01-30,2025-01-12,-2,"quantile",0.45,103
"DE-RP-SL","00+",2025-01-30,2025-01-12,-2,"quantile",0.475,103
"DE-RP-SL","00+",2025-01-30,2025-01-12,-2,"quantile",0.5,103
"DE-RP-SL","00+",2025-01-30,2025-01-12,-2,"quantile",0.525,103
"DE-RP-SL","00+",2025-01-30,2025-01-12,-2,"quantile",0.55,103
"DE-RP-SL","00+",2025-01-30,2025-01-12,-2,"quantile",0.575,103
"DE-RP-SL","00+",2025-01-30,2025-01-12,-2,"quantile",0.6,103
"DE-RP-SL","00+",2025-01-30,2025-01-12,-2,"quantile",0.625,103
"DE-RP-SL","00+",2025-01-30,2025-01-12,-2,"quantile",0.65,103
"DE-RP-SL","00+",2025-01-30,2025-01-12,-2,"quantile",0.675,103
"DE-RP-SL","00+",2025-01-30,2025-01-12,-2,"quantile",0.7,103
"DE-RP-SL","00+",2025-01-30,2025-01-12,-2,"quantile",0.725,103
"DE-RP-SL","00+",2025-01-30,2025-01-12,-2,"quantile",0.75,103
"DE-RP-SL","00+",2025-01-30,2025-01-12,-2,"quantile",0.775,103
"DE-RP-SL","00+",2025-01-30,2025-01-12,-2,"quantile",0.8,103
"DE-RP-SL","00+",2025-01-30,2025-01-12,-2,"quantile",0.825,104
"DE-RP-SL","00+",2025-01-30,2025-01-12,-2,"quantile",0.85,104
"DE-RP-SL","00+",2025-01-30,2025-01-12,-2,"quantile",0.875,104
"DE-RP-SL","00+",2025-01-30,2025-01-12,-2,"quantile",0.9,104
"DE-RP-SL","00+",2025-01-30,2025-01-12,-2,"quantile",0.925,104
"DE-RP-SL","00+",2025-01-30,2025-01-12,-2,"quantile",0.95,104
"DE-RP-SL","00+",2025-01-30,2025-01-12,-2,"quantile",0.975,104
"DE-RP-SL","00+",2025-01-30,2025-01-05,-3,"mean",NA,73
"DE-RP-SL","00+",2025-01-30,2025-01-05,-3,"quantile",0.025,73
"DE-RP-SL","00+",2025-01-30,2025-01-05,-3,"quantile",0.05,73
"DE-RP-SL","00+",2025-01-30,2025-01-05,-3,"quantile",0.075,73
"DE-RP-SL","00+",2025-01-30,2025-01-05,-3,"quantile",0.1,73
"DE-RP-SL","00+",2025-01-30,2025-01-05,-3,"quantile",0.125,73
"DE-RP-SL","00+",2025-01-30,2025-01-05,-3,"quantile",0.15,73
"DE-RP-SL","00+",2025-01-30,2025-01-05,-3,"quantile",0.175,73
"DE-RP-SL","00+",2025-01-30,2025-01-05,-3,"quantile",0.2,73
"DE-RP-SL","00+",2025-01-30,2025-01-05,-3,"quantile",0.225,73
"DE-RP-SL","00+",2025-01-30,2025-01-05,-3,"quantile",0.25,73
"DE-RP-SL","00+",2025-01-30,2025-01-05,-3,"quantile",0.275,73
"DE-RP-SL","00+",2025-01-30,2025-01-05,-3,"quantile",0.3,73
"DE-RP-SL","00+",2025-01-30,2025-01-05,-3,"quantile",0.325,73
"DE-RP-SL","00+",2025-01-30,2025-01-05,-3,"quantile",0.35,73
"DE-RP-SL","00+",2025-01-30,2025-01-05,-3,"quantile",0.375,73
"DE-RP-SL","00+",2025-01-30,2025-01-05,-3,"quantile",0.4,73
"DE-RP-SL","00+",2025-01-30,2025-01-05,-3,"quantile",0.425,73
"DE-RP-SL","00+",2025-01-30,2025-01-05,-3,"quantile",0.45,73
"DE-RP-SL","00+",2025-01-30,2025-01-05,-3,"quantile",0.475,73
"DE-RP-SL","00+",2025-01-30,2025-01-05,-3,"quantile",0.5,73
"DE-RP-SL","00+",2025-01-30,2025-01-05,-3,"quantile",0.525,73
"DE-RP-SL","00+",2025-01-30,2025-01-05,-3,"quantile",0.55,73
"DE-RP-SL","00+",2025-01-30,2025-01-05,-3,"quantile",0.575,73
"DE-RP-SL","00+",2025-01-30,2025-01-05,-3,"quantile",0.6,73
"DE-RP-SL","00+",2025-01-30,2025-01-05,-3,"quantile",0.625,73
"DE-RP-SL","00+",2025-01-30,2025-01-05,-3,"quantile",0.65,73
"DE-RP-SL","00+",2025-01-30,2025-01-05,-3,"quantile",0.675,73
"DE-RP-SL","00+",2025-01-30,2025-01-05,-3,"quantile",0.7,73
"DE-RP-SL","00+",2025-01-30,2025-01-05,-3,"quantile",0.725,73
"DE-RP-SL","00+",2025-01-30,2025-01-05,-3,"quantile",0.75,73
"DE-RP-SL","00+",2025-01-30,2025-01-05,-3,"quantile",0.775,73
"DE-RP-SL","00+",2025-01-30,2025-01-05,-3,"quantile",0.8,73
"DE-RP-SL","00+",2025-01-30,2025-01-05,-3,"quantile",0.825,73
"DE-RP-SL","00+",2025-01-30,2025-01-05,-3,"quantile",0.85,73
"DE-RP-SL","00+",2025-01-30,2025-01-05,-3,"quantile",0.875,73
"DE-RP-SL","00+",2025-01-30,2025-01-05,-3,"quantile",0.9,73
"DE-RP-SL","00+",2025-01-30,2025-01-05,-3,"quantile",0.925,73
"DE-RP-SL","00+",2025-01-30,2025-01-05,-3,"quantile",0.95,74
"DE-RP-SL","00+",2025-01-30,2025-01-05,-3,"quantile",0.975,74
"DE-SH-HH","00+",2025-01-30,2025-02-02,1,"mean",NA,217
"DE-SH-HH","00+",2025-01-30,2025-02-02,1,"quantile",0.025,120
"DE-SH-HH","00+",2025-01-30,2025-02-02,1,"quantile",0.05,127
"DE-SH-HH","00+",2025-01-30,2025-02-02,1,"quantile",0.075,133
"DE-SH-HH","00+",2025-01-30,2025-02-02,1,"quantile",0.1,138
"DE-SH-HH","00+",2025-01-30,2025-02-02,1,"quantile",0.125,143
"DE-SH-HH","00+",2025-01-30,2025-02-02,1,"quantile",0.15,147
"DE-SH-HH","00+",2025-01-30,2025-02-02,1,"quantile",0.175,151
"DE-SH-HH","00+",2025-01-30,2025-02-02,1,"quantile",0.2,155
"DE-SH-HH","00+",2025-01-30,2025-02-02,1,"quantile",0.225,159
"DE-SH-HH","00+",2025-01-30,2025-02-02,1,"quantile",0.25,163
"DE-SH-HH","00+",2025-01-30,2025-02-02,1,"quantile",0.275,167
"DE-SH-HH","00+",2025-01-30,2025-02-02,1,"quantile",0.3,171
"DE-SH-HH","00+",2025-01-30,2025-02-02,1,"quantile",0.325,175
"DE-SH-HH","00+",2025-01-30,2025-02-02,1,"quantile",0.35,178
"DE-SH-HH","00+",2025-01-30,2025-02-02,1,"quantile",0.375,182
"DE-SH-HH","00+",2025-01-30,2025-02-02,1,"quantile",0.4,186
"DE-SH-HH","00+",2025-01-30,2025-02-02,1,"quantile",0.425,190
"DE-SH-HH","00+",2025-01-30,2025-02-02,1,"quantile",0.45,194
"DE-SH-HH","00+",2025-01-30,2025-02-02,1,"quantile",0.475,198
"DE-SH-HH","00+",2025-01-30,2025-02-02,1,"quantile",0.5,202
"DE-SH-HH","00+",2025-01-30,2025-02-02,1,"quantile",0.525,207
"DE-SH-HH","00+",2025-01-30,2025-02-02,1,"quantile",0.55,211
"DE-SH-HH","00+",2025-01-30,2025-02-02,1,"quantile",0.575,216
"DE-SH-HH","00+",2025-01-30,2025-02-02,1,"quantile",0.6,221
"DE-SH-HH","00+",2025-01-30,2025-02-02,1,"quantile",0.625,226
"DE-SH-HH","00+",2025-01-30,2025-02-02,1,"quantile",0.65,231
"DE-SH-HH","00+",2025-01-30,2025-02-02,1,"quantile",0.675,237
"DE-SH-HH","00+",2025-01-30,2025-02-02,1,"quantile",0.7,242
"DE-SH-HH","00+",2025-01-30,2025-02-02,1,"quantile",0.725,249
"DE-SH-HH","00+",2025-01-30,2025-02-02,1,"quantile",0.75,256
"DE-SH-HH","00+",2025-01-30,2025-02-02,1,"quantile",0.775,263
"DE-SH-HH","00+",2025-01-30,2025-02-02,1,"quantile",0.8,271
"DE-SH-HH","00+",2025-01-30,2025-02-02,1,"quantile",0.825,280
"DE-SH-HH","00+",2025-01-30,2025-02-02,1,"quantile",0.85,290
"DE-SH-HH","00+",2025-01-30,2025-02-02,1,"quantile",0.875,302
"DE-SH-HH","00+",2025-01-30,2025-02-02,1,"quantile",0.9,316
"DE-SH-HH","00+",2025-01-30,2025-02-02,1,"quantile",0.925,334
"DE-SH-HH","00+",2025-01-30,2025-02-02,1,"quantile",0.95,359
"DE-SH-HH","00+",2025-01-30,2025-02-02,1,"quantile",0.975,400
"DE-SH-HH","00+",2025-01-30,2025-01-26,0,"mean",NA,178
"DE-SH-HH","00+",2025-01-30,2025-01-26,0,"quantile",0.025,174
"DE-SH-HH","00+",2025-01-30,2025-01-26,0,"quantile",0.05,174
"DE-SH-HH","00+",2025-01-30,2025-01-26,0,"quantile",0.075,174
"DE-SH-HH","00+",2025-01-30,2025-01-26,0,"quantile",0.1,174
"DE-SH-HH","00+",2025-01-30,2025-01-26,0,"quantile",0.125,174
"DE-SH-HH","00+",2025-01-30,2025-01-26,0,"quantile",0.15,174
"DE-SH-HH","00+",2025-01-30,2025-01-26,0,"quantile",0.175,174
"DE-SH-HH","00+",2025-01-30,2025-01-26,0,"quantile",0.2,174
"DE-SH-HH","00+",2025-01-30,2025-01-26,0,"quantile",0.225,174
"DE-SH-HH","00+",2025-01-30,2025-01-26,0,"quantile",0.25,174
"DE-SH-HH","00+",2025-01-30,2025-01-26,0,"quantile",0.275,174
"DE-SH-HH","00+",2025-01-30,2025-01-26,0,"quantile",0.3,174
"DE-SH-HH","00+",2025-01-30,2025-01-26,0,"quantile",0.325,174
"DE-SH-HH","00+",2025-01-30,2025-01-26,0,"quantile",0.35,174
"DE-SH-HH","00+",2025-01-30,2025-01-26,0,"quantile",0.375,174
"DE-SH-HH","00+",2025-01-30,2025-01-26,0,"quantile",0.4,175
"DE-SH-HH","00+",2025-01-30,2025-01-26,0,"quantile",0.425,175
"DE-SH-HH","00+",2025-01-30,2025-01-26,0,"quantile",0.45,175
"DE-SH-HH","00+",2025-01-30,2025-01-26,0,"quantile",0.475,175
"DE-SH-HH","00+",2025-01-30,2025-01-26,0,"quantile",0.5,175
"DE-SH-HH","00+",2025-01-30,2025-01-26,0,"quantile",0.525,175
"DE-SH-HH","00+",2025-01-30,2025-01-26,0,"quantile",0.55,176
"DE-SH-HH","00+",2025-01-30,2025-01-26,0,"quantile",0.575,176
"DE-SH-HH","00+",2025-01-30,2025-01-26,0,"quantile",0.6,176
"DE-SH-HH","00+",2025-01-30,2025-01-26,0,"quantile",0.625,176
"DE-SH-HH","00+",2025-01-30,2025-01-26,0,"quantile",0.65,177
"DE-SH-HH","00+",2025-01-30,2025-01-26,0,"quantile",0.675,177
"DE-SH-HH","00+",2025-01-30,2025-01-26,0,"quantile",0.7,178
"DE-SH-HH","00+",2025-01-30,2025-01-26,0,"quantile",0.725,178
"DE-SH-HH","00+",2025-01-30,2025-01-26,0,"quantile",0.75,179
"DE-SH-HH","00+",2025-01-30,2025-01-26,0,"quantile",0.775,179
"DE-SH-HH","00+",2025-01-30,2025-01-26,0,"quantile",0.8,180
"DE-SH-HH","00+",2025-01-30,2025-01-26,0,"quantile",0.825,181
"DE-SH-HH","00+",2025-01-30,2025-01-26,0,"quantile",0.85,182
"DE-SH-HH","00+",2025-01-30,2025-01-26,0,"quantile",0.875,183
"DE-SH-HH","00+",2025-01-30,2025-01-26,0,"quantile",0.9,184
"DE-SH-HH","00+",2025-01-30,2025-01-26,0,"quantile",0.925,186
"DE-SH-HH","00+",2025-01-30,2025-01-26,0,"quantile",0.95,189
"DE-SH-HH","00+",2025-01-30,2025-01-26,0,"quantile",0.975,194
"DE-SH-HH","00+",2025-01-30,2025-01-19,-1,"mean",NA,121
"DE-SH-HH","00+",2025-01-30,2025-01-19,-1,"quantile",0.025,121
"DE-SH-HH","00+",2025-01-30,2025-01-19,-1,"quantile",0.05,121
"DE-SH-HH","00+",2025-01-30,2025-01-19,-1,"quantile",0.075,121
"DE-SH-HH","00+",2025-01-30,2025-01-19,-1,"quantile",0.1,121
"DE-SH-HH","00+",2025-01-30,2025-01-19,-1,"quantile",0.125,121
"DE-SH-HH","00+",2025-01-30,2025-01-19,-1,"quantile",0.15,121
"DE-SH-HH","00+",2025-01-30,2025-01-19,-1,"quantile",0.175,121
"DE-SH-HH","00+",2025-01-30,2025-01-19,-1,"quantile",0.2,121
"DE-SH-HH","00+",2025-01-30,2025-01-19,-1,"quantile",0.225,121
"DE-SH-HH","00+",2025-01-30,2025-01-19,-1,"quantile",0.25,121
"DE-SH-HH","00+",2025-01-30,2025-01-19,-1,"quantile",0.275,121
"DE-SH-HH","00+",2025-01-30,2025-01-19,-1,"quantile",0.3,121
"DE-SH-HH","00+",2025-01-30,2025-01-19,-1,"quantile",0.325,121
"DE-SH-HH","00+",2025-01-30,2025-01-19,-1,"quantile",0.35,121
"DE-SH-HH","00+",2025-01-30,2025-01-19,-1,"quantile",0.375,121
"DE-SH-HH","00+",2025-01-30,2025-01-19,-1,"quantile",0.4,121
"DE-SH-HH","00+",2025-01-30,2025-01-19,-1,"quantile",0.425,121
"DE-SH-HH","00+",2025-01-30,2025-01-19,-1,"quantile",0.45,121
"DE-SH-HH","00+",2025-01-30,2025-01-19,-1,"quantile",0.475,121
"DE-SH-HH","00+",2025-01-30,2025-01-19,-1,"quantile",0.5,121
"DE-SH-HH","00+",2025-01-30,2025-01-19,-1,"quantile",0.525,121
"DE-SH-HH","00+",2025-01-30,2025-01-19,-1,"quantile",0.55,121
"DE-SH-HH","00+",2025-01-30,2025-01-19,-1,"quantile",0.575,121
"DE-SH-HH","00+",2025-01-30,2025-01-19,-1,"quantile",0.6,121
"DE-SH-HH","00+",2025-01-30,2025-01-19,-1,"quantile",0.625,121
"DE-SH-HH","00+",2025-01-30,2025-01-19,-1,"quantile",0.65,121
"DE-SH-HH","00+",2025-01-30,2025-01-19,-1,"quantile",0.675,121
"DE-SH-HH","00+",2025-01-30,2025-01-19,-1,"quantile",0.7,122
"DE-SH-HH","00+",2025-01-30,2025-01-19,-1,"quantile",0.725,122
"DE-SH-HH","00+",2025-01-30,2025-01-19,-1,"quantile",0.75,122
"DE-SH-HH","00+",2025-01-30,2025-01-19,-1,"quantile",0.775,122
"DE-SH-HH","00+",2025-01-30,2025-01-19,-1,"quantile",0.8,122
"DE-SH-HH","00+",2025-01-30,2025-01-19,-1,"quantile",0.825,122
"DE-SH-HH","00+",2025-01-30,2025-01-19,-1,"quantile",0.85,122
"DE-SH-HH","00+",2025-01-30,2025-01-19,-1,"quantile",0.875,122
"DE-SH-HH","00+",2025-01-30,2025-01-19,-1,"quantile",0.9,123
"DE-SH-HH","00+",2025-01-30,2025-01-19,-1,"quantile",0.925,123
"DE-SH-HH","00+",2025-01-30,2025-01-19,-1,"quantile",0.95,123
"DE-SH-HH","00+",2025-01-30,2025-01-19,-1,"quantile",0.975,124
"DE-SH-HH","00+",2025-01-30,2025-01-12,-2,"mean",NA,97
"DE-SH-HH","00+",2025-01-30,2025-01-12,-2,"quantile",0.025,97
"DE-SH-HH","00+",2025-01-30,2025-01-12,-2,"quantile",0.05,97
"DE-SH-HH","00+",2025-01-30,2025-01-12,-2,"quantile",0.075,97
"DE-SH-HH","00+",2025-01-30,2025-01-12,-2,"quantile",0.1,97
"DE-SH-HH","00+",2025-01-30,2025-01-12,-2,"quantile",0.125,97
"DE-SH-HH","00+",2025-01-30,2025-01-12,-2,"quantile",0.15,97
"DE-SH-HH","00+",2025-01-30,2025-01-12,-2,"quantile",0.175,97
"DE-SH-HH","00+",2025-01-30,2025-01-12,-2,"quantile",0.2,97
"DE-SH-HH","00+",2025-01-30,2025-01-12,-2,"quantile",0.225,97
"DE-SH-HH","00+",2025-01-30,2025-01-12,-2,"quantile",0.25,97
"DE-SH-HH","00+",2025-01-30,2025-01-12,-2,"quantile",0.275,97
"DE-SH-HH","00+",2025-01-30,2025-01-12,-2,"quantile",0.3,97
"DE-SH-HH","00+",2025-01-30,2025-01-12,-2,"quantile",0.325,97
"DE-SH-HH","00+",2025-01-30,2025-01-12,-2,"quantile",0.35,97
"DE-SH-HH","00+",2025-01-30,2025-01-12,-2,"quantile",0.375,97
"DE-SH-HH","00+",2025-01-30,2025-01-12,-2,"quantile",0.4,97
"DE-SH-HH","00+",2025-01-30,2025-01-12,-2,"quantile",0.425,97
"DE-SH-HH","00+",2025-01-30,2025-01-12,-2,"quantile",0.45,97
"DE-SH-HH","00+",2025-01-30,2025-01-12,-2,"quantile",0.475,97
"DE-SH-HH","00+",2025-01-30,2025-01-12,-2,"quantile",0.5,97
"DE-SH-HH","00+",2025-01-30,2025-01-12,-2,"quantile",0.525,97
"DE-SH-HH","00+",2025-01-30,2025-01-12,-2,"quantile",0.55,97
"DE-SH-HH","00+",2025-01-30,2025-01-12,-2,"quantile",0.575,97
"DE-SH-HH","00+",2025-01-30,2025-01-12,-2,"quantile",0.6,97
"DE-SH-HH","00+",2025-01-30,2025-01-12,-2,"quantile",0.625,97
"DE-SH-HH","00+",2025-01-30,2025-01-12,-2,"quantile",0.65,97
"DE-SH-HH","00+",2025-01-30,2025-01-12,-2,"quantile",0.675,97
"DE-SH-HH","00+",2025-01-30,2025-01-12,-2,"quantile",0.7,97
"DE-SH-HH","00+",2025-01-30,2025-01-12,-2,"quantile",0.725,97
"DE-SH-HH","00+",2025-01-30,2025-01-12,-2,"quantile",0.75,97
"DE-SH-HH","00+",2025-01-30,2025-01-12,-2,"quantile",0.775,97
"DE-SH-HH","00+",2025-01-30,2025-01-12,-2,"quantile",0.8,97
"DE-SH-HH","00+",2025-01-30,2025-01-12,-2,"quantile",0.825,98
"DE-SH-HH","00+",2025-01-30,2025-01-12,-2,"quantile",0.85,98
"DE-SH-HH","00+",2025-01-30,2025-01-12,-2,"quantile",0.875,98
"DE-SH-HH","00+",2025-01-30,2025-01-12,-2,"quantile",0.9,98
"DE-SH-HH","00+",2025-01-30,2025-01-12,-2,"quantile",0.925,98
"DE-SH-HH","00+",2025-01-30,2025-01-12,-2,"quantile",0.95,98
"DE-SH-HH","00+",2025-01-30,2025-01-12,-2,"quantile",0.975,98
"DE-SH-HH","00+",2025-01-30,2025-01-05,-3,"mean",NA,76
"DE-SH-HH","00+",2025-01-30,2025-01-05,-3,"quantile",0.025,76
"DE-SH-HH","00+",2025-01-30,2025-01-05,-3,"quantile",0.05,76
"DE-SH-HH","00+",2025-01-30,2025-01-05,-3,"quantile",0.075,76
"DE-SH-HH","00+",2025-01-30,2025-01-05,-3,"quantile",0.1,76
"DE-SH-HH","00+",2025-01-30,2025-01-05,-3,"quantile",0.125,76
"DE-SH-HH","00+",2025-01-30,2025-01-05,-3,"quantile",0.15,76
"DE-SH-HH","00+",2025-01-30,2025-01-05,-3,"quantile",0.175,76
"DE-SH-HH","00+",2025-01-30,2025-01-05,-3,"quantile",0.2,76
"DE-SH-HH","00+",2025-01-30,2025-01-05,-3,"quantile",0.225,76
"DE-SH-HH","00+",2025-01-30,2025-01-05,-3,"quantile",0.25,76
"DE-SH-HH","00+",2025-01-30,2025-01-05,-3,"quantile",0.275,76
"DE-SH-HH","00+",2025-01-30,2025-01-05,-3,"quantile",0.3,76
"DE-SH-HH","00+",2025-01-30,2025-01-05,-3,"quantile",0.325,76
"DE-SH-HH","00+",2025-01-30,2025-01-05,-3,"quantile",0.35,76
"DE-SH-HH","00+",2025-01-30,2025-01-05,-3,"quantile",0.375,76
"DE-SH-HH","00+",2025-01-30,2025-01-05,-3,"quantile",0.4,76
"DE-SH-HH","00+",2025-01-30,2025-01-05,-3,"quantile",0.425,76
"DE-SH-HH","00+",2025-01-30,2025-01-05,-3,"quantile",0.45,76
"DE-SH-HH","00+",2025-01-30,2025-01-05,-3,"quantile",0.475,76
"DE-SH-HH","00+",2025-01-30,2025-01-05,-3,"quantile",0.5,76
"DE-SH-HH","00+",2025-01-30,2025-01-05,-3,"quantile",0.525,76
"DE-SH-HH","00+",2025-01-30,2025-01-05,-3,"quantile",0.55,76
"DE-SH-HH","00+",2025-01-30,2025-01-05,-3,"quantile",0.575,76
"DE-SH-HH","00+",2025-01-30,2025-01-05,-3,"quantile",0.6,76
"DE-SH-HH","00+",2025-01-30,2025-01-05,-3,"quantile",0.625,76
"DE-SH-HH","00+",2025-01-30,2025-01-05,-3,"quantile",0.65,76
"DE-SH-HH","00+",2025-01-30,2025-01-05,-3,"quantile",0.675,76
"DE-SH-HH","00+",2025-01-30,2025-01-05,-3,"quantile",0.7,76
"DE-SH-HH","00+",2025-01-30,2025-01-05,-3,"quantile",0.725,76
"DE-SH-HH","00+",2025-01-30,2025-01-05,-3,"quantile",0.75,76
"DE-SH-HH","00+",2025-01-30,2025-01-05,-3,"quantile",0.775,76
"DE-SH-HH","00+",2025-01-30,2025-01-05,-3,"quantile",0.8,76
"DE-SH-HH","00+",2025-01-30,2025-01-05,-3,"quantile",0.825,76
"DE-SH-HH","00+",2025-01-30,2025-01-05,-3,"quantile",0.85,76
"DE-SH-HH","00+",2025-01-30,2025-01-05,-3,"quantile",0.875,76
"DE-SH-HH","00+",2025-01-30,2025-01-05,-3,"quantile",0.9,76
"DE-SH-HH","00+",2025-01-30,2025-01-05,-3,"quantile",0.925,76
"DE-SH-HH","00+",2025-01-30,2025-01-05,-3,"quantile",0.95,77
"DE-SH-HH","00+",2025-01-30,2025-01-05,-3,"quantile",0.975,77
"DE-SN","00+",2025-01-30,2025-02-02,1,"mean",NA,301
"DE-SN","00+",2025-01-30,2025-02-02,1,"quantile",0.025,166
"DE-SN","00+",2025-01-30,2025-02-02,1,"quantile",0.05,177
"DE-SN","00+",2025-01-30,2025-02-02,1,"quantile",0.075,185
"DE-SN","00+",2025-01-30,2025-02-02,1,"quantile",0.1,192
"DE-SN","00+",2025-01-30,2025-02-02,1,"quantile",0.125,198
"DE-SN","00+",2025-01-30,2025-02-02,1,"quantile",0.15,204
"DE-SN","00+",2025-01-30,2025-02-02,1,"quantile",0.175,210
"DE-SN","00+",2025-01-30,2025-02-02,1,"quantile",0.2,216
"DE-SN","00+",2025-01-30,2025-02-02,1,"quantile",0.225,221
"DE-SN","00+",2025-01-30,2025-02-02,1,"quantile",0.25,226
"DE-SN","00+",2025-01-30,2025-02-02,1,"quantile",0.275,232
"DE-SN","00+",2025-01-30,2025-02-02,1,"quantile",0.3,237
"DE-SN","00+",2025-01-30,2025-02-02,1,"quantile",0.325,242
"DE-SN","00+",2025-01-30,2025-02-02,1,"quantile",0.35,247
"DE-SN","00+",2025-01-30,2025-02-02,1,"quantile",0.375,253
"DE-SN","00+",2025-01-30,2025-02-02,1,"quantile",0.4,258
"DE-SN","00+",2025-01-30,2025-02-02,1,"quantile",0.425,264
"DE-SN","00+",2025-01-30,2025-02-02,1,"quantile",0.45,269
"DE-SN","00+",2025-01-30,2025-02-02,1,"quantile",0.475,275
"DE-SN","00+",2025-01-30,2025-02-02,1,"quantile",0.5,281
"DE-SN","00+",2025-01-30,2025-02-02,1,"quantile",0.525,287
"DE-SN","00+",2025-01-30,2025-02-02,1,"quantile",0.55,293
"DE-SN","00+",2025-01-30,2025-02-02,1,"quantile",0.575,299
"DE-SN","00+",2025-01-30,2025-02-02,1,"quantile",0.6,306
"DE-SN","00+",2025-01-30,2025-02-02,1,"quantile",0.625,313
"DE-SN","00+",2025-01-30,2025-02-02,1,"quantile",0.65,320
"DE-SN","00+",2025-01-30,2025-02-02,1,"quantile",0.675,328
"DE-SN","00+",2025-01-30,2025-02-02,1,"quantile",0.7,336
"DE-SN","00+",2025-01-30,2025-02-02,1,"quantile",0.725,345
"DE-SN","00+",2025-01-30,2025-02-02,1,"quantile",0.75,354
"DE-SN","00+",2025-01-30,2025-02-02,1,"quantile",0.775,364
"DE-SN","00+",2025-01-30,2025-02-02,1,"quantile",0.8,375
"DE-SN","00+",2025-01-30,2025-02-02,1,"quantile",0.825,388
"DE-SN","00+",2025-01-30,2025-02-02,1,"quantile",0.85,402
"DE-SN","00+",2025-01-30,2025-02-02,1,"quantile",0.875,418
"DE-SN","00+",2025-01-30,2025-02-02,1,"quantile",0.9,438
"DE-SN","00+",2025-01-30,2025-02-02,1,"quantile",0.925,463
"DE-SN","00+",2025-01-30,2025-02-02,1,"quantile",0.95,497
"DE-SN","00+",2025-01-30,2025-02-02,1,"quantile",0.975,554
"DE-SN","00+",2025-01-30,2025-01-26,0,"mean",NA,395
"DE-SN","00+",2025-01-30,2025-01-26,0,"quantile",0.025,387
"DE-SN","00+",2025-01-30,2025-01-26,0,"quantile",0.05,387
"DE-SN","00+",2025-01-30,2025-01-26,0,"quantile",0.075,387
"DE-SN","00+",2025-01-30,2025-01-26,0,"quantile",0.1,387
"DE-SN","00+",2025-01-30,2025-01-26,0,"quantile",0.125,387
"DE-SN","00+",2025-01-30,2025-01-26,0,"quantile",0.15,387
"DE-SN","00+",2025-01-30,2025-01-26,0,"quantile",0.175,387
"DE-SN","00+",2025-01-30,2025-01-26,0,"quantile",0.2,387
"DE-SN","00+",2025-01-30,2025-01-26,0,"quantile",0.225,387
"DE-SN","00+",2025-01-30,2025-01-26,0,"quantile",0.25,387
"DE-SN","00+",2025-01-30,2025-01-26,0,"quantile",0.275,387
"DE-SN","00+",2025-01-30,2025-01-26,0,"quantile",0.3,388
"DE-SN","00+",2025-01-30,2025-01-26,0,"quantile",0.325,388
"DE-SN","00+",2025-01-30,2025-01-26,0,"quantile",0.35,388
"DE-SN","00+",2025-01-30,2025-01-26,0,"quantile",0.375,388
"DE-SN","00+",2025-01-30,2025-01-26,0,"quantile",0.4,389
"DE-SN","00+",2025-01-30,2025-01-26,0,"quantile",0.425,389
"DE-SN","00+",2025-01-30,2025-01-26,0,"quantile",0.45,389
"DE-SN","00+",2025-01-30,2025-01-26,0,"quantile",0.475,390
"DE-SN","00+",2025-01-30,2025-01-26,0,"quantile",0.5,390
"DE-SN","00+",2025-01-30,2025-01-26,0,"quantile",0.525,390
"DE-SN","00+",2025-01-30,2025-01-26,0,"quantile",0.55,391
"DE-SN","00+",2025-01-30,2025-01-26,0,"quantile",0.575,391
"DE-SN","00+",2025-01-30,2025-01-26,0,"quantile",0.6,392
"DE-SN","00+",2025-01-30,2025-01-26,0,"quantile",0.625,393
"DE-SN","00+",2025-01-30,2025-01-26,0,"quantile",0.65,393
"DE-SN","00+",2025-01-30,2025-01-26,0,"quantile",0.675,394
"DE-SN","00+",2025-01-30,2025-01-26,0,"quantile",0.7,395
"DE-SN","00+",2025-01-30,2025-01-26,0,"quantile",0.725,396
"DE-SN","00+",2025-01-30,2025-01-26,0,"quantile",0.75,397
"DE-SN","00+",2025-01-30,2025-01-26,0,"quantile",0.775,399
"DE-SN","00+",2025-01-30,2025-01-26,0,"quantile",0.8,400
"DE-SN","00+",2025-01-30,2025-01-26,0,"quantile",0.825,402
"DE-SN","00+",2025-01-30,2025-01-26,0,"quantile",0.85,404
"DE-SN","00+",2025-01-30,2025-01-26,0,"quantile",0.875,406
"DE-SN","00+",2025-01-30,2025-01-26,0,"quantile",0.9,410
"DE-SN","00+",2025-01-30,2025-01-26,0,"quantile",0.925,414
"DE-SN","00+",2025-01-30,2025-01-26,0,"quantile",0.95,420
"DE-SN","00+",2025-01-30,2025-01-26,0,"quantile",0.975,431
"DE-SN","00+",2025-01-30,2025-01-19,-1,"mean",NA,236
"DE-SN","00+",2025-01-30,2025-01-19,-1,"quantile",0.025,235
"DE-SN","00+",2025-01-30,2025-01-19,-1,"quantile",0.05,235
"DE-SN","00+",2025-01-30,2025-01-19,-1,"quantile",0.075,235
"DE-SN","00+",2025-01-30,2025-01-19,-1,"quantile",0.1,235
"DE-SN","00+",2025-01-30,2025-01-19,-1,"quantile",0.125,235
"DE-SN","00+",2025-01-30,2025-01-19,-1,"quantile",0.15,235
"DE-SN","00+",2025-01-30,2025-01-19,-1,"quantile",0.175,235
"DE-SN","00+",2025-01-30,2025-01-19,-1,"quantile",0.2,235
"DE-SN","00+",2025-01-30,2025-01-19,-1,"quantile",0.225,235
"DE-SN","00+",2025-01-30,2025-01-19,-1,"quantile",0.25,235
"DE-SN","00+",2025-01-30,2025-01-19,-1,"quantile",0.275,235
"DE-SN","00+",2025-01-30,2025-01-19,-1,"quantile",0.3,235
"DE-SN","00+",2025-01-30,2025-01-19,-1,"quantile",0.325,235
"DE-SN","00+",2025-01-30,2025-01-19,-1,"quantile",0.35,235
"DE-SN","00+",2025-01-30,2025-01-19,-1,"quantile",0.375,235
"DE-SN","00+",2025-01-30,2025-01-19,-1,"quantile",0.4,235
"DE-SN","00+",2025-01-30,2025-01-19,-1,"quantile",0.425,235
"DE-SN","00+",2025-01-30,2025-01-19,-1,"quantile",0.45,235
"DE-SN","00+",2025-01-30,2025-01-19,-1,"quantile",0.475,235
"DE-SN","00+",2025-01-30,2025-01-19,-1,"quantile",0.5,235
"DE-SN","00+",2025-01-30,2025-01-19,-1,"quantile",0.525,236
"DE-SN","00+",2025-01-30,2025-01-19,-1,"quantile",0.55,236
"DE-SN","00+",2025-01-30,2025-01-19,-1,"quantile",0.575,236
"DE-SN","00+",2025-01-30,2025-01-19,-1,"quantile",0.6,236
"DE-SN","00+",2025-01-30,2025-01-19,-1,"quantile",0.625,236
"DE-SN","00+",2025-01-30,2025-01-19,-1,"quantile",0.65,236
"DE-SN","00+",2025-01-30,2025-01-19,-1,"quantile",0.675,236
"DE-SN","00+",2025-01-30,2025-01-19,-1,"quantile",0.7,236
"DE-SN","00+",2025-01-30,2025-01-19,-1,"quantile",0.725,236
"DE-SN","00+",2025-01-30,2025-01-19,-1,"quantile",0.75,236
"DE-SN","00+",2025-01-30,2025-01-19,-1,"quantile",0.775,237
"DE-SN","00+",2025-01-30,2025-01-19,-1,"quantile",0.8,237
"DE-SN","00+",2025-01-30,2025-01-19,-1,"quantile",0.825,237
"DE-SN","00+",2025-01-30,2025-01-19,-1,"quantile",0.85,237
"DE-SN","00+",2025-01-30,2025-01-19,-1,"quantile",0.875,237
"DE-SN","00+",2025-01-30,2025-01-19,-1,"quantile",0.9,238
"DE-SN","00+",2025-01-30,2025-01-19,-1,"quantile",0.925,238
"DE-SN","00+",2025-01-30,2025-01-19,-1,"quantile",0.95,239
"DE-SN","00+",2025-01-30,2025-01-19,-1,"quantile",0.975,240
"DE-SN","00+",2025-01-30,2025-01-12,-2,"mean",NA,222
"DE-SN","00+",2025-01-30,2025-01-12,-2,"quantile",0.025,222
"DE-SN","00+",2025-01-30,2025-01-12,-2,"quantile",0.05,222
"DE-SN","00+",2025-01-30,2025-01-12,-2,"quantile",0.075,222
"DE-SN","00+",2025-01-30,2025-01-12,-2,"quantile",0.1,222
"DE-SN","00+",2025-01-30,2025-01-12,-2,"quantile",0.125,222
"DE-SN","00+",2025-01-30,2025-01-12,-2,"quantile",0.15,222
"DE-SN","00+",2025-01-30,2025-01-12,-2,"quantile",0.175,222
"DE-SN","00+",2025-01-30,2025-01-12,-2,"quantile",0.2,222
"DE-SN","00+",2025-01-30,2025-01-12,-2,"quantile",0.225,222
"DE-SN","00+",2025-01-30,2025-01-12,-2,"quantile",0.25,222
"DE-SN","00+",2025-01-30,2025-01-12,-2,"quantile",0.275,222
"DE-SN","00+",2025-01-30,2025-01-12,-2,"quantile",0.3,222
"DE-SN","00+",2025-01-30,2025-01-12,-2,"quantile",0.325,222
"DE-SN","00+",2025-01-30,2025-01-12,-2,"quantile",0.35,222
"DE-SN","00+",2025-01-30,2025-01-12,-2,"quantile",0.375,222
"DE-SN","00+",2025-01-30,2025-01-12,-2,"quantile",0.4,222
"DE-SN","00+",2025-01-30,2025-01-12,-2,"quantile",0.425,222
"DE-SN","00+",2025-01-30,2025-01-12,-2,"quantile",0.45,222
"DE-SN","00+",2025-01-30,2025-01-12,-2,"quantile",0.475,222
"DE-SN","00+",2025-01-30,2025-01-12,-2,"quantile",0.5,222
"DE-SN","00+",2025-01-30,2025-01-12,-2,"quantile",0.525,222
"DE-SN","00+",2025-01-30,2025-01-12,-2,"quantile",0.55,222
"DE-SN","00+",2025-01-30,2025-01-12,-2,"quantile",0.575,222
"DE-SN","00+",2025-01-30,2025-01-12,-2,"quantile",0.6,222
"DE-SN","00+",2025-01-30,2025-01-12,-2,"quantile",0.625,222
"DE-SN","00+",2025-01-30,2025-01-12,-2,"quantile",0.65,223
"DE-SN","00+",2025-01-30,2025-01-12,-2,"quantile",0.675,223
"DE-SN","00+",2025-01-30,2025-01-12,-2,"quantile",0.7,223
"DE-SN","00+",2025-01-30,2025-01-12,-2,"quantile",0.725,223
"DE-SN","00+",2025-01-30,2025-01-12,-2,"quantile",0.75,223
"DE-SN","00+",2025-01-30,2025-01-12,-2,"quantile",0.775,223
"DE-SN","00+",2025-01-30,2025-01-12,-2,"quantile",0.8,223
"DE-SN","00+",2025-01-30,2025-01-12,-2,"quantile",0.825,223
"DE-SN","00+",2025-01-30,2025-01-12,-2,"quantile",0.85,223
"DE-SN","00+",2025-01-30,2025-01-12,-2,"quantile",0.875,223
"DE-SN","00+",2025-01-30,2025-01-12,-2,"quantile",0.9,223
"DE-SN","00+",2025-01-30,2025-01-12,-2,"quantile",0.925,224
"DE-SN","00+",2025-01-30,2025-01-12,-2,"quantile",0.95,224
"DE-SN","00+",2025-01-30,2025-01-12,-2,"quantile",0.975,224
"DE-SN","00+",2025-01-30,2025-01-05,-3,"mean",NA,38
"DE-SN","00+",2025-01-30,2025-01-05,-3,"quantile",0.025,38
"DE-SN","00+",2025-01-30,2025-01-05,-3,"quantile",0.05,38
"DE-SN","00+",2025-01-30,2025-01-05,-3,"quantile",0.075,38
"DE-SN","00+",2025-01-30,2025-01-05,-3,"quantile",0.1,38
"DE-SN","00+",2025-01-30,2025-01-05,-3,"quantile",0.125,38
"DE-SN","00+",2025-01-30,2025-01-05,-3,"quantile",0.15,38
"DE-SN","00+",2025-01-30,2025-01-05,-3,"quantile",0.175,38
"DE-SN","00+",2025-01-30,2025-01-05,-3,"quantile",0.2,38
"DE-SN","00+",2025-01-30,2025-01-05,-3,"quantile",0.225,38
"DE-SN","00+",2025-01-30,2025-01-05,-3,"quantile",0.25,38
"DE-SN","00+",2025-01-30,2025-01-05,-3,"quantile",0.275,38
"DE-SN","00+",2025-01-30,2025-01-05,-3,"quantile",0.3,38
"DE-SN","00+",2025-01-30,2025-01-05,-3,"quantile",0.325,38
"DE-SN","00+",2025-01-30,2025-01-05,-3,"quantile",0.35,38
"DE-SN","00+",2025-01-30,2025-01-05,-3,"quantile",0.375,38
"DE-SN","00+",2025-01-30,2025-01-05,-3,"quantile",0.4,38
"DE-SN","00+",2025-01-30,2025-01-05,-3,"quantile",0.425,38
"DE-SN","00+",2025-01-30,2025-01-05,-3,"quantile",0.45,38
"DE-SN","00+",2025-01-30,2025-01-05,-3,"quantile",0.475,38
"DE-SN","00+",2025-01-30,2025-01-05,-3,"quantile",0.5,38
"DE-SN","00+",2025-01-30,2025-01-05,-3,"quantile",0.525,38
"DE-SN","00+",2025-01-30,2025-01-05,-3,"quantile",0.55,38
"DE-SN","00+",2025-01-30,2025-01-05,-3,"quantile",0.575,38
"DE-SN","00+",2025-01-30,2025-01-05,-3,"quantile",0.6,38
"DE-SN","00+",2025-01-30,2025-01-05,-3,"quantile",0.625,38
"DE-SN","00+",2025-01-30,2025-01-05,-3,"quantile",0.65,38
"DE-SN","00+",2025-01-30,2025-01-05,-3,"quantile",0.675,38
"DE-SN","00+",2025-01-30,2025-01-05,-3,"quantile",0.7,38
"DE-SN","00+",2025-01-30,2025-01-05,-3,"quantile",0.725,38
"DE-SN","00+",2025-01-30,2025-01-05,-3,"quantile",0.75,38
"DE-SN","00+",2025-01-30,2025-01-05,-3,"quantile",0.775,38
"DE-SN","00+",2025-01-30,2025-01-05,-3,"quantile",0.8,38
"DE-SN","00+",2025-01-30,2025-01-05,-3,"quantile",0.825,38
"DE-SN","00+",2025-01-30,2025-01-05,-3,"quantile",0.85,38
"DE-SN","00+",2025-01-30,2025-01-05,-3,"quantile",0.875,38
"DE-SN","00+",2025-01-30,2025-01-05,-3,"quantile",0.9,38
"DE-SN","00+",2025-01-30,2025-01-05,-3,"quantile",0.925,38
"DE-SN","00+",2025-01-30,2025-01-05,-3,"quantile",0.95,38
"DE-SN","00+",2025-01-30,2025-01-05,-3,"quantile",0.975,39
"DE-ST","00+",2025-01-30,2025-02-02,1,"mean",NA,146
"DE-ST","00+",2025-01-30,2025-02-02,1,"quantile",0.025,80
"DE-ST","00+",2025-01-30,2025-02-02,1,"quantile",0.05,85
"DE-ST","00+",2025-01-30,2025-02-02,1,"quantile",0.075,89
"DE-ST","00+",2025-01-30,2025-02-02,1,"quantile",0.1,93
"DE-ST","00+",2025-01-30,2025-02-02,1,"quantile",0.125,96
"DE-ST","00+",2025-01-30,2025-02-02,1,"quantile",0.15,99
"DE-ST","00+",2025-01-30,2025-02-02,1,"quantile",0.175,102
"DE-ST","00+",2025-01-30,2025-02-02,1,"quantile",0.2,104
"DE-ST","00+",2025-01-30,2025-02-02,1,"quantile",0.225,107
"DE-ST","00+",2025-01-30,2025-02-02,1,"quantile",0.25,110
"DE-ST","00+",2025-01-30,2025-02-02,1,"quantile",0.275,112
"DE-ST","00+",2025-01-30,2025-02-02,1,"quantile",0.3,115
"DE-ST","00+",2025-01-30,2025-02-02,1,"quantile",0.325,117
"DE-ST","00+",2025-01-30,2025-02-02,1,"quantile",0.35,120
"DE-ST","00+",2025-01-30,2025-02-02,1,"quantile",0.375,123
"DE-ST","00+",2025-01-30,2025-02-02,1,"quantile",0.4,125
"DE-ST","00+",2025-01-30,2025-02-02,1,"quantile",0.425,128
"DE-ST","00+",2025-01-30,2025-02-02,1,"quantile",0.45,131
"DE-ST","00+",2025-01-30,2025-02-02,1,"quantile",0.475,133
"DE-ST","00+",2025-01-30,2025-02-02,1,"quantile",0.5,136
"DE-ST","00+",2025-01-30,2025-02-02,1,"quantile",0.525,139
"DE-ST","00+",2025-01-30,2025-02-02,1,"quantile",0.55,142
"DE-ST","00+",2025-01-30,2025-02-02,1,"quantile",0.575,145
"DE-ST","00+",2025-01-30,2025-02-02,1,"quantile",0.6,149
"DE-ST","00+",2025-01-30,2025-02-02,1,"quantile",0.625,152
"DE-ST","00+",2025-01-30,2025-02-02,1,"quantile",0.65,156
"DE-ST","00+",2025-01-30,2025-02-02,1,"quantile",0.675,159
"DE-ST","00+",2025-01-30,2025-02-02,1,"quantile",0.7,163
"DE-ST","00+",2025-01-30,2025-02-02,1,"quantile",0.725,168
"DE-ST","00+",2025-01-30,2025-02-02,1,"quantile",0.75,172
"DE-ST","00+",2025-01-30,2025-02-02,1,"quantile",0.775,177
"DE-ST","00+",2025-01-30,2025-02-02,1,"quantile",0.8,183
"DE-ST","00+",2025-01-30,2025-02-02,1,"quantile",0.825,189
"DE-ST","00+",2025-01-30,2025-02-02,1,"quantile",0.85,196
"DE-ST","00+",2025-01-30,2025-02-02,1,"quantile",0.875,204
"DE-ST","00+",2025-01-30,2025-02-02,1,"quantile",0.9,213
"DE-ST","00+",2025-01-30,2025-02-02,1,"quantile",0.925,226
"DE-ST","00+",2025-01-30,2025-02-02,1,"quantile",0.95,242
"DE-ST","00+",2025-01-30,2025-02-02,1,"quantile",0.975,270
"DE-ST","00+",2025-01-30,2025-01-26,0,"mean",NA,242
"DE-ST","00+",2025-01-30,2025-01-26,0,"quantile",0.025,237
"DE-ST","00+",2025-01-30,2025-01-26,0,"quantile",0.05,237
"DE-ST","00+",2025-01-30,2025-01-26,0,"quantile",0.075,237
"DE-ST","00+",2025-01-30,2025-01-26,0,"quantile",0.1,237
"DE-ST","00+",2025-01-30,2025-01-26,0,"quantile",0.125,237
"DE-ST","00+",2025-01-30,2025-01-26,0,"quantile",0.15,237
"DE-ST","00+",2025-01-30,2025-01-26,0,"quantile",0.175,237
"DE-ST","00+",2025-01-30,2025-01-26,0,"quantile",0.2,237
"DE-ST","00+",2025-01-30,2025-01-26,0,"quantile",0.225,237
"DE-ST","00+",2025-01-30,2025-01-26,0,"quantile",0.25,237
"DE-ST","00+",2025-01-30,2025-01-26,0,"quantile",0.275,237
"DE-ST","00+",2025-01-30,2025-01-26,0,"quantile",0.3,237
"DE-ST","00+",2025-01-30,2025-01-26,0,"quantile",0.325,237
"DE-ST","00+",2025-01-30,2025-01-26,0,"quantile",0.35,238
"DE-ST","00+",2025-01-30,2025-01-26,0,"quantile",0.375,238
"DE-ST","00+",2025-01-30,2025-01-26,0,"quantile",0.4,238
"DE-ST","00+",2025-01-30,2025-01-26,0,"quantile",0.425,238
"DE-ST","00+",2025-01-30,2025-01-26,0,"quantile",0.45,238
"DE-ST","00+",2025-01-30,2025-01-26,0,"quantile",0.475,238
"DE-ST","00+",2025-01-30,2025-01-26,0,"quantile",0.5,239
"DE-ST","00+",2025-01-30,2025-01-26,0,"quantile",0.525,239
"DE-ST","00+",2025-01-30,2025-01-26,0,"quantile",0.55,239
"DE-ST","00+",2025-01-30,2025-01-26,0,"quantile",0.575,240
"DE-ST","00+",2025-01-30,2025-01-26,0,"quantile",0.6,240
"DE-ST","00+",2025-01-30,2025-01-26,0,"quantile",0.625,240
"DE-ST","00+",2025-01-30,2025-01-26,0,"quantile",0.65,241
"DE-ST","00+",2025-01-30,2025-01-26,0,"quantile",0.675,241
"DE-ST","00+",2025-01-30,2025-01-26,0,"quantile",0.7,242
"DE-ST","00+",2025-01-30,2025-01-26,0,"quantile",0.725,243
"DE-ST","00+",2025-01-30,2025-01-26,0,"quantile",0.75,243
"DE-ST","00+",2025-01-30,2025-01-26,0,"quantile",0.775,244
"DE-ST","00+",2025-01-30,2025-01-26,0,"quantile",0.8,245
"DE-ST","00+",2025-01-30,2025-01-26,0,"quantile",0.825,246
"DE-ST","00+",2025-01-30,2025-01-26,0,"quantile",0.85,247
"DE-ST","00+",2025-01-30,2025-01-26,0,"quantile",0.875,249
"DE-ST","00+",2025-01-30,2025-01-26,0,"quantile",0.9,251
"DE-ST","00+",2025-01-30,2025-01-26,0,"quantile",0.925,254
"DE-ST","00+",2025-01-30,2025-01-26,0,"quantile",0.95,258
"DE-ST","00+",2025-01-30,2025-01-26,0,"quantile",0.975,264
"DE-ST","00+",2025-01-30,2025-01-19,-1,"mean",NA,124
"DE-ST","00+",2025-01-30,2025-01-19,-1,"quantile",0.025,124
"DE-ST","00+",2025-01-30,2025-01-19,-1,"quantile",0.05,124
"DE-ST","00+",2025-01-30,2025-01-19,-1,"quantile",0.075,124
"DE-ST","00+",2025-01-30,2025-01-19,-1,"quantile",0.1,124
"DE-ST","00+",2025-01-30,2025-01-19,-1,"quantile",0.125,124
"DE-ST","00+",2025-01-30,2025-01-19,-1,"quantile",0.15,124
"DE-ST","00+",2025-01-30,2025-01-19,-1,"quantile",0.175,124
"DE-ST","00+",2025-01-30,2025-01-19,-1,"quantile",0.2,124
"DE-ST","00+",2025-01-30,2025-01-19,-1,"quantile",0.225,124
"DE-ST","00+",2025-01-30,2025-01-19,-1,"quantile",0.25,124
"DE-ST","00+",2025-01-30,2025-01-19,-1,"quantile",0.275,124
"DE-ST","00+",2025-01-30,2025-01-19,-1,"quantile",0.3,124
"DE-ST","00+",2025-01-30,2025-01-19,-1,"quantile",0.325,124
"DE-ST","00+",2025-01-30,2025-01-19,-1,"quantile",0.35,124
"DE-ST","00+",2025-01-30,2025-01-19,-1,"quantile",0.375,124
"DE-ST","00+",2025-01-30,2025-01-19,-1,"quantile",0.4,124
"DE-ST","00+",2025-01-30,2025-01-19,-1,"quantile",0.425,124
"DE-ST","00+",2025-01-30,2025-01-19,-1,"quantile",0.45,124
"DE-ST","00+",2025-01-30,2025-01-19,-1,"quantile",0.475,124
"DE-ST","00+",2025-01-30,2025-01-19,-1,"quantile",0.5,124
"DE-ST","00+",2025-01-30,2025-01-19,-1,"quantile",0.525,124
"DE-ST","00+",2025-01-30,2025-01-19,-1,"quantile",0.55,124
"DE-ST","00+",2025-01-30,2025-01-19,-1,"quantile",0.575,124
"DE-ST","00+",2025-01-30,2025-01-19,-1,"quantile",0.6,124
"DE-ST","00+",2025-01-30,2025-01-19,-1,"quantile",0.625,124
"DE-ST","00+",2025-01-30,2025-01-19,-1,"quantile",0.65,124
"DE-ST","00+",2025-01-30,2025-01-19,-1,"quantile",0.675,125
"DE-ST","00+",2025-01-30,2025-01-19,-1,"quantile",0.7,125
"DE-ST","00+",2025-01-30,2025-01-19,-1,"quantile",0.725,125
"DE-ST","00+",2025-01-30,2025-01-19,-1,"quantile",0.75,125
"DE-ST","00+",2025-01-30,2025-01-19,-1,"quantile",0.775,125
"DE-ST","00+",2025-01-30,2025-01-19,-1,"quantile",0.8,125
"DE-ST","00+",2025-01-30,2025-01-19,-1,"quantile",0.825,125
"DE-ST","00+",2025-01-30,2025-01-19,-1,"quantile",0.85,125
"DE-ST","00+",2025-01-30,2025-01-19,-1,"quantile",0.875,125
"DE-ST","00+",2025-01-30,2025-01-19,-1,"quantile",0.9,126
"DE-ST","00+",2025-01-30,2025-01-19,-1,"quantile",0.925,126
"DE-ST","00+",2025-01-30,2025-01-19,-1,"quantile",0.95,126
"DE-ST","00+",2025-01-30,2025-01-19,-1,"quantile",0.975,127
"DE-ST","00+",2025-01-30,2025-01-12,-2,"mean",NA,81
"DE-ST","00+",2025-01-30,2025-01-12,-2,"quantile",0.025,81
"DE-ST","00+",2025-01-30,2025-01-12,-2,"quantile",0.05,81
"DE-ST","00+",2025-01-30,2025-01-12,-2,"quantile",0.075,81
"DE-ST","00+",2025-01-30,2025-01-12,-2,"quantile",0.1,81
"DE-ST","00+",2025-01-30,2025-01-12,-2,"quantile",0.125,81
"DE-ST","00+",2025-01-30,2025-01-12,-2,"quantile",0.15,81
"DE-ST","00+",2025-01-30,2025-01-12,-2,"quantile",0.175,81
"DE-ST","00+",2025-01-30,2025-01-12,-2,"quantile",0.2,81
"DE-ST","00+",2025-01-30,2025-01-12,-2,"quantile",0.225,81
"DE-ST","00+",2025-01-30,2025-01-12,-2,"quantile",0.25,81
"DE-ST","00+",2025-01-30,2025-01-12,-2,"quantile",0.275,81
"DE-ST","00+",2025-01-30,2025-01-12,-2,"quantile",0.3,81
"DE-ST","00+",2025-01-30,2025-01-12,-2,"quantile",0.325,81
"DE-ST","00+",2025-01-30,2025-01-12,-2,"quantile",0.35,81
"DE-ST","00+",2025-01-30,2025-01-12,-2,"quantile",0.375,81
"DE-ST","00+",2025-01-30,2025-01-12,-2,"quantile",0.4,81
"DE-ST","00+",2025-01-30,2025-01-12,-2,"quantile",0.425,81
"DE-ST","00+",2025-01-30,2025-01-12,-2,"quantile",0.45,81
"DE-ST","00+",2025-01-30,2025-01-12,-2,"quantile",0.475,81
"DE-ST","00+",2025-01-30,2025-01-12,-2,"quantile",0.5,81
"DE-ST","00+",2025-01-30,2025-01-12,-2,"quantile",0.525,81
"DE-ST","00+",2025-01-30,2025-01-12,-2,"quantile",0.55,81
"DE-ST","00+",2025-01-30,2025-01-12,-2,"quantile",0.575,81
"DE-ST","00+",2025-01-30,2025-01-12,-2,"quantile",0.6,81
"DE-ST","00+",2025-01-30,2025-01-12,-2,"quantile",0.625,81
"DE-ST","00+",2025-01-30,2025-01-12,-2,"quantile",0.65,81
"DE-ST","00+",2025-01-30,2025-01-12,-2,"quantile",0.675,81
"DE-ST","00+",2025-01-30,2025-01-12,-2,"quantile",0.7,81
"DE-ST","00+",2025-01-30,2025-01-12,-2,"quantile",0.725,81
"DE-ST","00+",2025-01-30,2025-01-12,-2,"quantile",0.75,81
"DE-ST","00+",2025-01-30,2025-01-12,-2,"quantile",0.775,81
"DE-ST","00+",2025-01-30,2025-01-12,-2,"quantile",0.8,81
"DE-ST","00+",2025-01-30,2025-01-12,-2,"quantile",0.825,81
"DE-ST","00+",2025-01-30,2025-01-12,-2,"quantile",0.85,82
"DE-ST","00+",2025-01-30,2025-01-12,-2,"quantile",0.875,82
"DE-ST","00+",2025-01-30,2025-01-12,-2,"quantile",0.9,82
"DE-ST","00+",2025-01-30,2025-01-12,-2,"quantile",0.925,82
"DE-ST","00+",2025-01-30,2025-01-12,-2,"quantile",0.95,82
"DE-ST","00+",2025-01-30,2025-01-12,-2,"quantile",0.975,82
"DE-ST","00+",2025-01-30,2025-01-05,-3,"mean",NA,36
"DE-ST","00+",2025-01-30,2025-01-05,-3,"quantile",0.025,36
"DE-ST","00+",2025-01-30,2025-01-05,-3,"quantile",0.05,36
"DE-ST","00+",2025-01-30,2025-01-05,-3,"quantile",0.075,36
"DE-ST","00+",2025-01-30,2025-01-05,-3,"quantile",0.1,36
"DE-ST","00+",2025-01-30,2025-01-05,-3,"quantile",0.125,36
"DE-ST","00+",2025-01-30,2025-01-05,-3,"quantile",0.15,36
"DE-ST","00+",2025-01-30,2025-01-05,-3,"quantile",0.175,36
"DE-ST","00+",2025-01-30,2025-01-05,-3,"quantile",0.2,36
"DE-ST","00+",2025-01-30,2025-01-05,-3,"quantile",0.225,36
"DE-ST","00+",2025-01-30,2025-01-05,-3,"quantile",0.25,36
"DE-ST","00+",2025-01-30,2025-01-05,-3,"quantile",0.275,36
"DE-ST","00+",2025-01-30,2025-01-05,-3,"quantile",0.3,36
"DE-ST","00+",2025-01-30,2025-01-05,-3,"quantile",0.325,36
"DE-ST","00+",2025-01-30,2025-01-05,-3,"quantile",0.35,36
"DE-ST","00+",2025-01-30,2025-01-05,-3,"quantile",0.375,36
"DE-ST","00+",2025-01-30,2025-01-05,-3,"quantile",0.4,36
"DE-ST","00+",2025-01-30,2025-01-05,-3,"quantile",0.425,36
"DE-ST","00+",2025-01-30,2025-01-05,-3,"quantile",0.45,36
"DE-ST","00+",2025-01-30,2025-01-05,-3,"quantile",0.475,36
"DE-ST","00+",2025-01-30,2025-01-05,-3,"quantile",0.5,36
"DE-ST","00+",2025-01-30,2025-01-05,-3,"quantile",0.525,36
"DE-ST","00+",2025-01-30,2025-01-05,-3,"quantile",0.55,36
"DE-ST","00+",2025-01-30,2025-01-05,-3,"quantile",0.575,36
"DE-ST","00+",2025-01-30,2025-01-05,-3,"quantile",0.6,36
"DE-ST","00+",2025-01-30,2025-01-05,-3,"quantile",0.625,36
"DE-ST","00+",2025-01-30,2025-01-05,-3,"quantile",0.65,36
"DE-ST","00+",2025-01-30,2025-01-05,-3,"quantile",0.675,36
"DE-ST","00+",2025-01-30,2025-01-05,-3,"quantile",0.7,36
"DE-ST","00+",2025-01-30,2025-01-05,-3,"quantile",0.725,36
"DE-ST","00+",2025-01-30,2025-01-05,-3,"quantile",0.75,36
"DE-ST","00+",2025-01-30,2025-01-05,-3,"quantile",0.775,36
"DE-ST","00+",2025-01-30,2025-01-05,-3,"quantile",0.8,36
"DE-ST","00+",2025-01-30,2025-01-05,-3,"quantile",0.825,36
"DE-ST","00+",2025-01-30,2025-01-05,-3,"quantile",0.85,36
"DE-ST","00+",2025-01-30,2025-01-05,-3,"quantile",0.875,36
"DE-ST","00+",2025-01-30,2025-01-05,-3,"quantile",0.9,36
"DE-ST","00+",2025-01-30,2025-01-05,-3,"quantile",0.925,36
"DE-ST","00+",2025-01-30,2025-01-05,-3,"quantile",0.95,36
"DE-ST","00+",2025-01-30,2025-01-05,-3,"quantile",0.975,37
"DE-TH","00+",2025-01-30,2025-02-02,1,"mean",NA,75
"DE-TH","00+",2025-01-30,2025-02-02,1,"quantile",0.025,41
"DE-TH","00+",2025-01-30,2025-02-02,1,"quantile",0.05,43
"DE-TH","00+",2025-01-30,2025-02-02,1,"quantile",0.075,46
"DE-TH","00+",2025-01-30,2025-02-02,1,"quantile",0.1,47
"DE-TH","00+",2025-01-30,2025-02-02,1,"quantile",0.125,49
"DE-TH","00+",2025-01-30,2025-02-02,1,"quantile",0.15,51
"DE-TH","00+",2025-01-30,2025-02-02,1,"quantile",0.175,52
"DE-TH","00+",2025-01-30,2025-02-02,1,"quantile",0.2,53
"DE-TH","00+",2025-01-30,2025-02-02,1,"quantile",0.225,55
"DE-TH","00+",2025-01-30,2025-02-02,1,"quantile",0.25,56
"DE-TH","00+",2025-01-30,2025-02-02,1,"quantile",0.275,58
"DE-TH","00+",2025-01-30,2025-02-02,1,"quantile",0.3,59
"DE-TH","00+",2025-01-30,2025-02-02,1,"quantile",0.325,60
"DE-TH","00+",2025-01-30,2025-02-02,1,"quantile",0.35,62
"DE-TH","00+",2025-01-30,2025-02-02,1,"quantile",0.375,63
"DE-TH","00+",2025-01-30,2025-02-02,1,"quantile",0.4,64
"DE-TH","00+",2025-01-30,2025-02-02,1,"quantile",0.425,66
"DE-TH","00+",2025-01-30,2025-02-02,1,"quantile",0.45,67
"DE-TH","00+",2025-01-30,2025-02-02,1,"quantile",0.475,69
"DE-TH","00+",2025-01-30,2025-02-02,1,"quantile",0.5,70
"DE-TH","00+",2025-01-30,2025-02-02,1,"quantile",0.525,72
"DE-TH","00+",2025-01-30,2025-02-02,1,"quantile",0.55,73
"DE-TH","00+",2025-01-30,2025-02-02,1,"quantile",0.575,75
"DE-TH","00+",2025-01-30,2025-02-02,1,"quantile",0.6,76
"DE-TH","00+",2025-01-30,2025-02-02,1,"quantile",0.625,78
"DE-TH","00+",2025-01-30,2025-02-02,1,"quantile",0.65,80
"DE-TH","00+",2025-01-30,2025-02-02,1,"quantile",0.675,82
"DE-TH","00+",2025-01-30,2025-02-02,1,"quantile",0.7,84
"DE-TH","00+",2025-01-30,2025-02-02,1,"quantile",0.725,86
"DE-TH","00+",2025-01-30,2025-02-02,1,"quantile",0.75,89
"DE-TH","00+",2025-01-30,2025-02-02,1,"quantile",0.775,91
"DE-TH","00+",2025-01-30,2025-02-02,1,"quantile",0.8,94
"DE-TH","00+",2025-01-30,2025-02-02,1,"quantile",0.825,97
"DE-TH","00+",2025-01-30,2025-02-02,1,"quantile",0.85,101
"DE-TH","00+",2025-01-30,2025-02-02,1,"quantile",0.875,105
"DE-TH","00+",2025-01-30,2025-02-02,1,"quantile",0.9,110
"DE-TH","00+",2025-01-30,2025-02-02,1,"quantile",0.925,117
"DE-TH","00+",2025-01-30,2025-02-02,1,"quantile",0.95,125
"DE-TH","00+",2025-01-30,2025-02-02,1,"quantile",0.975,140
"DE-TH","00+",2025-01-30,2025-01-26,0,"mean",NA,75
"DE-TH","00+",2025-01-30,2025-01-26,0,"quantile",0.025,73
"DE-TH","00+",2025-01-30,2025-01-26,0,"quantile",0.05,73
"DE-TH","00+",2025-01-30,2025-01-26,0,"quantile",0.075,73
"DE-TH","00+",2025-01-30,2025-01-26,0,"quantile",0.1,73
"DE-TH","00+",2025-01-30,2025-01-26,0,"quantile",0.125,73
"DE-TH","00+",2025-01-30,2025-01-26,0,"quantile",0.15,73
"DE-TH","00+",2025-01-30,2025-01-26,0,"quantile",0.175,73
"DE-TH","00+",2025-01-30,2025-01-26,0,"quantile",0.2,73
"DE-TH","00+",2025-01-30,2025-01-26,0,"quantile",0.225,73
"DE-TH","00+",2025-01-30,2025-01-26,0,"quantile",0.25,73
"DE-TH","00+",2025-01-30,2025-01-26,0,"quantile",0.275,73
"DE-TH","00+",2025-01-30,2025-01-26,0,"quantile",0.3,73
"DE-TH","00+",2025-01-30,2025-01-26,0,"quantile",0.325,73
"DE-TH","00+",2025-01-30,2025-01-26,0,"quantile",0.35,73
"DE-TH","00+",2025-01-30,2025-01-26,0,"quantile",0.375,73
"DE-TH","00+",2025-01-30,2025-01-26,0,"quantile",0.4,73
"DE-TH","00+",2025-01-30,2025-01-26,0,"quantile",0.425,73
"DE-TH","00+",2025-01-30,2025-01-26,0,"quantile",0.45,73
"DE-TH","00+",2025-01-30,2025-01-26,0,"quantile",0.475,73
"DE-TH","00+",2025-01-30,2025-01-26,0,"quantile",0.5,73
"DE-TH","00+",2025-01-30,2025-01-26,0,"quantile",0.525,73
"DE-TH","00+",2025-01-30,2025-01-26,0,"quantile",0.55,74
"DE-TH","00+",2025-01-30,2025-01-26,0,"quantile",0.575,74
"DE-TH","00+",2025-01-30,2025-01-26,0,"quantile",0.6,74
"DE-TH","00+",2025-01-30,2025-01-26,0,"quantile",0.625,74
"DE-TH","00+",2025-01-30,2025-01-26,0,"quantile",0.65,74
"DE-TH","00+",2025-01-30,2025-01-26,0,"quantile",0.675,74
"DE-TH","00+",2025-01-30,2025-01-26,0,"quantile",0.7,74
"DE-TH","00+",2025-01-30,2025-01-26,0,"quantile",0.725,75
"DE-TH","00+",2025-01-30,2025-01-26,0,"quantile",0.75,75
"DE-TH","00+",2025-01-30,2025-01-26,0,"quantile",0.775,75
"DE-TH","00+",2025-01-30,2025-01-26,0,"quantile",0.8,76
"DE-TH","00+",2025-01-30,2025-01-26,0,"quantile",0.825,76
"DE-TH","00+",2025-01-30,2025-01-26,0,"quantile",0.85,76
"DE-TH","00+",2025-01-30,2025-01-26,0,"quantile",0.875,77
"DE-TH","00+",2025-01-30,2025-01-26,0,"quantile",0.9,78
"DE-TH","00+",2025-01-30,2025-01-26,0,"quantile",0.925,78
"DE-TH","00+",2025-01-30,2025-01-26,0,"quantile",0.95,80
"DE-TH","00+",2025-01-30,2025-01-26,0,"quantile",0.975,82
"DE-TH","00+",2025-01-30,2025-01-19,-1,"mean",NA,42
"DE-TH","00+",2025-01-30,2025-01-19,-1,"quantile",0.025,42
"DE-TH","00+",2025-01-30,2025-01-19,-1,"quantile",0.05,42
"DE-TH","00+",2025-01-30,2025-01-19,-1,"quantile",0.075,42
"DE-TH","00+",2025-01-30,2025-01-19,-1,"quantile",0.1,42
"DE-TH","00+",2025-01-30,2025-01-19,-1,"quantile",0.125,42
"DE-TH","00+",2025-01-30,2025-01-19,-1,"quantile",0.15,42
"DE-TH","00+",2025-01-30,2025-01-19,-1,"quantile",0.175,42
"DE-TH","00+",2025-01-30,2025-01-19,-1,"quantile",0.2,42
"DE-TH","00+",2025-01-30,2025-01-19,-1,"quantile",0.225,42
"DE-TH","00+",2025-01-30,2025-01-19,-1,"quantile",0.25,42
"DE-TH","00+",2025-01-30,2025-01-19,-1,"quantile",0.275,42
"DE-TH","00+",2025-01-30,2025-01-19,-1,"quantile",0.3,42
"DE-TH","00+",2025-01-30,2025-01-19,-1,"quantile",0.325,42
"DE-TH","00+",2025-01-30,2025-01-19,-1,"quantile",0.35,42
"DE-TH","00+",2025-01-30,2025-01-19,-1,"quantile",0.375,42
"DE-TH","00+",2025-01-30,2025-01-19,-1,"quantile",0.4,42
"DE-TH","00+",2025-01-30,2025-01-19,-1,"quantile",0.425,42
"DE-TH","00+",2025-01-30,2025-01-19,-1,"quantile",0.45,42
"DE-TH","00+",2025-01-30,2025-01-19,-1,"quantile",0.475,42
"DE-TH","00+",2025-01-30,2025-01-19,-1,"quantile",0.5,42
"DE-TH","00+",2025-01-30,2025-01-19,-1,"quantile",0.525,42
"DE-TH","00+",2025-01-30,2025-01-19,-1,"quantile",0.55,42
"DE-TH","00+",2025-01-30,2025-01-19,-1,"quantile",0.575,42
"DE-TH","00+",2025-01-30,2025-01-19,-1,"quantile",0.6,42
"DE-TH","00+",2025-01-30,2025-01-19,-1,"quantile",0.625,42
"DE-TH","00+",2025-01-30,2025-01-19,-1,"quantile",0.65,42
"DE-TH","00+",2025-01-30,2025-01-19,-1,"quantile",0.675,42
"DE-TH","00+",2025-01-30,2025-01-19,-1,"quantile",0.7,42
"DE-TH","00+",2025-01-30,2025-01-19,-1,"quantile",0.725,42
"DE-TH","00+",2025-01-30,2025-01-19,-1,"quantile",0.75,42
"DE-TH","00+",2025-01-30,2025-01-19,-1,"quantile",0.775,42
"DE-TH","00+",2025-01-30,2025-01-19,-1,"quantile",0.8,42
"DE-TH","00+",2025-01-30,2025-01-19,-1,"quantile",0.825,42
"DE-TH","00+",2025-01-30,2025-01-19,-1,"quantile",0.85,42
"DE-TH","00+",2025-01-30,2025-01-19,-1,"quantile",0.875,43
"DE-TH","00+",2025-01-30,2025-01-19,-1,"quantile",0.9,43
"DE-TH","00+",2025-01-30,2025-01-19,-1,"quantile",0.925,43
"DE-TH","00+",2025-01-30,2025-01-19,-1,"quantile",0.95,43
"DE-TH","00+",2025-01-30,2025-01-19,-1,"quantile",0.975,43
"DE-TH","00+",2025-01-30,2025-01-12,-2,"mean",NA,26
"DE-TH","00+",2025-01-30,2025-01-12,-2,"quantile",0.025,26
"DE-TH","00+",2025-01-30,2025-01-12,-2,"quantile",0.05,26
"DE-TH","00+",2025-01-30,2025-01-12,-2,"quantile",0.075,26
"DE-TH","00+",2025-01-30,2025-01-12,-2,"quantile",0.1,26
"DE-TH","00+",2025-01-30,2025-01-12,-2,"quantile",0.125,26
"DE-TH","00+",2025-01-30,2025-01-12,-2,"quantile",0.15,26
"DE-TH","00+",2025-01-30,2025-01-12,-2,"quantile",0.175,26
"DE-TH","00+",2025-01-30,2025-01-12,-2,"quantile",0.2,26
"DE-TH","00+",2025-01-30,2025-01-12,-2,"quantile",0.225,26
"DE-TH","00+",2025-01-30,2025-01-12,-2,"quantile",0.25,26
"DE-TH","00+",2025-01-30,2025-01-12,-2,"quantile",0.275,26
"DE-TH","00+",2025-01-30,2025-01-12,-2,"quantile",0.3,26
"DE-TH","00+",2025-01-30,2025-01-12,-2,"quantile",0.325,26
"DE-TH","00+",2025-01-30,2025-01-12,-2,"quantile",0.35,26
"DE-TH","00+",2025-01-30,2025-01-12,-2,"quantile",0.375,26
"DE-TH","00+",2025-01-30,2025-01-12,-2,"quantile",0.4,26
"DE-TH","00+",2025-01-30,2025-01-12,-2,"quantile",0.425,26
"DE-TH","00+",2025-01-30,2025-01-12,-2,"quantile",0.45,26
"DE-TH","00+",2025-01-30,2025-01-12,-2,"quantile",0.475,26
"DE-TH","00+",2025-01-30,2025-01-12,-2,"quantile",0.5,26
"DE-TH","00+",2025-01-30,2025-01-12,-2,"quantile",0.525,26
"DE-TH","00+",2025-01-30,2025-01-12,-2,"quantile",0.55,26
"DE-TH","00+",2025-01-30,2025-01-12,-2,"quantile",0.575,26
"DE-TH","00+",2025-01-30,2025-01-12,-2,"quantile",0.6,26
"DE-TH","00+",2025-01-30,2025-01-12,-2,"quantile",0.625,26
"DE-TH","00+",2025-01-30,2025-01-12,-2,"quantile",0.65,26
"DE-TH","00+",2025-01-30,2025-01-12,-2,"quantile",0.675,26
"DE-TH","00+",2025-01-30,2025-01-12,-2,"quantile",0.7,26
"DE-TH","00+",2025-01-30,2025-01-12,-2,"quantile",0.725,26
"DE-TH","00+",2025-01-30,2025-01-12,-2,"quantile",0.75,26
"DE-TH","00+",2025-01-30,2025-01-12,-2,"quantile",0.775,26
"DE-TH","00+",2025-01-30,2025-01-12,-2,"quantile",0.8,26
"DE-TH","00+",2025-01-30,2025-01-12,-2,"quantile",0.825,26
"DE-TH","00+",2025-01-30,2025-01-12,-2,"quantile",0.85,26
"DE-TH","00+",2025-01-30,2025-01-12,-2,"quantile",0.875,26
"DE-TH","00+",2025-01-30,2025-01-12,-2,"quantile",0.9,26
"DE-TH","00+",2025-01-30,2025-01-12,-2,"quantile",0.925,26
"DE-TH","00+",2025-01-30,2025-01-12,-2,"quantile",0.95,27
"DE-TH","00+",2025-01-30,2025-01-12,-2,"quantile",0.975,27
"DE-TH","00+",2025-01-30,2025-01-05,-3,"mean",NA,11
"DE-TH","00+",2025-01-30,2025-01-05,-3,"quantile",0.025,11
"DE-TH","00+",2025-01-30,2025-01-05,-3,"quantile",0.05,11
"DE-TH","00+",2025-01-30,2025-01-05,-3,"quantile",0.075,11
"DE-TH","00+",2025-01-30,2025-01-05,-3,"quantile",0.1,11
"DE-TH","00+",2025-01-30,2025-01-05,-3,"quantile",0.125,11
"DE-TH","00+",2025-01-30,2025-01-05,-3,"quantile",0.15,11
"DE-TH","00+",2025-01-30,2025-01-05,-3,"quantile",0.175,11
"DE-TH","00+",2025-01-30,2025-01-05,-3,"quantile",0.2,11
"DE-TH","00+",2025-01-30,2025-01-05,-3,"quantile",0.225,11
"DE-TH","00+",2025-01-30,2025-01-05,-3,"quantile",0.25,11
"DE-TH","00+",2025-01-30,2025-01-05,-3,"quantile",0.275,11
"DE-TH","00+",2025-01-30,2025-01-05,-3,"quantile",0.3,11
"DE-TH","00+",2025-01-30,2025-01-05,-3,"quantile",0.325,11
"DE-TH","00+",2025-01-30,2025-01-05,-3,"quantile",0.35,11
"DE-TH","00+",2025-01-30,2025-01-05,-3,"quantile",0.375,11
"DE-TH","00+",2025-01-30,2025-01-05,-3,"quantile",0.4,11
"DE-TH","00+",2025-01-30,2025-01-05,-3,"quantile",0.425,11
"DE-TH","00+",2025-01-30,2025-01-05,-3,"quantile",0.45,11
"DE-TH","00+",2025-01-30,2025-01-05,-3,"quantile",0.475,11
"DE-TH","00+",2025-01-30,2025-01-05,-3,"quantile",0.5,11
"DE-TH","00+",2025-01-30,2025-01-05,-3,"quantile",0.525,11
"DE-TH","00+",2025-01-30,2025-01-05,-3,"quantile",0.55,11
"DE-TH","00+",2025-01-30,2025-01-05,-3,"quantile",0.575,11
"DE-TH","00+",2025-01-30,2025-01-05,-3,"quantile",0.6,11
"DE-TH","00+",2025-01-30,2025-01-05,-3,"quantile",0.625,11
"DE-TH","00+",2025-01-30,2025-01-05,-3,"quantile",0.65,11
"DE-TH","00+",2025-01-30,2025-01-05,-3,"quantile",0.675,11
"DE-TH","00+",2025-01-30,2025-01-05,-3,"quantile",0.7,11
"DE-TH","00+",2025-01-30,2025-01-05,-3,"quantile",0.725,11
"DE-TH","00+",2025-01-30,2025-01-05,-3,"quantile",0.75,11
"DE-TH","00+",2025-01-30,2025-01-05,-3,"quantile",0.775,11
"DE-TH","00+",2025-01-30,2025-01-05,-3,"quantile",0.8,11
"DE-TH","00+",2025-01-30,2025-01-05,-3,"quantile",0.825,11
"DE-TH","00+",2025-01-30,2025-01-05,-3,"quantile",0.85,11
"DE-TH","00+",2025-01-30,2025-01-05,-3,"quantile",0.875,11
"DE-TH","00+",2025-01-30,2025-01-05,-3,"quantile",0.9,11
"DE-TH","00+",2025-01-30,2025-01-05,-3,"quantile",0.925,11
"DE-TH","00+",2025-01-30,2025-01-05,-3,"quantile",0.95,11
"DE-TH","00+",2025-01-30,2025-01-05,-3,"quantile",0.975,11
