source,disease,level,location,age_group,horizon,model,spread,overprediction,underprediction,wis,c50,c95
agi,are,age,DE,00-04,-3,KIT-simple_nowcast,273.93717355576695,387.38648545663483,521.4956107471177,1182.8192697595196,0.3181818181818182,0.8636363636363636
agi,are,age,DE,00-04,-2,KIT-simple_nowcast,503.63366028152285,331.97558599409746,836.515403727908,1672.1246500035284,0.45454545454545453,0.8181818181818182
agi,are,age,DE,00-04,-1,KIT-simple_nowcast,1097.8898448708144,189.3909433010713,2074.8786417048773,3362.159429876763,0.2727272727272727,0.8636363636363636
agi,are,age,DE,00-04,0,KIT-simple_nowcast,1990.8744110526413,317.2962319327375,4852.176963067796,7160.347606053176,0.3181818181818182,0.7727272727272727
agi,are,age,DE,00-04,1,KIT-EnsembleComplete,9685.575785179526,831.7445689307353,2382.7785781756784,12900.09893228594,0.8636363636363636,1
agi,are,age,DE,00-04,1,KIT-EnsembleRealtime,10273.766233766233,775.0584415584416,6166.675324675325,17215.5,0.8181818181818182,0.9545454545454546
agi,are,age,DE,00-04,1,KIT-LightGBM,4566.5939375190965,1414.000615579718,2431.589062347678,8412.183615446493,0.5909090909090909,0.9545454545454546
agi,are,age,DE,00-04,1,KIT-TSMixer,14216.367184253248,1336.1025974025974,1509.325,17061.794781655844,0.9090909090909091,1
agi,are,age,DE,00-04,1,KIT-hhh4,10273.766233766233,775.0584415584416,6166.675324675325,17215.5,0.8181818181818182,0.9545454545454546
agi,are,age,DE,00-04,1,KIT-persistence,3581.721099154939,1345.3719346360965,8630.797702481168,13557.890736272204,0.36363636363636365,0.7727272727272727
agi,are,age,DE,00-04,1,baseline,10534.649675324676,816.7792207792207,3537.12987012987,14888.558766233768,0.7272727272727273,1
agi,are,age,DE,00-04,2,KIT-EnsembleComplete,10150.20756600132,3216.106448751253,4773.993001938015,18140.30701669059,0.7727272727272727,0.9545454545454546
agi,are,age,DE,00-04,2,KIT-EnsembleRealtime,11252.954545454546,4453.811688311688,11088.551948051949,26795.318181818184,0.7272727272727273,0.8636363636363636
agi,are,age,DE,00-04,2,KIT-LightGBM,5226.477021867593,2772.7526669033446,4578.697128261542,12577.92681703248,0.5,0.9090909090909091
agi,are,age,DE,00-04,2,KIT-TSMixer,13971.191130681818,3493.3137337662333,2818.427922077922,20282.932786525973,0.8181818181818182,0.9545454545454546
agi,are,age,DE,00-04,2,KIT-hhh4,11252.954545454546,4453.811688311688,11088.551948051949,26795.318181818184,0.7272727272727273,0.8636363636363636
agi,are,age,DE,00-04,2,KIT-persistence,5535.594072243822,6190.47282225811,14575.794396976326,26301.861291478257,0.36363636363636365,0.7272727272727273
agi,are,age,DE,00-04,2,baseline,10582.931818181818,1607.142857142857,3613.5519480519483,15803.626623376624,0.6818181818181818,1
agi,are,age,DE,00-04,3,KIT-EnsembleComplete,10511.381760726827,4012.2935898233977,6938.182364212896,21461.85771476312,0.6818181818181818,0.9090909090909091
agi,are,age,DE,00-04,3,KIT-EnsembleRealtime,12154.577922077922,6773.051948051948,14357.454545454546,33285.08441558442,0.5909090909090909,0.7727272727272727
agi,are,age,DE,00-04,3,KIT-LightGBM,5723.864205881778,3399.966219483231,5251.73499953918,14375.565424904189,0.3181818181818182,0.9090909090909091
agi,are,age,DE,00-04,3,KIT-TSMixer,13655.70315422078,3435.3642207792204,4892.417792207792,21983.485167207793,0.7272727272727273,1
agi,are,age,DE,00-04,3,KIT-hhh4,12154.577922077922,6773.051948051948,14357.454545454546,33285.08441558442,0.5909090909090909,0.7727272727272727
agi,are,age,DE,00-04,3,KIT-persistence,6086.687461547683,10135.742303294364,18118.371941586174,34340.801706428225,0.22727272727272727,0.6818181818181818
agi,are,age,DE,00-04,3,baseline,10375.15422077922,1872.844155844156,3547.961038961039,15795.959415584415,0.6363636363636364,1
agi,are,age,DE,00-04,4,KIT-EnsembleComplete,10679.293342224688,4700.669146638335,7067.269756348653,22447.23224521168,0.6818181818181818,0.9545454545454546
agi,are,age,DE,00-04,4,KIT-EnsembleRealtime,12982.012987012988,7304.766233766234,13757.532467532468,34044.31168831169,0.5909090909090909,0.7727272727272727
agi,are,age,DE,00-04,4,KIT-LightGBM,5814.573458492247,4741.668404857886,5210.935029917315,15767.176893267448,0.36363636363636365,0.9545454545454546
agi,are,age,DE,00-04,4,KIT-TSMixer,13241.293581168831,4030.4938311688306,5539.966006493505,22811.75341883117,0.7272727272727273,0.9090909090909091
agi,are,age,DE,00-04,4,KIT-hhh4,12982.012987012988,7304.766233766234,13757.532467532468,34044.31168831169,0.5909090909090909,0.7727272727272727
agi,are,age,DE,00-04,4,KIT-persistence,5723.439768695533,14420.450475788879,18221.950630227344,38365.84087471176,0.13636363636363635,0.6363636363636364
agi,are,age,DE,00-04,4,baseline,10183.11525974026,1725.9155844155844,2791.922077922078,14700.952922077922,0.7272727272727273,1
agi,are,age,DE,05-14,-3,KIT-simple_nowcast,213.01125725356061,427.31195845850493,274.7652221533884,915.0884378654539,0.22727272727272727,0.8636363636363636
agi,are,age,DE,05-14,-2,KIT-simple_nowcast,516.1445273631083,762.6579890863923,708.0390631481607,1986.8415795976612,0.3181818181818182,0.7727272727272727
agi,are,age,DE,05-14,-1,KIT-simple_nowcast,1038.2246146030197,760.5744209563647,1425.0821659626931,3223.8812015220774,0.36363636363636365,0.9090909090909091
agi,are,age,DE,05-14,0,KIT-simple_nowcast,1582.4980117523232,505.6093039986691,4031.593753930224,6119.701069681216,0.2727272727272727,0.7727272727272727
agi,are,age,DE,05-14,1,KIT-EnsembleComplete,10565.377595996877,428.33829987018623,9177.056574387183,20170.772470254247,0.6818181818181818,0.9545454545454546
agi,are,age,DE,05-14,1,KIT-EnsembleRealtime,12473.116883116883,2090.87012987013,8649.110389610389,23213.097402597403,0.7727272727272727,0.9545454545454546
agi,are,age,DE,05-14,1,KIT-LightGBM,6532.5000282503715,891.0866280361814,11906.996189826043,19330.582846112597,0.4090909090909091,0.8636363636363636
agi,are,age,DE,05-14,1,KIT-TSMixer,12690.515876623378,251.82954545454544,13833.665,26776.010422077925,0.5909090909090909,1
agi,are,age,DE,05-14,1,KIT-hhh4,12473.116883116883,2090.87012987013,8649.110389610389,23213.097402597403,0.7727272727272727,0.9545454545454546
agi,are,age,DE,05-14,1,KIT-persistence,4111.223865115787,5186.520648956818,13579.361267747005,22877.10578181961,0.45454545454545453,0.6818181818181818
agi,are,age,DE,05-14,1,baseline,10374.978896103896,0,23651.772727272728,34026.75162337662,0.4090909090909091,0.9090909090909091
agi,are,age,DE,05-14,2,KIT-EnsembleComplete,11174.837998851328,2751.6169409473036,14749.263349802262,28675.718289600893,0.5909090909090909,0.8636363636363636
agi,are,age,DE,05-14,2,KIT-EnsembleRealtime,14203.441558441558,7671.428571428572,16538.259740259742,38413.12987012987,0.6363636363636364,0.8181818181818182
agi,are,age,DE,05-14,2,KIT-LightGBM,6887.464274151384,1998.9169249579372,18717.463434635487,27603.844633744808,0.22727272727272727,0.9090909090909091
agi,are,age,DE,05-14,2,KIT-TSMixer,12433.60816396104,1790.757337662338,17822.38334415584,32046.74884577922,0.4090909090909091,0.9545454545454546
agi,are,age,DE,05-14,2,KIT-hhh4,14203.441558441558,7671.428571428572,16538.259740259742,38413.12987012987,0.6363636363636364,0.8181818181818182
agi,are,age,DE,05-14,2,KIT-persistence,6323.063661533171,12593.388577317948,22425.408734371696,41341.860973222814,0.22727272727272727,0.5909090909090909
agi,are,age,DE,05-14,2,baseline,10622.732792207793,229.24025974025975,23219.376623376622,34071.34967532467,0.4090909090909091,0.9090909090909091
agi,are,age,DE,05-14,3,KIT-EnsembleComplete,11701.2856650517,3775.3290356052767,19722.474327018444,35199.08902767542,0.5454545454545454,0.8181818181818182
agi,are,age,DE,05-14,3,KIT-EnsembleRealtime,15809.318181818182,12144.636363636364,22285.084415584417,50239.03896103896,0.5454545454545454,0.7727272727272727
agi,are,age,DE,05-14,3,KIT-LightGBM,7173.343236226528,2162.5049144868585,24942.2780116227,34278.126162336084,0.36363636363636365,0.7727272727272727
agi,are,age,DE,05-14,3,KIT-TSMixer,12121.195577110391,1790.2136363636364,21882.18025974026,35793.589473214284,0.45454545454545453,0.9090909090909091
agi,are,age,DE,05-14,3,KIT-hhh4,15809.318181818182,12144.636363636364,22285.084415584417,50239.03896103896,0.5454545454545454,0.7727272727272727
agi,are,age,DE,05-14,3,KIT-persistence,7398.51052397506,22256.762934807768,29230.69988718702,58885.97334596985,0.22727272727272727,0.45454545454545453
agi,are,age,DE,05-14,3,baseline,10554.475324675324,261.0194805194805,22371.62987012987,33187.124675324674,0.45454545454545453,0.9090909090909091
agi,are,age,DE,05-14,4,KIT-EnsembleComplete,12145.249613761203,4564.661018451548,20453.225571293835,37163.13620350658,0.6363636363636364,0.8181818181818182
agi,are,age,DE,05-14,4,KIT-EnsembleRealtime,17302.987012987014,14214.90909090909,22792.909090909092,54310.805194805194,0.5,0.7727272727272727
agi,are,age,DE,05-14,4,KIT-LightGBM,7431.875113199197,2617.6277845623276,24053.812958331106,34103.31585609263,0.45454545454545453,0.8181818181818182
agi,are,age,DE,05-14,4,KIT-TSMixer,11700.886715097402,2427.7631818181817,22649.531623376624,36778.18152029221,0.4090909090909091,0.9545454545454546
agi,are,age,DE,05-14,4,KIT-hhh4,17302.987012987014,14214.90909090909,22792.909090909092,54310.805194805194,0.5,0.7727272727272727
agi,are,age,DE,05-14,4,KIT-persistence,7242.492116695772,30299.856602652628,30842.672991854946,68385.02171120334,0.18181818181818182,0.45454545454545453
agi,are,age,DE,05-14,4,baseline,10443.507142857143,336.37012987012986,20355.24025974026,31135.11753246753,0.45454545454545453,0.9090909090909091
agi,are,age,DE,15-34,-3,KIT-simple_nowcast,417.2890024001674,117.23660048967125,389.58078525186227,924.1063881417009,0.5454545454545454,0.9090909090909091
agi,are,age,DE,15-34,-2,KIT-simple_nowcast,1170.044024975078,655.011363899242,1274.8049041572156,3099.8602930315355,0.5,0.9090909090909091
agi,are,age,DE,15-34,-1,KIT-simple_nowcast,2191.9755036229476,936.6843282254157,2662.977813348776,5791.637645197139,0.36363636363636365,0.9090909090909091
agi,are,age,DE,15-34,0,KIT-simple_nowcast,3597.6430229748153,1764.181953503141,3963.4911219949,9325.316098472857,0.4090909090909091,0.9090909090909091
agi,are,age,DE,15-34,1,KIT-EnsembleComplete,18951.372833284968,1433.8951459737345,8168.8413546908305,28554.10933394953,0.7272727272727273,0.9545454545454546
agi,are,age,DE,15-34,1,KIT-EnsembleRealtime,20762.564935064936,5622.38961038961,9034.915584415585,35419.87012987013,0.7272727272727273,0.9545454545454546
agi,are,age,DE,15-34,1,KIT-LightGBM,10937.994668686068,3845.3879571473976,11557.436473805532,26340.819099638997,0.45454545454545453,0.9090909090909091
agi,are,age,DE,15-34,1,KIT-TSMixer,25153.558896103896,158.2620129870128,13979.930974025976,39291.751883116885,0.6818181818181818,1
agi,are,age,DE,15-34,1,KIT-hhh4,20762.564935064936,5622.38961038961,9034.915584415585,35419.87012987013,0.7272727272727273,0.9545454545454546
agi,are,age,DE,15-34,1,KIT-persistence,11134.533208104182,6908.756117131649,12174.49004691452,30217.77937215035,0.36363636363636365,0.8636363636363636
agi,are,age,DE,15-34,1,baseline,18871.74707792208,0,37498.2987012987,56370.04577922078,0.2727272727272727,1
agi,are,age,DE,15-34,2,KIT-EnsembleComplete,20627.645664560434,8947.791257159919,9681.613536818462,39257.05045853882,0.7272727272727273,0.9545454545454546
agi,are,age,DE,15-34,2,KIT-EnsembleRealtime,24585.422077922078,18652.220779220777,10929.097402597403,54166.74025974026,0.5,0.9090909090909091
agi,are,age,DE,15-34,2,KIT-LightGBM,12653.6372509865,9777.454183841577,14561.452086917492,36992.54352174557,0.22727272727272727,0.9090909090909091
agi,are,age,DE,15-34,2,KIT-TSMixer,24643.877664772728,5668.3210389610385,14758.152922077923,45070.35162581169,0.5909090909090909,0.9545454545454546
agi,are,age,DE,15-34,2,KIT-hhh4,24585.422077922078,18652.220779220777,10929.097402597403,54166.74025974026,0.5,0.9090909090909091
agi,are,age,DE,15-34,2,KIT-persistence,14832.475439113377,21748.181285644467,11612.410686844247,48193.0674116021,0.3181818181818182,0.7727272727272727
agi,are,age,DE,15-34,2,baseline,19268.030844155845,1165.9805194805194,34471.97402597403,54905.98538961039,0.2727272727272727,1
agi,are,age,DE,15-34,3,KIT-EnsembleComplete,22017.99767362333,10502.661327517762,14113.872492333958,46634.53149347505,0.6363636363636364,0.9090909090909091
agi,are,age,DE,15-34,3,KIT-EnsembleRealtime,28047.077922077922,25258.422077922078,16004.09090909091,69309.59090909091,0.45454545454545453,0.8636363636363636
agi,are,age,DE,15-34,3,KIT-LightGBM,13986.533437266091,12341.460673205353,21770.10679106934,48098.10090154078,0.18181818181818182,0.8636363636363636
agi,are,age,DE,15-34,3,KIT-TSMixer,24020.381661525975,4600.127110389611,17039.591103896106,45660.09987581169,0.5909090909090909,0.9090909090909091
agi,are,age,DE,15-34,3,KIT-hhh4,28047.077922077922,25258.422077922078,16004.09090909091,69309.59090909091,0.45454545454545453,0.8636363636363636
agi,are,age,DE,15-34,3,KIT-persistence,15990.324504490418,30967.95080196269,16801.535117510713,63759.81042396382,0.36363636363636365,0.7727272727272727
agi,are,age,DE,15-34,3,baseline,19489.279545454545,1212.9025974025974,32091.12987012987,52793.312012987015,0.3181818181818182,1
agi,are,age,DE,15-34,4,KIT-EnsembleComplete,22783.7825914028,10986.736381506884,18461.29373873968,52231.81271164937,0.6363636363636364,0.9090909090909091
agi,are,age,DE,15-34,4,KIT-EnsembleRealtime,31226.396103896106,25660.96103896104,19635.746753246753,76523.1038961039,0.45454545454545453,0.9090909090909091
agi,are,age,DE,15-34,4,KIT-LightGBM,14007.713680052553,11473.550901215405,28856.984443959904,54338.249025227866,0.3181818181818182,0.8181818181818182
agi,are,age,DE,15-34,4,KIT-TSMixer,23117.237990259742,7157.770357142857,24021.780876623376,54296.789224025975,0.4090909090909091,0.9090909090909091
agi,are,age,DE,15-34,4,KIT-hhh4,31226.396103896106,25660.96103896104,19635.746753246753,76523.1038961039,0.45454545454545453,0.9090909090909091
agi,are,age,DE,15-34,4,KIT-persistence,15610.937497917723,32857.17890461236,20293.486092946267,68761.60249547634,0.2727272727272727,0.7272727272727273
agi,are,age,DE,15-34,4,baseline,19341.518831168833,1212.9025974025974,31326.564935064936,51880.986363636366,0.3181818181818182,1
agi,are,age,DE,35-59,-3,KIT-simple_nowcast,553.7610499715173,189.25577547714673,384.0077257283838,1127.024551177048,0.5454545454545454,1
agi,are,age,DE,35-59,-2,KIT-simple_nowcast,1349.9007245477821,779.032821899972,1596.1870784669532,3725.120624914707,0.5,0.9090909090909091
agi,are,age,DE,35-59,-1,KIT-simple_nowcast,2514.697791585063,1065.803101954228,3590.9661897233864,7171.467083262677,0.36363636363636365,0.8181818181818182
agi,are,age,DE,35-59,0,KIT-simple_nowcast,4011.153208694738,2412.5543281779205,3261.7738588229777,9685.481395695637,0.45454545454545453,0.9545454545454546
agi,are,age,DE,35-59,1,KIT-EnsembleComplete,23926.782104208905,2527.5010715559583,7777.448739202037,34231.7319149669,0.7727272727272727,1
agi,are,age,DE,35-59,1,KIT-EnsembleRealtime,24462.37012987013,7681.38961038961,10964.188311688313,43107.94805194806,0.7272727272727273,0.9545454545454546
agi,are,age,DE,35-59,1,KIT-LightGBM,15086.45510321113,9223.721853639267,7926.782974484536,32236.95993133493,0.4090909090909091,0.9090909090909091
agi,are,age,DE,35-59,1,KIT-TSMixer,32231.521079545455,514.9090909090917,14971.160194805196,47717.59036525974,0.7272727272727273,1
agi,are,age,DE,35-59,1,KIT-hhh4,24462.37012987013,7681.38961038961,10964.188311688313,43107.94805194806,0.7272727272727273,0.9545454545454546
agi,are,age,DE,35-59,1,KIT-persistence,13093.636833771232,10628.51868019941,14431.820730214487,38153.97624418513,0.5454545454545454,0.8636363636363636
agi,are,age,DE,35-59,1,baseline,26329.97402597403,0,42872.91558441558,69202.88961038961,0.2727272727272727,1
agi,are,age,DE,35-59,2,KIT-EnsembleComplete,26099.14400237442,11896.134717376699,10428.977843336748,48424.25656308787,0.6818181818181818,0.9545454545454546
agi,are,age,DE,35-59,2,KIT-EnsembleRealtime,29284.09090909091,23631.727272727272,14605.454545454546,67521.27272727274,0.45454545454545453,0.9090909090909091
agi,are,age,DE,35-59,2,KIT-LightGBM,17563.700705986896,14772.524262748811,11818.435751692576,44154.660720428285,0.3181818181818182,0.9090909090909091
agi,are,age,DE,35-59,2,KIT-TSMixer,31449.640392045458,6734.265746753247,17641.91883116883,55825.824969967536,0.6363636363636364,0.9545454545454546
agi,are,age,DE,35-59,2,KIT-hhh4,29284.09090909091,23631.727272727272,14605.454545454546,67521.27272727274,0.45454545454545453,0.9090909090909091
agi,are,age,DE,35-59,2,KIT-persistence,16754.651054077574,24210.583621273297,15292.171014311727,56257.4056896626,0.4090909090909091,0.8636363636363636
agi,are,age,DE,35-59,2,baseline,26818.209740259743,1536.5584415584415,39202.11688311688,67556.88506493506,0.2727272727272727,1
agi,are,age,DE,35-59,3,KIT-EnsembleComplete,28320.07549049421,14569.702407639978,17746.391976963325,60636.16987509751,0.6363636363636364,0.9090909090909091
agi,are,age,DE,35-59,3,KIT-EnsembleRealtime,33676.23376623377,33729.357142857145,22818.844155844155,90224.43506493507,0.2727272727272727,0.9090909090909091
agi,are,age,DE,35-59,3,KIT-LightGBM,20765.289748268344,19279.980169187038,20042.315946663937,60087.58586411932,0.2727272727272727,0.9090909090909091
agi,are,age,DE,35-59,3,KIT-TSMixer,30518.70295698052,5696.686201298701,22690.026623376623,58905.41578165584,0.6363636363636364,0.9090909090909091
agi,are,age,DE,35-59,3,KIT-hhh4,33676.23376623377,33729.357142857145,22818.844155844155,90224.43506493507,0.2727272727272727,0.9090909090909091
agi,are,age,DE,35-59,3,KIT-persistence,18185.069716747454,37406.96000757137,26198.31280499545,81790.34252931428,0.36363636363636365,0.6818181818181818
agi,are,age,DE,35-59,3,baseline,27125.763636363637,1536.5584415584415,35677.792207792205,64340.114285714284,0.3181818181818182,1
agi,are,age,DE,35-59,4,KIT-EnsembleComplete,29276.538019975327,15300.511713763728,24114.775800239175,68691.82553397823,0.5454545454545454,0.9090909090909091
agi,are,age,DE,35-59,4,KIT-EnsembleRealtime,37745.29220779221,38184.045454545456,27879.409090909092,103808.74675324676,0.2727272727272727,0.9090909090909091
agi,are,age,DE,35-59,4,KIT-LightGBM,20734.040895153248,18421.14274739444,30018.257655528505,69173.4412980762,0.3181818181818182,0.8636363636363636
agi,are,age,DE,35-59,4,KIT-TSMixer,29350.28095698052,8664.135746753247,31310.786266233765,69325.20296996753,0.45454545454545453,0.9090909090909091
agi,are,age,DE,35-59,4,KIT-hhh4,37745.29220779221,38184.045454545456,27879.409090909092,103808.74675324676,0.2727272727272727,0.9090909090909091
agi,are,age,DE,35-59,4,KIT-persistence,18763.987120083057,46016.44861628643,30072.416210307754,94852.85194667724,0.22727272727272727,0.5909090909090909
agi,are,age,DE,35-59,4,baseline,26894.159090909092,1536.5584415584415,33749.98051948052,62180.69805194806,0.36363636363636365,1
agi,are,age,DE,60+,-3,KIT-simple_nowcast,212.60056037994826,166.41502611373022,97.29426825761058,476.3098547512891,0.5909090909090909,0.9545454545454546
agi,are,age,DE,60+,-2,KIT-simple_nowcast,536.4085853366846,612.3429315823205,409.95199008338585,1558.703507002391,0.4090909090909091,0.8636363636363636
agi,are,age,DE,60+,-1,KIT-simple_nowcast,989.2269345956482,873.4824948248951,1143.9342889211525,3006.6437183416956,0.3181818181818182,0.9090909090909091
agi,are,age,DE,60+,0,KIT-simple_nowcast,2305.9310714773414,1888.1861012983006,1091.1047571668532,5285.221929942495,0.5909090909090909,0.9545454545454546
agi,are,age,DE,60+,1,KIT-EnsembleComplete,9323.9723989901,964.5495173205036,3030.807827185685,13319.329743496286,0.8181818181818182,0.9545454545454546
agi,are,age,DE,60+,1,KIT-EnsembleRealtime,11151.623376623376,1776.8506493506493,2089.779220779221,15018.253246753247,0.9090909090909091,1
agi,are,age,DE,60+,1,KIT-LightGBM,5831.015231872893,2531.175187238444,3602.9597046987215,11965.150123810059,0.5,0.9545454545454546
agi,are,age,DE,60+,1,KIT-TSMixer,10989.278588474026,1188.9571428571428,7042.419577922077,19220.655309253245,0.6363636363636364,0.9545454545454546
agi,are,age,DE,60+,1,KIT-hhh4,11151.623376623376,1776.8506493506493,2089.779220779221,15018.253246753247,0.9090909090909091,1
agi,are,age,DE,60+,1,KIT-persistence,4722.377069305694,3901.7575544341425,3115.6866484954417,11739.821272235278,0.5454545454545454,0.8181818181818182
agi,are,age,DE,60+,1,baseline,8892.414610389611,0,12620.155844155845,21512.570454545454,0.22727272727272727,0.9090909090909091
agi,are,age,DE,60+,2,KIT-EnsembleComplete,9806.63198442167,2502.7949016414377,1821.497456511464,14130.924342574572,0.8181818181818182,1
agi,are,age,DE,60+,2,KIT-EnsembleRealtime,12542.532467532468,5243.694805194805,1119.0064935064936,18905.233766233767,0.9090909090909091,0.9545454545454546
agi,are,age,DE,60+,2,KIT-LightGBM,6191.674095310464,2792.463371093849,3889.195017567495,12873.332483971808,0.45454545454545453,0.9545454545454546
agi,are,age,DE,60+,2,KIT-TSMixer,10685.689390422078,1994.4025974025974,5845.094805194806,18525.186793019482,0.6363636363636364,1
agi,are,age,DE,60+,2,KIT-hhh4,12542.532467532468,5243.694805194805,1119.0064935064936,18905.233766233767,0.9090909090909091,0.9545454545454546
agi,are,age,DE,60+,2,KIT-persistence,5686.233871037002,6448.390380631347,1675.2950907602985,13809.919342428648,0.5,0.9090909090909091
agi,are,age,DE,60+,2,baseline,8941.268506493507,538.6428571428571,11181.935064935065,20661.84642857143,0.22727272727272727,0.9090909090909091
agi,are,age,DE,60+,3,KIT-EnsembleComplete,10381.800750579894,2378.0223167992576,1608.3728779323335,14368.195945311485,0.8636363636363636,1
agi,are,age,DE,60+,3,KIT-EnsembleRealtime,13873.181818181818,6415.961038961039,1011.4545454545455,21300.597402597403,0.7727272727272727,0.9545454545454546
agi,are,age,DE,60+,3,KIT-LightGBM,6885.0533775513695,2964.3920487835185,4214.1185118229905,14063.563938157879,0.5454545454545454,1
agi,are,age,DE,60+,3,KIT-TSMixer,10387.167056006494,954.5900649350649,4330.639155844156,15672.396276785716,0.6363636363636364,1
agi,are,age,DE,60+,3,KIT-hhh4,13873.181818181818,6415.961038961039,1011.4545454545455,21300.597402597403,0.7727272727272727,0.9545454545454546
agi,are,age,DE,60+,3,KIT-persistence,6384.889727344929,6321.58796704527,1430.523927710643,14137.00162210084,0.4090909090909091,0.9090909090909091
agi,are,age,DE,60+,3,baseline,9103.113636363636,538.6428571428571,9769.01948051948,19410.775974025975,0.2727272727272727,0.9545454545454546
agi,are,age,DE,60+,4,KIT-EnsembleComplete,10837.452026866966,2539.1276252171215,3244.803281385041,16621.38293346913,0.8181818181818182,1
agi,are,age,DE,60+,4,KIT-EnsembleRealtime,15140.649350649352,7640.422077922078,1794.4155844155844,24575.487012987014,0.6363636363636364,0.9545454545454546
agi,are,age,DE,60+,4,KIT-LightGBM,7376.068367126869,2874.7553356793205,6603.718551637402,16854.542254443593,0.5454545454545454,1
agi,are,age,DE,60+,4,KIT-TSMixer,9995.638362824677,1473.4430519480518,8289.290194805195,19758.371609577924,0.5909090909090909,0.9545454545454546
agi,are,age,DE,60+,4,KIT-hhh4,15140.649350649352,7640.422077922078,1794.4155844155844,24575.487012987014,0.6363636363636364,0.9545454545454546
agi,are,age,DE,60+,4,KIT-persistence,6884.055744850157,7175.97539256085,3054.384591371909,17114.415728782915,0.36363636363636365,0.9545454545454546
agi,are,age,DE,60+,4,baseline,9157.078571428572,538.6428571428571,10558.376623376624,20254.09805194805,0.3181818181818182,0.9545454545454546
agi,are,national,DE,00+,-3,KIT-simple_nowcast,1441.8112561619803,832.273512255573,1255.8438622207937,3529.928630638347,0.45454545454545453,0.9545454545454546
agi,are,national,DE,00+,-2,KIT-simple_nowcast,3705.008972502831,3247.966815154527,4212.510121610664,11165.485909268022,0.45454545454545453,0.8636363636363636
agi,are,national,DE,00+,-1,KIT-simple_nowcast,6735.351578085754,3152.906787295855,9663.286821850195,19551.545187231804,0.36363636363636365,0.9090909090909091
agi,are,national,DE,00+,0,KIT-simple_nowcast,11849.420562480605,6444.873713935779,14457.121032814122,32751.415309230506,0.3181818181818182,0.9545454545454546
agi,are,national,DE,00+,1,KIT-EnsembleComplete,60550.25362025929,5775.302231443627,31338.251522158193,97663.8073738611,0.7727272727272727,1
agi,are,national,DE,00+,1,KIT-EnsembleRealtime,58802.51996753247,12099.743506493507,46660.65909090909,117562.92256493507,0.6818181818181818,0.9545454545454546
agi,are,national,DE,00+,1,KIT-LightGBM,40218.30571886181,13504.172195192574,27829.350407976424,81551.82832203081,0.6363636363636364,0.8636363636363636
agi,are,national,DE,00+,1,KIT-TSMixer,84377.66882711039,1158.1399350649351,38940.82012987013,124476.62889204547,0.7727272727272727,1
agi,are,national,DE,00+,1,KIT-hhh4,56390.09740259741,14890.493506493507,41148.41558441558,112429.0064935065,0.6363636363636364,0.9545454545454546
agi,are,national,DE,00+,1,KIT-persistence,34314.61822955366,21078.94699064429,45632.18412145117,101025.74934164912,0.5,0.8181818181818182
agi,are,national,DE,00+,1,MPIDS-PS_embedding,61214.94253246753,15315.837662337663,65619.94155844155,142150.72175324676,0.5909090909090909,0.8181818181818182
agi,are,national,DE,00+,1,baseline,70384.73474025974,0,108761.03246753247,179145.7672077922,0.3181818181818182,1
agi,are,national,DE,00+,2,KIT-EnsembleComplete,64872.4350065239,34463.277157970675,45322.6273238871,144658.33948838167,0.6818181818181818,0.9090909090909091
agi,are,national,DE,00+,2,KIT-EnsembleRealtime,65690.61185064935,51643.02272727273,62252.568181818184,179586.20275974026,0.6363636363636364,0.8636363636363636
agi,are,national,DE,00+,2,KIT-LightGBM,45401.52703096572,30347.8475684275,44726.118860946204,120475.49346033942,0.4090909090909091,0.9090909090909091
agi,are,national,DE,00+,2,KIT-TSMixer,82706.98929383117,19115.957564935063,49330.565129870134,151153.51198863637,0.5454545454545454,0.9545454545454546
agi,are,national,DE,00+,2,KIT-hhh4,66869.09090909091,54774.48701298701,57050.72727272727,178694.3051948052,0.5454545454545454,0.8636363636363636
agi,are,national,DE,00+,2,KIT-persistence,46585.64089713645,65496.99846588206,55114.84552785123,167197.48489086973,0.3181818181818182,0.7727272727272727
agi,are,national,DE,00+,2,MPIDS-PS_embedding,64512.1327922078,57165.753246753244,86431.48701298701,208109.37305194806,0.5454545454545454,0.8636363636363636
agi,are,national,DE,00+,2,baseline,71643.60616883117,4514.012987012987,101246.61688311689,177404.23603896104,0.3181818181818182,1
agi,are,national,DE,00+,3,KIT-EnsembleComplete,68620.01322574478,31484.906643494793,65155.57458983929,165260.49445907888,0.6363636363636364,0.8636363636363636
agi,are,national,DE,00+,3,KIT-EnsembleRealtime,71441.2728896104,51016.56493506493,81031.12662337662,203488.96444805196,0.5909090909090909,0.8181818181818182
agi,are,national,DE,00+,3,KIT-LightGBM,51106.848618888245,41892.26873611194,70248.64544070672,163247.7627957069,0.36363636363636365,0.8636363636363636
agi,are,national,DE,00+,3,KIT-TSMixer,80490.65850487014,14503.577792207792,64337.93272727273,159332.16902435065,0.6363636363636364,0.9090909090909091
agi,are,national,DE,00+,3,KIT-hhh4,75898.92857142858,72851.2987012987,82135.96753246753,230886.1948051948,0.5,0.7727272727272727
agi,are,national,DE,00+,3,KIT-persistence,51035.044378810686,101053.91624320488,82654.176352165,234743.13697418058,0.36363636363636365,0.6363636363636364
agi,are,national,DE,00+,3,MPIDS-PS_embedding,66983.61720779221,46406.344155844155,114882.12337662338,228272.08474025974,0.5,0.7272727272727273
agi,are,national,DE,00+,3,baseline,72177.02532467533,4664.688311688312,93539.04545454546,170380.7590909091,0.36363636363636365,1
agi,are,national,DE,00+,4,KIT-EnsembleComplete,72612.056699025,32239.210248214036,75439.67506384724,180290.94201108627,0.6363636363636364,0.9090909090909091
agi,are,national,DE,00+,4,KIT-EnsembleRealtime,80400.7685064935,44384.493506493505,84177.87012987013,208963.13214285715,0.6363636363636364,0.8636363636363636
agi,are,national,DE,00+,4,KIT-LightGBM,52192.433972236344,38882.652924707174,89278.94508088948,180354.031977833,0.3181818181818182,0.8636363636363636
agi,are,national,DE,00+,4,KIT-TSMixer,77454.25581087662,23591.247272727273,85985.01623376623,187030.51931737014,0.4090909090909091,0.9090909090909091
agi,are,national,DE,00+,4,KIT-hhh4,83823.24675324676,74166.59090909091,92243.20779220779,250233.04545454547,0.45454545454545453,0.8181818181818182
agi,are,national,DE,00+,4,KIT-persistence,50281.89451963053,123952.44929449262,93789.1736541313,268023.51746825443,0.22727272727272727,0.6363636363636364
agi,are,national,DE,00+,4,MPIDS-PS_embedding,76978.29025974026,33190.57792207792,105008.06493506493,215176.93311688313,0.5,0.8181818181818182
agi,are,national,DE,00+,4,baseline,71464.48571428572,4759.850649350649,88541.33116883117,164765.66753246755,0.36363636363636365,1
agi,are,states,DE-BB-BE,00+,-3,KIT-simple_nowcast,10879.772994868563,12005.03697631304,5252.601509800286,28137.41148098189,0.5454545454545454,0.7272727272727273
agi,are,states,DE-BB-BE,00+,-2,KIT-simple_nowcast,18254.728842834855,10192.445252783249,26325.296334317798,54772.4704299359,0.6818181818181818,0.8636363636363636
agi,are,states,DE-BB-BE,00+,-1,KIT-simple_nowcast,24780.272515160468,13205.463296719285,39873.76134447477,77859.49715635453,0.5,0.7727272727272727
agi,are,states,DE-BB-BE,00+,0,KIT-simple_nowcast,42163.89068577666,34664.80005220028,37687.88702534018,114516.57776331711,0.45454545454545453,0.9090909090909091
agi,are,states,DE-BB-BE,00+,1,KIT-EnsembleComplete,133133.73376623378,45809.88311688312,88298.33116883117,267241.94805194804,0.5,0.9545454545454546
agi,are,states,DE-BB-BE,00+,1,KIT-EnsembleRealtime,133133.73376623378,45809.88311688312,88298.33116883117,267241.94805194804,0.5,0.9545454545454546
agi,are,states,DE-BB-BE,00+,1,KIT-hhh4,133133.73376623378,45809.88311688312,88298.33116883117,267241.94805194804,0.5,0.9545454545454546
agi,are,states,DE-BB-BE,00+,1,KIT-persistence,73981.2571931283,75453.73621952215,79635.48293759454,229070.476350245,0.2727272727272727,0.8181818181818182
agi,are,states,DE-BB-BE,00+,2,KIT-EnsembleComplete,158688.63636363638,117019.8961038961,91355.28571428571,367063.8181818182,0.5,0.9090909090909091
agi,are,states,DE-BB-BE,00+,2,KIT-EnsembleRealtime,158688.63636363638,117019.8961038961,91355.28571428571,367063.8181818182,0.5,0.9090909090909091
agi,are,states,DE-BB-BE,00+,2,KIT-hhh4,158688.63636363638,117019.8961038961,91355.28571428571,367063.8181818182,0.5,0.9090909090909091
agi,are,states,DE-BB-BE,00+,2,KIT-persistence,110680.18634837562,132312.307603385,50876.81474850155,293869.30870026216,0.5909090909090909,0.9090909090909091
agi,are,states,DE-BB-BE,00+,3,KIT-EnsembleComplete,180641.03896103895,146802.13636363635,120730.92857142858,448174.1038961039,0.45454545454545453,0.9090909090909091
agi,are,states,DE-BB-BE,00+,3,KIT-EnsembleRealtime,180641.03896103895,146802.13636363635,120730.92857142858,448174.1038961039,0.45454545454545453,0.9090909090909091
agi,are,states,DE-BB-BE,00+,3,KIT-hhh4,180641.03896103895,146802.13636363635,120730.92857142858,448174.1038961039,0.45454545454545453,0.9090909090909091
agi,are,states,DE-BB-BE,00+,3,KIT-persistence,121379.19327381023,175896.78563560563,57870.87047037064,355146.8493797865,0.36363636363636365,0.8636363636363636
agi,are,states,DE-BB-BE,00+,4,KIT-EnsembleComplete,199846.10389610392,153549.08441558442,155521.77922077922,508916.96753246756,0.45454545454545453,0.9090909090909091
agi,are,states,DE-BB-BE,00+,4,KIT-EnsembleRealtime,199846.10389610392,153549.08441558442,155521.77922077922,508916.96753246756,0.45454545454545453,0.9090909090909091
agi,are,states,DE-BB-BE,00+,4,KIT-hhh4,199846.10389610392,153549.08441558442,155521.77922077922,508916.96753246756,0.45454545454545453,0.9090909090909091
agi,are,states,DE-BB-BE,00+,4,KIT-persistence,119366.19739514701,208867.99997470825,93817.5302136474,422051.72758350265,0.22727272727272727,0.8181818181818182
agi,are,states,DE-BW,00+,-3,KIT-simple_nowcast,2474.4883262345975,1245.1979228630287,3329.573550870617,7049.259799968243,0.3181818181818182,0.9545454545454546
agi,are,states,DE-BW,00+,-2,KIT-simple_nowcast,4511.368537294384,2581.305944373366,6004.730489331113,13097.404970998863,0.45454545454545453,0.8636363636363636
agi,are,states,DE-BW,00+,-1,KIT-simple_nowcast,11292.237253316947,10695.779027913868,8622.480177037762,30610.496458268575,0.45454545454545453,0.9545454545454546
agi,are,states,DE-BW,00+,0,KIT-simple_nowcast,17274.257595843454,23041.654860380873,3299.3798302190753,43615.2922864434,0.6818181818181818,0.9090909090909091
agi,are,states,DE-BW,00+,1,KIT-EnsembleComplete,59084.02597402598,25549.064935064936,30894.318181818184,115527.40909090909,0.5909090909090909,0.9545454545454546
agi,are,states,DE-BW,00+,1,KIT-EnsembleRealtime,59084.02597402598,25549.064935064936,30894.318181818184,115527.40909090909,0.5909090909090909,0.9545454545454546
agi,are,states,DE-BW,00+,1,KIT-hhh4,59084.02597402598,25549.064935064936,30894.318181818184,115527.40909090909,0.5909090909090909,0.9545454545454546
agi,are,states,DE-BW,00+,1,KIT-persistence,37195.02701075715,32220.045751865327,21613.177500683894,91028.25026330637,0.5,0.8636363636363636
agi,are,states,DE-BW,00+,2,KIT-EnsembleComplete,70767.14285714286,66997.96753246753,65653.23376623377,203418.34415584416,0.3181818181818182,0.8181818181818182
agi,are,states,DE-BW,00+,2,KIT-EnsembleRealtime,70767.14285714286,66997.96753246753,65653.23376623377,203418.34415584416,0.3181818181818182,0.8181818181818182
agi,are,states,DE-BW,00+,2,KIT-hhh4,70767.14285714286,66997.96753246753,65653.23376623377,203418.34415584416,0.3181818181818182,0.8181818181818182
agi,are,states,DE-BW,00+,2,KIT-persistence,48197.05628200426,72493.5821859273,45099.16094807532,165789.7994160069,0.36363636363636365,0.8636363636363636
agi,are,states,DE-BW,00+,3,KIT-EnsembleComplete,81027.17532467532,94045.56493506493,103552.75974025975,278625.5,0.3181818181818182,0.8181818181818182
agi,are,states,DE-BW,00+,3,KIT-EnsembleRealtime,81027.17532467532,94045.56493506493,103552.75974025975,278625.5,0.3181818181818182,0.8181818181818182
agi,are,states,DE-BW,00+,3,KIT-hhh4,81027.17532467532,94045.56493506493,103552.75974025975,278625.5,0.3181818181818182,0.8181818181818182
agi,are,states,DE-BW,00+,3,KIT-persistence,55368.73389118174,97989.82501038464,74666.12209837338,228024.68099993974,0.22727272727272727,0.7272727272727273
agi,are,states,DE-BW,00+,4,KIT-EnsembleComplete,90201.59090909091,112481.38961038961,113297.17532467532,315980.1558441559,0.3181818181818182,0.7727272727272727
agi,are,states,DE-BW,00+,4,KIT-EnsembleRealtime,90201.59090909091,112481.38961038961,113297.17532467532,315980.1558441559,0.3181818181818182,0.7727272727272727
agi,are,states,DE-BW,00+,4,KIT-hhh4,90201.59090909091,112481.38961038961,113297.17532467532,315980.1558441559,0.3181818181818182,0.7727272727272727
agi,are,states,DE-BW,00+,4,KIT-persistence,57972.67684144873,122826.8192650343,80550.60214896325,261350.09825544627,0.18181818181818182,0.6363636363636364
agi,are,states,DE-BY,00+,-3,KIT-simple_nowcast,3060.3882306478727,1758.5953104039395,3872.8626601739866,8691.846201225799,0.45454545454545453,0.8636363636363636
agi,are,states,DE-BY,00+,-2,KIT-simple_nowcast,9027.803165160067,3591.4530358590905,7115.010288842189,19734.266489861344,0.5909090909090909,0.9545454545454546
agi,are,states,DE-BY,00+,-1,KIT-simple_nowcast,13498.020337565513,1030.6209608014678,13672.384883114695,28201.026181481677,0.6363636363636364,0.9545454545454546
agi,are,states,DE-BY,00+,0,KIT-simple_nowcast,25084.13146549458,4884.396879751478,55186.84787831904,85155.3762235651,0.36363636363636365,0.8636363636363636
agi,are,states,DE-BY,00+,1,KIT-EnsembleComplete,63659.220779220785,44968.21428571428,52629.5974025974,161257.03246753247,0.5,0.8636363636363636
agi,are,states,DE-BY,00+,1,KIT-EnsembleRealtime,63659.220779220785,44968.21428571428,52629.5974025974,161257.03246753247,0.5,0.8636363636363636
agi,are,states,DE-BY,00+,1,KIT-hhh4,63659.220779220785,44968.21428571428,52629.5974025974,161257.03246753247,0.5,0.8636363636363636
agi,are,states,DE-BY,00+,1,KIT-persistence,46451.69689142032,48466.98441568565,68322.51229728985,163241.1936043958,0.36363636363636365,0.8636363636363636
agi,are,states,DE-BY,00+,2,KIT-EnsembleComplete,75708.27922077922,80006.18831168831,86544.6038961039,242259.07142857142,0.4090909090909091,0.8181818181818182
agi,are,states,DE-BY,00+,2,KIT-EnsembleRealtime,75708.27922077922,80006.18831168831,86544.6038961039,242259.07142857142,0.4090909090909091,0.8181818181818182
agi,are,states,DE-BY,00+,2,KIT-hhh4,75708.27922077922,80006.18831168831,86544.6038961039,242259.07142857142,0.4090909090909091,0.8181818181818182
agi,are,states,DE-BY,00+,2,KIT-persistence,62213.12535122517,79073.71933613729,78675.48856507363,219962.33325243607,0.36363636363636365,0.8181818181818182
agi,are,states,DE-BY,00+,3,KIT-EnsembleComplete,86108.01948051948,93787.2012987013,120026.67532467532,299921.8961038961,0.4090909090909091,0.7727272727272727
agi,are,states,DE-BY,00+,3,KIT-EnsembleRealtime,86108.01948051948,93787.2012987013,120026.67532467532,299921.8961038961,0.4090909090909091,0.7727272727272727
agi,are,states,DE-BY,00+,3,KIT-hhh4,86108.01948051948,93787.2012987013,120026.67532467532,299921.8961038961,0.4090909090909091,0.7727272727272727
agi,are,states,DE-BY,00+,3,KIT-persistence,65222.49235937776,95923.50593523258,95592.23687556502,256738.23517017538,0.18181818181818182,0.7272727272727273
agi,are,states,DE-BY,00+,4,KIT-EnsembleComplete,95250.48701298701,95070.40909090909,139819.1168831169,330140.012987013,0.4090909090909091,0.8181818181818182
agi,are,states,DE-BY,00+,4,KIT-EnsembleRealtime,95250.48701298701,95070.40909090909,139819.1168831169,330140.012987013,0.4090909090909091,0.8181818181818182
agi,are,states,DE-BY,00+,4,KIT-hhh4,95250.48701298701,95070.40909090909,139819.1168831169,330140.012987013,0.4090909090909091,0.8181818181818182
agi,are,states,DE-BY,00+,4,KIT-persistence,67772.4562312913,117055.03103400797,108819.92588290507,293647.41314820433,0.18181818181818182,0.6363636363636364
agi,are,states,DE-HE,00+,-3,KIT-simple_nowcast,4866.838645671148,3544.094406188158,3110.5970685168413,11521.530120376146,0.6818181818181818,0.9090909090909091
agi,are,states,DE-HE,00+,-2,KIT-simple_nowcast,6096.466260453997,2359.490901911003,6441.178671492798,14897.1358338578,0.5454545454545454,0.9090909090909091
agi,are,states,DE-HE,00+,-1,KIT-simple_nowcast,9397.34397893034,1465.4864219519022,12091.500196064499,22954.33059694674,0.5909090909090909,0.9090909090909091
agi,are,states,DE-HE,00+,0,KIT-simple_nowcast,18983.139762536557,7508.587852427945,30715.655539292846,57207.383154257346,0.36363636363636365,0.8181818181818182
agi,are,states,DE-HE,00+,1,KIT-EnsembleComplete,82426.13636363637,14466.967532467534,36684.36363636364,133577.46753246753,0.8181818181818182,0.9545454545454546
agi,are,states,DE-HE,00+,1,KIT-EnsembleRealtime,82426.13636363637,14466.967532467534,36684.36363636364,133577.46753246753,0.8181818181818182,0.9545454545454546
agi,are,states,DE-HE,00+,1,KIT-hhh4,82426.13636363637,14466.967532467534,36684.36363636364,133577.46753246753,0.8181818181818182,0.9545454545454546
agi,are,states,DE-HE,00+,1,KIT-persistence,51306.53743449641,11986.020210021363,30163.289639344428,93455.8472838622,0.5909090909090909,0.9545454545454546
agi,are,states,DE-HE,00+,2,KIT-EnsembleComplete,99614.74025974027,62918.87012987013,49942.194805194806,212475.8051948052,0.5,0.9090909090909091
agi,are,states,DE-HE,00+,2,KIT-EnsembleRealtime,99614.74025974027,62918.87012987013,49942.194805194806,212475.8051948052,0.5,0.9090909090909091
agi,are,states,DE-HE,00+,2,KIT-hhh4,99614.74025974027,62918.87012987013,49942.194805194806,212475.8051948052,0.5,0.9090909090909091
agi,are,states,DE-HE,00+,2,KIT-persistence,64616.64323926944,59393.85774941196,43965.35156829686,167975.85255697827,0.4090909090909091,0.9090909090909091
agi,are,states,DE-HE,00+,3,KIT-EnsembleComplete,114919.8051948052,84782.9025974026,69609.16883116883,269311.8766233766,0.5,0.9090909090909091
agi,are,states,DE-HE,00+,3,KIT-EnsembleRealtime,114919.8051948052,84782.9025974026,69609.16883116883,269311.8766233766,0.5,0.9090909090909091
agi,are,states,DE-HE,00+,3,KIT-hhh4,114919.8051948052,84782.9025974026,69609.16883116883,269311.8766233766,0.5,0.9090909090909091
agi,are,states,DE-HE,00+,3,KIT-persistence,61614.984843556784,94857.28816593088,67934.63213686952,224406.90514635717,0.36363636363636365,0.7727272727272727
agi,are,states,DE-HE,00+,4,KIT-EnsembleComplete,128820.35714285714,99141.01298701299,89863.00649350649,317824.3766233766,0.4090909090909091,0.9090909090909091
agi,are,states,DE-HE,00+,4,KIT-EnsembleRealtime,128820.35714285714,99141.01298701299,89863.00649350649,317824.3766233766,0.4090909090909091,0.9090909090909091
agi,are,states,DE-HE,00+,4,KIT-hhh4,128820.35714285714,99141.01298701299,89863.00649350649,317824.3766233766,0.4090909090909091,0.9090909090909091
agi,are,states,DE-HE,00+,4,KIT-persistence,66876.31461583417,123690.63536588315,81702.34215841207,272269.2921401294,0.3181818181818182,0.8181818181818182
agi,are,states,DE-MV,00+,-3,KIT-simple_nowcast,18391.95202826899,2298.1069701927627,10568.78060024622,31258.83959870797,0.8636363636363636,0.9545454545454546
agi,are,states,DE-MV,00+,-2,KIT-simple_nowcast,25763.175281859305,2047.568623829649,17908.252524415348,45718.9964301043,0.8636363636363636,0.9090909090909091
agi,are,states,DE-MV,00+,-1,KIT-simple_nowcast,39815.540637659644,25482.514420024472,21571.77312839176,86869.82818607587,0.6818181818181818,0.8636363636363636
agi,are,states,DE-MV,00+,0,KIT-simple_nowcast,61963.499792526265,12963.403912638742,138840.96121054422,213767.86491570924,0.45454545454545453,0.8181818181818182
agi,are,states,DE-MV,00+,1,KIT-EnsembleComplete,106768.57142857143,38828.44155844156,154309.63636363635,299906.6493506493,0.5,0.9090909090909091
agi,are,states,DE-MV,00+,1,KIT-EnsembleRealtime,106768.57142857143,38828.44155844156,154309.63636363635,299906.6493506493,0.5,0.9090909090909091
agi,are,states,DE-MV,00+,1,KIT-hhh4,106768.57142857143,38828.44155844156,154309.63636363635,299906.6493506493,0.5,0.9090909090909091
agi,are,states,DE-MV,00+,1,KIT-persistence,102829.0888531226,51178.97469134019,171505.74944560867,325513.8129900714,0.4090909090909091,0.7727272727272727
agi,are,states,DE-MV,00+,2,KIT-EnsembleComplete,128364.7077922078,89437.61688311688,123951.52597402598,341753.8506493507,0.5909090909090909,0.8181818181818182
agi,are,states,DE-MV,00+,2,KIT-EnsembleRealtime,128364.7077922078,89437.61688311688,123951.52597402598,341753.8506493507,0.5909090909090909,0.8181818181818182
agi,are,states,DE-MV,00+,2,KIT-hhh4,128364.7077922078,89437.61688311688,123951.52597402598,341753.8506493507,0.5909090909090909,0.8181818181818182
agi,are,states,DE-MV,00+,2,KIT-persistence,117953.02404257676,114396.03070737055,112532.77563874912,344881.83038869646,0.4090909090909091,0.8636363636363636
agi,are,states,DE-MV,00+,3,KIT-EnsembleComplete,147441.94805194804,96620.4025974026,157545.4025974026,401607.75324675324,0.6363636363636364,0.8181818181818182
agi,are,states,DE-MV,00+,3,KIT-EnsembleRealtime,147441.94805194804,96620.4025974026,157545.4025974026,401607.75324675324,0.6363636363636364,0.8181818181818182
agi,are,states,DE-MV,00+,3,KIT-hhh4,147441.94805194804,96620.4025974026,157545.4025974026,401607.75324675324,0.6363636363636364,0.8181818181818182
agi,are,states,DE-MV,00+,3,KIT-persistence,125021.46358261252,113981.50973866407,129543.21064051257,368546.1839617891,0.4090909090909091,0.9090909090909091
agi,are,states,DE-MV,00+,4,KIT-EnsembleComplete,164646.94805194807,93424.55844155845,148759.1168831169,406830.6233766234,0.5,0.9090909090909091
agi,are,states,DE-MV,00+,4,KIT-EnsembleRealtime,164646.94805194807,93424.55844155845,148759.1168831169,406830.6233766234,0.5,0.9090909090909091
agi,are,states,DE-MV,00+,4,KIT-hhh4,164646.94805194807,93424.55844155845,148759.1168831169,406830.6233766234,0.5,0.9090909090909091
agi,are,states,DE-MV,00+,4,KIT-persistence,112431.82174038561,126171.68427312274,146018.0144872601,384621.52050076844,0.2727272727272727,0.8181818181818182
agi,are,states,DE-NI-HB,00+,-3,KIT-simple_nowcast,6757.33764911989,10916.407014042969,5030.743242283802,22704.487905446662,0.36363636363636365,0.9090909090909091
agi,are,states,DE-NI-HB,00+,-2,KIT-simple_nowcast,14049.137798272657,17219.030107309576,9612.024627614786,40880.19253319702,0.5454545454545454,0.8181818181818182
agi,are,states,DE-NI-HB,00+,-1,KIT-simple_nowcast,18812.277839727038,23689.527620628458,8340.534184118624,50842.339644474116,0.5454545454545454,0.9090909090909091
agi,are,states,DE-NI-HB,00+,0,KIT-simple_nowcast,41967.40222012021,7351.0002172211825,46218.25641163679,95536.65884897817,0.5909090909090909,0.9545454545454546
agi,are,states,DE-NI-HB,00+,1,KIT-EnsembleComplete,108979.77272727274,31856.785714285714,86222.5974025974,227059.15584415584,0.5909090909090909,0.9545454545454546
agi,are,states,DE-NI-HB,00+,1,KIT-EnsembleRealtime,108979.77272727274,31856.785714285714,86222.5974025974,227059.15584415584,0.5909090909090909,0.9545454545454546
agi,are,states,DE-NI-HB,00+,1,KIT-hhh4,108979.77272727274,31856.785714285714,86222.5974025974,227059.15584415584,0.5909090909090909,0.9545454545454546
agi,are,states,DE-NI-HB,00+,1,KIT-persistence,66083.52272986225,38317.41369289454,97837.01478714618,202237.95120990297,0.6363636363636364,0.7727272727272727
agi,are,states,DE-NI-HB,00+,2,KIT-EnsembleComplete,129929.18831168831,102718.44805194806,122511.94155844155,355159.5779220779,0.5,0.8636363636363636
agi,are,states,DE-NI-HB,00+,2,KIT-EnsembleRealtime,129929.18831168831,102718.44805194806,122511.94155844155,355159.5779220779,0.5,0.8636363636363636
agi,are,states,DE-NI-HB,00+,2,KIT-hhh4,129929.18831168831,102718.44805194806,122511.94155844155,355159.5779220779,0.5,0.8636363636363636
agi,are,states,DE-NI-HB,00+,2,KIT-persistence,88896.58264342678,111764.51904003372,137057.66895634116,337718.7706398017,0.36363636363636365,0.8181818181818182
agi,are,states,DE-NI-HB,00+,3,KIT-EnsembleComplete,147982.66233766233,148366.15584415584,162376.12987012987,458724.94805194804,0.2727272727272727,0.8181818181818182
agi,are,states,DE-NI-HB,00+,3,KIT-EnsembleRealtime,147982.66233766233,148366.15584415584,162376.12987012987,458724.94805194804,0.2727272727272727,0.8181818181818182
agi,are,states,DE-NI-HB,00+,3,KIT-hhh4,147982.66233766233,148366.15584415584,162376.12987012987,458724.94805194804,0.2727272727272727,0.8181818181818182
agi,are,states,DE-NI-HB,00+,3,KIT-persistence,98252.12688983919,170780.92423350725,179324.31677236836,448357.3678957148,0.13636363636363635,0.7272727272727273
agi,are,states,DE-NI-HB,00+,4,KIT-EnsembleComplete,163815.48701298703,160507.7142857143,190826.2077922078,515149.4090909091,0.36363636363636365,0.7727272727272727
agi,are,states,DE-NI-HB,00+,4,KIT-EnsembleRealtime,163815.48701298703,160507.7142857143,190826.2077922078,515149.4090909091,0.36363636363636365,0.7727272727272727
agi,are,states,DE-NI-HB,00+,4,KIT-hhh4,163815.48701298703,160507.7142857143,190826.2077922078,515149.4090909091,0.36363636363636365,0.7727272727272727
agi,are,states,DE-NI-HB,00+,4,KIT-persistence,86336.01504658686,225952.1167635415,240626.34350284727,552914.4753129756,0.18181818181818182,0.5909090909090909
agi,are,states,DE-NW,00+,-3,KIT-simple_nowcast,3810.5641590769487,2763.5040821797215,2075.6138145878253,8649.682055844496,0.5909090909090909,0.9545454545454546
agi,are,states,DE-NW,00+,-2,KIT-simple_nowcast,5551.238074782768,4938.138546306574,4651.43489064543,15140.811511734773,0.4090909090909091,0.8636363636363636
agi,are,states,DE-NW,00+,-1,KIT-simple_nowcast,7333.671057090219,5121.628036933695,12033.773186657469,24489.072280681383,0.4090909090909091,0.7272727272727273
agi,are,states,DE-NW,00+,0,KIT-simple_nowcast,15170.858252107682,6332.272709535233,18804.283873562643,40307.414835205556,0.5454545454545454,0.8636363636363636
agi,are,states,DE-NW,00+,1,KIT-EnsembleComplete,70305.71428571429,21963.51948051948,52759,145028.23376623378,0.5909090909090909,0.9545454545454546
agi,are,states,DE-NW,00+,1,KIT-EnsembleRealtime,70305.71428571429,21963.51948051948,52759,145028.23376623378,0.5909090909090909,0.9545454545454546
agi,are,states,DE-NW,00+,1,KIT-hhh4,70305.71428571429,21963.51948051948,52759,145028.23376623378,0.5909090909090909,0.9545454545454546
agi,are,states,DE-NW,00+,1,KIT-persistence,46713.52388929489,32936.859082912335,50049.64111414518,129700.02408635241,0.45454545454545453,0.8181818181818182
agi,are,states,DE-NW,00+,2,KIT-EnsembleComplete,83550.38961038961,63923.57142857143,69761.53896103897,217235.5,0.6363636363636364,0.8181818181818182
agi,are,states,DE-NW,00+,2,KIT-EnsembleRealtime,83550.38961038961,63923.57142857143,69761.53896103897,217235.5,0.6363636363636364,0.8181818181818182
agi,are,states,DE-NW,00+,2,KIT-hhh4,83550.38961038961,63923.57142857143,69761.53896103897,217235.5,0.6363636363636364,0.8181818181818182
agi,are,states,DE-NW,00+,2,KIT-persistence,57801.97333269885,75787.04699419587,60508.82290121492,194097.84322810965,0.45454545454545453,0.8636363636363636
agi,are,states,DE-NW,00+,3,KIT-EnsembleComplete,94892.88961038961,75421.57792207792,100658.2987012987,270972.7662337662,0.5,0.8636363636363636
agi,are,states,DE-NW,00+,3,KIT-EnsembleRealtime,94892.88961038961,75421.57792207792,100658.2987012987,270972.7662337662,0.5,0.8636363636363636
agi,are,states,DE-NW,00+,3,KIT-hhh4,94892.88961038961,75421.57792207792,100658.2987012987,270972.7662337662,0.5,0.8636363636363636
agi,are,states,DE-NW,00+,3,KIT-persistence,64306.81462873499,106785.2084013864,84565.08891115148,255657.11194127286,0.4090909090909091,0.6818181818181818
agi,are,states,DE-NW,00+,4,KIT-EnsembleComplete,104777.37012987013,71580.07792207792,107626.75974025975,283984.2077922078,0.5,0.9090909090909091
agi,are,states,DE-NW,00+,4,KIT-EnsembleRealtime,104777.37012987013,71580.07792207792,107626.75974025975,283984.2077922078,0.5,0.9090909090909091
agi,are,states,DE-NW,00+,4,KIT-hhh4,104777.37012987013,71580.07792207792,107626.75974025975,283984.2077922078,0.5,0.9090909090909091
agi,are,states,DE-NW,00+,4,KIT-persistence,63653.523722009544,120165.77309478747,84126.9512547661,267946.2480715631,0.2727272727272727,0.7727272727272727
agi,are,states,DE-RP-SL,00+,-3,KIT-simple_nowcast,14495.10120259002,36038.418026133906,3642.405327448312,54175.92455617224,0.5909090909090909,0.8636363636363636
agi,are,states,DE-RP-SL,00+,-2,KIT-simple_nowcast,21167.45822691693,66749.12980551536,6365.750191957391,94282.33822438968,0.5,0.7727272727272727
agi,are,states,DE-RP-SL,00+,-1,KIT-simple_nowcast,40186.40649006071,47005.40955766747,58627.72119268542,145819.5372404136,0.4090909090909091,0.8181818181818182
agi,are,states,DE-RP-SL,00+,0,KIT-simple_nowcast,59492.46731497466,45912.99475672746,76160.57657051357,181566.0386422157,0.4090909090909091,0.7727272727272727
agi,are,states,DE-RP-SL,00+,1,KIT-EnsembleComplete,177043.18181818182,39699.47402597403,75354.7012987013,292097.35714285716,0.7272727272727273,0.9545454545454546
agi,are,states,DE-RP-SL,00+,1,KIT-EnsembleRealtime,177043.18181818182,39699.47402597403,75354.7012987013,292097.35714285716,0.7272727272727273,0.9545454545454546
agi,are,states,DE-RP-SL,00+,1,KIT-hhh4,177043.18181818182,39699.47402597403,75354.7012987013,292097.35714285716,0.7272727272727273,0.9545454545454546
agi,are,states,DE-RP-SL,00+,1,KIT-persistence,114111.54824067434,70863.72731733813,99491.09023796394,284466.3657959764,0.4090909090909091,0.8181818181818182
agi,are,states,DE-RP-SL,00+,2,KIT-EnsembleComplete,215606.16883116885,100784.53896103895,68814.64935064936,385205.35714285716,0.6363636363636364,0.9545454545454546
agi,are,states,DE-RP-SL,00+,2,KIT-EnsembleRealtime,215606.16883116885,100784.53896103895,68814.64935064936,385205.35714285716,0.6363636363636364,0.9545454545454546
agi,are,states,DE-RP-SL,00+,2,KIT-hhh4,215606.16883116885,100784.53896103895,68814.64935064936,385205.35714285716,0.6363636363636364,0.9545454545454546
agi,are,states,DE-RP-SL,00+,2,KIT-persistence,136973.93088503834,123080.1630739346,110159.69676750292,370213.7907264759,0.36363636363636365,0.9090909090909091
agi,are,states,DE-RP-SL,00+,3,KIT-EnsembleComplete,250263.08441558442,129923.7987012987,88972.05844155845,469158.94155844155,0.6818181818181818,0.9090909090909091
agi,are,states,DE-RP-SL,00+,3,KIT-EnsembleRealtime,250263.08441558442,129923.7987012987,88972.05844155845,469158.94155844155,0.6818181818181818,0.9090909090909091
agi,are,states,DE-RP-SL,00+,3,KIT-hhh4,250263.08441558442,129923.7987012987,88972.05844155845,469158.94155844155,0.6818181818181818,0.9090909090909091
agi,are,states,DE-RP-SL,00+,3,KIT-persistence,141005.68368135003,177416.5041256498,116313.89322778734,434736.0810347872,0.36363636363636365,0.8636363636363636
agi,are,states,DE-RP-SL,00+,4,KIT-EnsembleComplete,282015.0324675325,138159.23376623378,126764.48701298701,546938.7532467532,0.5909090909090909,0.9090909090909091
agi,are,states,DE-RP-SL,00+,4,KIT-EnsembleRealtime,282015.0324675325,138159.23376623378,126764.48701298701,546938.7532467532,0.5909090909090909,0.9090909090909091
agi,are,states,DE-RP-SL,00+,4,KIT-hhh4,282015.0324675325,138159.23376623378,126764.48701298701,546938.7532467532,0.5909090909090909,0.9090909090909091
agi,are,states,DE-RP-SL,00+,4,KIT-persistence,157109.84251144057,172815.84777834264,172111.99516403535,502037.6854538185,0.22727272727272727,0.8636363636363636
agi,are,states,DE-SH-HH,00+,-3,KIT-simple_nowcast,3871.9127623915347,3686.9201920213127,5556.216070410769,13115.049024823616,0.18181818181818182,0.7272727272727273
agi,are,states,DE-SH-HH,00+,-2,KIT-simple_nowcast,14027.15951115907,3001.64743332794,15186.06146360233,32214.86840808934,0.6363636363636364,0.9545454545454546
agi,are,states,DE-SH-HH,00+,-1,KIT-simple_nowcast,35596.90161077268,23910.558522023442,44720.546066745046,104228.00619954117,0.45454545454545453,0.9090909090909091
agi,are,states,DE-SH-HH,00+,0,KIT-simple_nowcast,63457.92377889882,40739.77766125622,114498.3290851252,218696.03052528022,0.36363636363636365,0.8181818181818182
agi,are,states,DE-SH-HH,00+,1,KIT-EnsembleComplete,105023.40909090909,53472.155844155845,113541.56493506493,272037.12987012987,0.36363636363636365,0.9545454545454546
agi,are,states,DE-SH-HH,00+,1,KIT-EnsembleRealtime,105023.40909090909,53472.155844155845,113541.56493506493,272037.12987012987,0.36363636363636365,0.9545454545454546
agi,are,states,DE-SH-HH,00+,1,KIT-hhh4,105023.40909090909,53472.155844155845,113541.56493506493,272037.12987012987,0.36363636363636365,0.9545454545454546
agi,are,states,DE-SH-HH,00+,1,KIT-persistence,81854.82039286902,52953.21180903637,121086.7031662335,255894.7353681389,0.36363636363636365,0.8636363636363636
agi,are,states,DE-SH-HH,00+,2,KIT-EnsembleComplete,125053.92857142858,138124.0974025974,164157.8116883117,427335.83766233764,0.22727272727272727,0.8181818181818182
agi,are,states,DE-SH-HH,00+,2,KIT-EnsembleRealtime,125053.92857142858,138124.0974025974,164157.8116883117,427335.83766233764,0.22727272727272727,0.8181818181818182
agi,are,states,DE-SH-HH,00+,2,KIT-hhh4,125053.92857142858,138124.0974025974,164157.8116883117,427335.83766233764,0.22727272727272727,0.8181818181818182
agi,are,states,DE-SH-HH,00+,2,KIT-persistence,115087.89809850098,119440.12793316435,152757.2389054363,387285.26493710163,0.18181818181818182,0.8636363636363636
agi,are,states,DE-SH-HH,00+,3,KIT-EnsembleComplete,142291.94805194807,186209.98701298703,218601.83116883118,547103.7662337662,0.22727272727272727,0.7272727272727273
agi,are,states,DE-SH-HH,00+,3,KIT-EnsembleRealtime,142291.94805194807,186209.98701298703,218601.83116883118,547103.7662337662,0.22727272727272727,0.7272727272727273
agi,are,states,DE-SH-HH,00+,3,KIT-hhh4,142291.94805194807,186209.98701298703,218601.83116883118,547103.7662337662,0.22727272727272727,0.7272727272727273
agi,are,states,DE-SH-HH,00+,3,KIT-persistence,131651.31759840593,181182.6555958685,192346.441790999,505180.41498527344,0.13636363636363635,0.7727272727272727
agi,are,states,DE-SH-HH,00+,4,KIT-EnsembleComplete,157427.79220779223,160320.07142857142,250439.05844155845,568186.922077922,0.13636363636363635,0.7727272727272727
agi,are,states,DE-SH-HH,00+,4,KIT-EnsembleRealtime,157427.79220779223,160320.07142857142,250439.05844155845,568186.922077922,0.13636363636363635,0.7727272727272727
agi,are,states,DE-SH-HH,00+,4,KIT-hhh4,157427.79220779223,160320.07142857142,250439.05844155845,568186.922077922,0.13636363636363635,0.7727272727272727
agi,are,states,DE-SH-HH,00+,4,KIT-persistence,135303.6150647574,176739.82522159792,226775.42535060635,538818.8656369617,0.22727272727272727,0.8636363636363636
agi,are,states,DE-SN,00+,-3,KIT-simple_nowcast,4709.365335043487,7052.964538541758,1318.6991363684865,13081.02900995373,0.5454545454545454,0.8636363636363636
agi,are,states,DE-SN,00+,-2,KIT-simple_nowcast,7909.704206558371,13913.564455515436,4559.301544827004,26382.57020690081,0.5909090909090909,0.8181818181818182
agi,are,states,DE-SN,00+,-1,KIT-simple_nowcast,17117.3889104753,24118.87128948767,10265.10193831926,51501.36213828223,0.4090909090909091,0.8636363636363636
agi,are,states,DE-SN,00+,0,KIT-simple_nowcast,30273.453355179787,78805.40249233456,11659.272241052766,120738.12808856711,0.5909090909090909,0.7727272727272727
agi,are,states,DE-SN,00+,1,KIT-EnsembleComplete,76152.37012987013,45566.318181818184,45960.01298701299,167678.70129870131,0.5909090909090909,0.9545454545454546
agi,are,states,DE-SN,00+,1,KIT-EnsembleRealtime,76152.37012987013,45566.318181818184,45960.01298701299,167678.70129870131,0.5909090909090909,0.9545454545454546
agi,are,states,DE-SN,00+,1,KIT-hhh4,76152.37012987013,45566.318181818184,45960.01298701299,167678.70129870131,0.5909090909090909,0.9545454545454546
agi,are,states,DE-SN,00+,1,KIT-persistence,45702.402414267366,84096.6783041984,54299.311662232205,184098.39238069797,0.36363636363636365,0.7727272727272727
agi,are,states,DE-SN,00+,2,KIT-EnsembleComplete,91577.62987012987,94958.44805194806,62010.40909090909,248546.48701298703,0.45454545454545453,0.8181818181818182
agi,are,states,DE-SN,00+,2,KIT-EnsembleRealtime,91577.62987012987,94958.44805194806,62010.40909090909,248546.48701298703,0.45454545454545453,0.8181818181818182
agi,are,states,DE-SN,00+,2,KIT-hhh4,91577.62987012987,94958.44805194806,62010.40909090909,248546.48701298703,0.45454545454545453,0.8181818181818182
agi,are,states,DE-SN,00+,2,KIT-persistence,66657.55993448693,129720.0869331794,62678.05903285704,259055.70590052338,0.5,0.7727272727272727
agi,are,states,DE-SN,00+,3,KIT-EnsembleComplete,105119.96753246753,110242.35064935064,87281.23376623377,302643.55194805196,0.4090909090909091,0.7727272727272727
agi,are,states,DE-SN,00+,3,KIT-EnsembleRealtime,105119.96753246753,110242.35064935064,87281.23376623377,302643.55194805196,0.4090909090909091,0.7727272727272727
agi,are,states,DE-SN,00+,3,KIT-hhh4,105119.96753246753,110242.35064935064,87281.23376623377,302643.55194805196,0.4090909090909091,0.7727272727272727
agi,are,states,DE-SN,00+,3,KIT-persistence,62246.38527888895,170496.28869862016,82078.75196165759,314821.4259391667,0.22727272727272727,0.6363636363636364
agi,are,states,DE-SN,00+,4,KIT-EnsembleComplete,117211.55844155845,102421.18831168831,109063.92207792208,328696.66883116885,0.36363636363636365,0.8636363636363636
agi,are,states,DE-SN,00+,4,KIT-EnsembleRealtime,117211.55844155845,102421.18831168831,109063.92207792208,328696.66883116885,0.36363636363636365,0.8636363636363636
agi,are,states,DE-SN,00+,4,KIT-hhh4,117211.55844155845,102421.18831168831,109063.92207792208,328696.66883116885,0.36363636363636365,0.8636363636363636
agi,are,states,DE-SN,00+,4,KIT-persistence,55632.55528809553,198652.909143903,126242.43827298532,380527.90270498383,0.2727272727272727,0.5454545454545454
agi,are,states,DE-ST,00+,-3,KIT-simple_nowcast,4659.14880459005,19863.68317269644,3340.643770155621,27863.47574744211,0.45454545454545453,0.7727272727272727
agi,are,states,DE-ST,00+,-2,KIT-simple_nowcast,14992.962151019943,28612.09273076651,11467.60701709346,55072.66189887992,0.3181818181818182,0.8636363636363636
agi,are,states,DE-ST,00+,-1,KIT-simple_nowcast,22246.75539991922,34832.23594707611,33838.077767746334,90917.06911474167,0.4090909090909091,0.8181818181818182
agi,are,states,DE-ST,00+,0,KIT-simple_nowcast,58239.7705628717,69826.33162049632,51090.50303233791,179156.60521570593,0.5,0.8636363636363636
agi,are,states,DE-ST,00+,1,KIT-EnsembleComplete,104185.55194805196,15559.207792207793,31417.363636363636,151162.12337662338,0.7272727272727273,1
agi,are,states,DE-ST,00+,1,KIT-EnsembleRealtime,104185.55194805196,15559.207792207793,31417.363636363636,151162.12337662338,0.7272727272727273,1
agi,are,states,DE-ST,00+,1,KIT-hhh4,104185.55194805196,15559.207792207793,31417.363636363636,151162.12337662338,0.7272727272727273,1
agi,are,states,DE-ST,00+,1,KIT-persistence,63040.20120943809,39852.441750691294,52322.04938905604,155214.69234918544,0.5,0.8636363636363636
agi,are,states,DE-ST,00+,2,KIT-EnsembleComplete,126585.64935064936,62068.61038961039,31876.53896103896,220530.7987012987,0.7727272727272727,0.9545454545454546
agi,are,states,DE-ST,00+,2,KIT-EnsembleRealtime,126585.64935064936,62068.61038961039,31876.53896103896,220530.7987012987,0.7727272727272727,0.9545454545454546
agi,are,states,DE-ST,00+,2,KIT-hhh4,126585.64935064936,62068.61038961039,31876.53896103896,220530.7987012987,0.7727272727272727,0.9545454545454546
agi,are,states,DE-ST,00+,2,KIT-persistence,87699.12669382687,68097.16431803303,33903.94926443169,189700.2402762916,0.5,0.9545454545454546
agi,are,states,DE-ST,00+,3,KIT-EnsembleComplete,146455.77922077922,84251.09090909091,45703.05194805195,276409.9220779221,0.5,0.9090909090909091
agi,are,states,DE-ST,00+,3,KIT-EnsembleRealtime,146455.77922077922,84251.09090909091,45703.05194805195,276409.9220779221,0.5,0.9090909090909091
agi,are,states,DE-ST,00+,3,KIT-hhh4,146455.77922077922,84251.09090909091,45703.05194805195,276409.9220779221,0.5,0.9090909090909091
agi,are,states,DE-ST,00+,3,KIT-persistence,91516.48080314128,109501.64828488675,52619.196804272084,253637.3258923001,0.4090909090909091,0.8636363636363636
agi,are,states,DE-ST,00+,4,KIT-EnsembleComplete,164368.96103896105,85538.38311688312,55335.92857142857,305243.2727272727,0.6818181818181818,0.9090909090909091
agi,are,states,DE-ST,00+,4,KIT-EnsembleRealtime,164368.96103896105,85538.38311688312,55335.92857142857,305243.2727272727,0.6818181818181818,0.9090909090909091
agi,are,states,DE-ST,00+,4,KIT-hhh4,164368.96103896105,85538.38311688312,55335.92857142857,305243.2727272727,0.6818181818181818,0.9090909090909091
agi,are,states,DE-ST,00+,4,KIT-persistence,89437.25711115482,119089.04614408742,76105.57586708297,284631.8791223252,0.36363636363636365,0.7727272727272727
agi,are,states,DE-TH,00+,-3,KIT-simple_nowcast,5599.16334143038,5783.760918229953,1422.6769659520892,12805.601225612421,0.7272727272727273,0.9090909090909091
agi,are,states,DE-TH,00+,-2,KIT-simple_nowcast,11067.331922279815,631.2500759924641,25473.730557947267,37172.31255621955,0.7272727272727273,0.8636363636363636
agi,are,states,DE-TH,00+,-1,KIT-simple_nowcast,23861.847738349934,9663.317669721397,29201.15174051327,62726.3171485846,0.7272727272727273,0.7727272727272727
agi,are,states,DE-TH,00+,0,KIT-simple_nowcast,36992.77203372875,60557.07148385504,15182.245065060972,112732.08858264476,0.7727272727272727,0.8636363636363636
agi,are,states,DE-TH,00+,1,KIT-EnsembleComplete,88137.5974025974,21797.14935064935,63667.78571428572,173602.53246753247,0.5909090909090909,0.9090909090909091
agi,are,states,DE-TH,00+,1,KIT-EnsembleRealtime,88137.5974025974,21797.14935064935,63667.78571428572,173602.53246753247,0.5909090909090909,0.9090909090909091
agi,are,states,DE-TH,00+,1,KIT-hhh4,88137.5974025974,21797.14935064935,63667.78571428572,173602.53246753247,0.5909090909090909,0.9090909090909091
agi,are,states,DE-TH,00+,1,KIT-persistence,54108.43337963272,66778.24941905325,79652.09628279139,200538.77908147735,0.4090909090909091,0.7272727272727273
agi,are,states,DE-TH,00+,2,KIT-EnsembleComplete,106425.48701298701,42898.103896103894,70894.73376623377,220218.3246753247,0.5909090909090909,0.8636363636363636
agi,are,states,DE-TH,00+,2,KIT-EnsembleRealtime,106425.48701298701,42898.103896103894,70894.73376623377,220218.3246753247,0.5909090909090909,0.8636363636363636
agi,are,states,DE-TH,00+,2,KIT-hhh4,106425.48701298701,42898.103896103894,70894.73376623377,220218.3246753247,0.5909090909090909,0.8636363636363636
agi,are,states,DE-TH,00+,2,KIT-persistence,63710.06049972453,80649.09502244258,71698.14616408275,216057.30168624985,0.36363636363636365,0.8181818181818182
agi,are,states,DE-TH,00+,3,KIT-EnsembleComplete,122570.19480519481,64514.12987012987,71249.44805194806,258333.77272727274,0.5909090909090909,0.9090909090909091
agi,are,states,DE-TH,00+,3,KIT-EnsembleRealtime,122570.19480519481,64514.12987012987,71249.44805194806,258333.77272727274,0.5909090909090909,0.9090909090909091
agi,are,states,DE-TH,00+,3,KIT-hhh4,122570.19480519481,64514.12987012987,71249.44805194806,258333.77272727274,0.5909090909090909,0.9090909090909091
agi,are,states,DE-TH,00+,3,KIT-persistence,70211.96078607418,107738.6326599662,63051.30809577315,241001.90154181354,0.22727272727272727,0.8181818181818182
agi,are,states,DE-TH,00+,4,KIT-EnsembleComplete,137070.8116883117,88379.32467532468,106595.3961038961,332045.5324675325,0.45454545454545453,0.9090909090909091
agi,are,states,DE-TH,00+,4,KIT-EnsembleRealtime,137070.8116883117,88379.32467532468,106595.3961038961,332045.5324675325,0.45454545454545453,0.9090909090909091
agi,are,states,DE-TH,00+,4,KIT-hhh4,137070.8116883117,88379.32467532468,106595.3961038961,332045.5324675325,0.45454545454545453,0.9090909090909091
agi,are,states,DE-TH,00+,4,KIT-persistence,78342.04499002568,145155.21442676504,115292.96324719922,338790.22266398993,0.3181818181818182,0.7272727272727273
icosari,sari,age,DE,00-04,-3,KIT-EnsembleNowcastComplete,4.899966579469654,10.122737556561086,8.737338372929827,23.760042508960566,0.09090909090909091,0.2727272727272727
icosari,sari,age,DE,00-04,-3,KIT-EnsembleNowcastRealtime,2.4096719457013616,13.342383107088994,8.650075414781293,24.40213046757165,0.09090909090909091,0.2727272727272727
icosari,sari,age,DE,00-04,-3,KIT-epinowcast,0,8.363636363636363,7.2727272727272725,15.636363636363637,0.09090909090909091,0.09090909090909091
icosari,sari,age,DE,00-04,-3,KIT-simple_nowcast,2.645588235294118,13.28733031674208,8.389140271493213,24.32205882352941,0.6818181818181818,0.8636363636363636
icosari,sari,age,DE,00-04,-3,RIVM-GAM,2.211038961038962,7.363636363636363,4.194805194805195,13.76948051948052,0.6363636363636364,0.8636363636363636
icosari,sari,age,DE,00-04,-3,RKI-Pilot_01,0.9557851461191431,0,4.92732539024136,5.883110536360503,0.7727272727272727,0.9545454545454546
icosari,sari,age,DE,00-04,-2,KIT-EnsembleNowcastComplete,21.934795058613272,18.89935690393515,8.571687099662784,49.40583906221121,0.4090909090909091,0.5
icosari,sari,age,DE,00-04,-2,KIT-EnsembleNowcastRealtime,16.188955505279033,26.791327300150833,8.561085972850679,51.54136877828054,0.3181818181818182,0.5
icosari,sari,age,DE,00-04,-2,KIT-epinowcast,6.112215909090908,18.07987012987013,5.302597402597405,29.494683441558443,0.13636363636363635,0.5454545454545454
icosari,sari,age,DE,00-04,-2,KIT-simple_nowcast,16.923076923076923,27.518099547511312,8.289592760180996,52.73076923076923,0.45454545454545453,0.5909090909090909
icosari,sari,age,DE,00-04,-2,RIVM-GAM,8.277597402597404,15.655844155844155,4.85064935064935,28.78409090909091,0.5909090909090909,0.6818181818181818
icosari,sari,age,DE,00-04,-2,RKI-Pilot_01,6.124911776806885,0.11404549452823164,6.143541022204123,12.38249829353924,0.9090909090909091,1
icosari,sari,age,DE,00-04,-1,KIT-EnsembleNowcastComplete,47.84548317773836,31.970676551090747,-2.60885617681766,77.20730355201145,0.5454545454545454,0.6363636363636364
icosari,sari,age,DE,00-04,-1,KIT-EnsembleNowcastRealtime,37.92290535444946,45.411613876319784,-1.9498491704374168,81.38467006033183,0.4090909090909091,0.6363636363636364
icosari,sari,age,DE,00-04,-1,KIT-epinowcast,23.41732142857143,28.110714285714288,2.5876623376623376,54.11569805194806,0.5,0.7272727272727273
icosari,sari,age,DE,00-04,-1,KIT-simple_nowcast,22.908823529411766,64.22624434389141,0.10859728506787328,87.24366515837104,0.2727272727272727,0.5909090909090909
icosari,sari,age,DE,00-04,-1,RIVM-GAM,25.37857142857143,16.844155844155843,1.2857142857142856,43.50844155844156,0.6818181818181818,0.8181818181818182
icosari,sari,age,DE,00-04,-1,RKI-Pilot_01,12.611607688881646,1.7723240703315444,3.5799862529086126,17.963918012121802,0.6363636363636364,1
icosari,sari,age,DE,00-04,0,KIT-EnsembleNowcastComplete,114.30334173641603,90.79881774878899,-3.1665939726461154,201.93556551255892,0.5,0.9090909090909091
icosari,sari,age,DE,00-04,0,KIT-EnsembleNowcastRealtime,102.43305618401207,107.85886123680241,-0.40837104072398234,209.8835463800905,0.4090909090909091,0.8636363636363636
icosari,sari,age,DE,00-04,0,KIT-epinowcast,109.59486201298702,57.213311688311684,6.915584415584416,173.72375811688312,0.7272727272727273,0.9090909090909091
icosari,sari,age,DE,00-04,0,KIT-simple_nowcast,43.35769230769231,187.31674208144796,1.3619909502262442,232.0364253393665,0.13636363636363635,0.3181818181818182
icosari,sari,age,DE,00-04,0,RIVM-GAM,58.433766233766235,23.7012987012987,3.168831168831169,85.30389610389611,0.6818181818181818,0.9545454545454546
icosari,sari,age,DE,00-04,-0,RKI-Pilot_01,30.630018132779934,12.633877557416252,8.759893574552677,52.023789264748864,0.6363636363636364,1
icosari,sari,age,DE,00-04,1,KIT-EnsembleComplete,112.37410601149807,62.39280338116933,12.466008985436758,187.23291837810416,0.5454545454545454,1
icosari,sari,age,DE,00-04,1,KIT-EnsembleRealtime,111.93523921058133,65.25255208542355,12.74545103313303,189.9332423291379,0.5454545454545454,1
icosari,sari,age,DE,00-04,1,KIT-LightGBM,92.7388209066221,138.24478650160216,2.7017265176518053,233.68533392587605,0.3181818181818182,0.8181818181818182
icosari,sari,age,DE,00-04,1,KIT-TSMixer,143.08479582917084,33.28249583749584,31.983782883782887,208.35107455044957,0.7727272727272727,1
icosari,sari,age,DE,00-04,1,KIT-hhh4,101.2987012987013,72.16883116883118,28.272727272727273,201.74025974025975,0.5454545454545454,0.9545454545454546
icosari,sari,age,DE,00-04,1,KIT-persistence,54.920779220779224,142.58441558441558,33.87662337662338,231.38181818181818,0.18181818181818182,0.7272727272727273
icosari,sari,age,DE,00-04,1,baseline,291.96038961038965,76.33116883116882,22.753246753246753,391.04480519480524,0.7727272727272727,1
icosari,sari,age,DE,00-04,2,KIT-EnsembleComplete,118.13075588745731,45.179010597202314,33.55850046695886,196.8682669516185,0.6363636363636364,1
icosari,sari,age,DE,00-04,2,KIT-EnsembleRealtime,118.06082695553668,52.05135589670861,33.55850046695886,203.67068331920416,0.6363636363636364,1
icosari,sari,age,DE,00-04,2,KIT-LightGBM,94.58787376460303,91.94522442974413,16.72066021615228,203.25375841049944,0.36363636363636365,0.9545454545454546
icosari,sari,age,DE,00-04,2,KIT-TSMixer,138.14854974192474,19.796708291708292,79.43919913419914,237.38445716783218,0.5454545454545454,1
icosari,sari,age,DE,00-04,2,KIT-hhh4,121.65584415584416,63.16233766233766,38.86363636363637,223.6818181818182,0.5,0.9545454545454546
icosari,sari,age,DE,00-04,2,KIT-persistence,60.12337662337663,170.82467532467533,99.3896103896104,330.3376623376623,0.3181818181818182,0.5909090909090909
icosari,sari,age,DE,00-04,2,baseline,287.0279220779221,73.1038961038961,25.746753246753247,385.87857142857143,0.7727272727272727,1
icosari,sari,age,DE,00-04,3,KIT-EnsembleComplete,131.3363350727267,32.50831863786233,39.61819341965168,203.4628471302407,0.5909090909090909,1
icosari,sari,age,DE,00-04,3,KIT-EnsembleRealtime,132.6309833211132,37.35078588781003,39.01269072224862,208.99445993117183,0.6363636363636364,1
icosari,sari,age,DE,00-04,3,KIT-LightGBM,122.40781961211948,62.92419734129607,11.103770904379203,196.43578785779476,0.6363636363636364,1
icosari,sari,age,DE,00-04,3,KIT-TSMixer,133.51677002164502,10.815634365634367,106.79081252081254,251.12321690809193,0.5454545454545454,1
icosari,sari,age,DE,00-04,3,KIT-hhh4,138.08441558441558,55.72077922077922,52.55844155844156,246.36363636363637,0.5454545454545454,1
icosari,sari,age,DE,00-04,3,KIT-persistence,62.65681818181818,210.66233766233765,158.16883116883116,431.487987012987,0.18181818181818182,0.4090909090909091
icosari,sari,age,DE,00-04,3,baseline,278.8305194805195,68.85714285714286,28.123376623376622,375.81103896103895,0.7727272727272727,1
icosari,sari,age,DE,00-04,4,KIT-EnsembleComplete,143.2610824380965,41.028437275311795,47.31909064695978,231.6086103603681,0.6363636363636364,1
icosari,sari,age,DE,00-04,4,KIT-EnsembleRealtime,144.85684776378912,48.374981875967805,47.31909064695978,240.55092028671672,0.5454545454545454,1
icosari,sari,age,DE,00-04,4,KIT-LightGBM,150.72346713613433,84.55737063371498,13.417738873211103,248.69857664306042,0.5,1
icosari,sari,age,DE,00-04,4,KIT-TSMixer,125.13120874958375,14.791741591741596,172.25189643689646,312.1748467782218,0.5454545454545454,0.9545454545454546
icosari,sari,age,DE,00-04,4,KIT-hhh4,153.92857142857144,66.97402597402598,49.94155844155844,270.84415584415586,0.5454545454545454,1
icosari,sari,age,DE,00-04,4,KIT-persistence,74.35422077922078,258.3376623376623,168.88311688311688,501.575,0.18181818181818182,0.5
icosari,sari,age,DE,00-04,4,baseline,267.3698051948052,75.87012987012987,28.324675324675326,371.5646103896104,0.7272727272727273,1
icosari,sari,age,DE,05-14,-3,KIT-EnsembleNowcastComplete,1.5252800582992505,1.5797511312217194,12.555827184877744,15.660858374398714,0.13636363636363635,0.18181818181818182
icosari,sari,age,DE,05-14,-3,KIT-EnsembleNowcastRealtime,1.2997737556561122,2.050527903469082,12.512820512820513,15.863122171945706,0.13636363636363635,0.18181818181818182
icosari,sari,age,DE,05-14,-3,KIT-epinowcast,0,3.5,7.409090909090909,10.909090909090908,0.13636363636363635,0.13636363636363635
icosari,sari,age,DE,05-14,-3,KIT-simple_nowcast,1.4763574660633485,1.9457013574660633,12.285067873303168,15.70712669683258,0.7727272727272727,0.8181818181818182
icosari,sari,age,DE,05-14,-3,RIVM-GAM,1.163311688311689,2.3636363636363638,5.642857142857142,9.169805194805194,0.7727272727272727,0.8181818181818182
icosari,sari,age,DE,05-14,-3,RKI-Pilot_01,0.7402282017732118,0,6.511054953661379,7.2512831554345905,0.9090909090909091,0.9545454545454546
icosari,sari,age,DE,05-14,-2,KIT-EnsembleNowcastComplete,9.027071905901504,2.2449095022624435,26.918720360177122,38.19070176834107,0.18181818181818182,0.6363636363636364
icosari,sari,age,DE,05-14,-2,KIT-EnsembleNowcastRealtime,8.985913461538463,2.6617647058823533,26.790346907993968,38.438025075414785,0.18181818181818182,0.7272727272727273
icosari,sari,age,DE,05-14,-2,KIT-epinowcast,3.549975649350649,4.012987012987013,15.795779220779218,23.35874188311688,0.18181818181818182,0.5909090909090909
icosari,sari,age,DE,05-14,-2,KIT-simple_nowcast,9.396493212669684,3.004524886877828,25.952488687782804,38.35350678733032,0.36363636363636365,0.8636363636363636
icosari,sari,age,DE,05-14,-2,RIVM-GAM,4.9902597402597415,2.409090909090909,13.11038961038961,20.509740259740262,0.6363636363636364,0.8636363636363636
icosari,sari,age,DE,05-14,-2,RKI-Pilot_01,4.0669927248951945,0,15.373038209303987,19.440030934199182,0.8636363636363636,0.9090909090909091
icosari,sari,age,DE,05-14,-1,KIT-EnsembleNowcastComplete,21.332895472595187,7.356603753955601,24.773692120082107,53.4631913466329,0.5454545454545454,0.8181818181818182
icosari,sari,age,DE,05-14,-1,KIT-EnsembleNowcastRealtime,20.10397718702867,8.5908371040724,25.270663650075406,53.965477941176474,0.45454545454545453,0.8181818181818182
icosari,sari,age,DE,05-14,-1,KIT-epinowcast,12.010381493506495,7.834090909090909,17.658441558441556,37.502913961038956,0.4090909090909091,0.8181818181818182
icosari,sari,age,DE,05-14,-1,KIT-simple_nowcast,12.267760180995475,11.69683257918552,30.70361990950226,54.66821266968326,0.22727272727272727,0.5909090909090909
icosari,sari,age,DE,05-14,-1,RIVM-GAM,16.041558441558443,2.896103896103896,15.292207792207792,34.22987012987013,0.7272727272727273,0.9090909090909091
icosari,sari,age,DE,05-14,-1,RKI-Pilot_01,8.332939498459382,1.0766113357252982,21.869603856700632,31.27915469088531,0.8636363636363636,0.8636363636363636
icosari,sari,age,DE,05-14,0,KIT-EnsembleNowcastComplete,53.86403054372853,36.355848404717456,-12.86400776183173,77.35587118661427,0.5,0.9090909090909091
icosari,sari,age,DE,05-14,0,KIT-EnsembleNowcastRealtime,54.51653563348416,36.84977375565611,-10.907993966817491,80.45831542232277,0.4090909090909091,0.9090909090909091
icosari,sari,age,DE,05-14,0,KIT-epinowcast,50.81831980519481,19.843506493506492,9.454545454545455,80.11637175324675,0.5,1
icosari,sari,age,DE,05-14,0,KIT-simple_nowcast,22.59864253393665,56.01809954751131,8.004524886877828,86.6212669683258,0.3181818181818182,0.5454545454545454
icosari,sari,age,DE,05-14,0,RIVM-GAM,42.275000000000006,8.941558441558442,10.487012987012987,61.70357142857143,0.7727272727272727,1
icosari,sari,age,DE,05-14,-0,RKI-Pilot_01,21.979942292691284,6.327416142333288,12.268213698885262,40.57557213390984,0.5909090909090909,1
icosari,sari,age,DE,05-14,1,KIT-EnsembleComplete,69.31794479199681,9.1407981075829845,87.73929029223142,166.19803319181122,0.5454545454545454,0.9090909090909091
icosari,sari,age,DE,05-14,1,KIT-EnsembleRealtime,69.74568026583782,11.417019446786048,88.02803741677914,169.190737129403,0.5,0.9090909090909091
icosari,sari,age,DE,05-14,1,KIT-LightGBM,41.31516346356953,6.232546114710216,280.0401901229523,327.58789970123206,0.4090909090909091,0.6818181818181818
icosari,sari,age,DE,05-14,1,KIT-TSMixer,77.15815143190143,8.72049617049617,59.11677489177489,144.9954224941725,0.6818181818181818,1
icosari,sari,age,DE,05-14,1,KIT-hhh4,89.48051948051948,23.305194805194805,55.103896103896105,167.8896103896104,0.6363636363636364,1
icosari,sari,age,DE,05-14,1,KIT-persistence,31.540584415584416,82.71428571428571,67.71428571428571,181.96915584415584,0.13636363636363635,0.5454545454545454
icosari,sari,age,DE,05-14,1,baseline,57.02435064935065,0,429.76623376623377,486.7905844155844,0,0.6818181818181818
icosari,sari,age,DE,05-14,2,KIT-EnsembleComplete,75.00200800205945,12.711959866838681,133.95007146791275,221.66403933681087,0.6818181818181818,0.9090909090909091
icosari,sari,age,DE,05-14,2,KIT-EnsembleRealtime,76.72801854592319,15.96878647975091,134.44567635512234,227.14248138079645,0.5909090909090909,0.9090909090909091
icosari,sari,age,DE,05-14,2,KIT-LightGBM,40.70326942742377,6.429340433152951,329.8845283842868,377.0171382448635,0.2727272727272727,0.6818181818181818
icosari,sari,age,DE,05-14,2,KIT-TSMixer,75.2118454878455,10.386458541458543,98.2701923076923,183.86849633699634,0.6818181818181818,0.9545454545454546
icosari,sari,age,DE,05-14,2,KIT-hhh4,109.0909090909091,38.55844155844156,104.41558441558442,252.06493506493507,0.5909090909090909,0.9090909090909091
icosari,sari,age,DE,05-14,2,KIT-persistence,34.28279220779221,152.05844155844156,141.07142857142858,327.41266233766237,0.09090909090909091,0.45454545454545453
icosari,sari,age,DE,05-14,2,baseline,57.11785714285715,0,428.34415584415586,485.462012987013,0,0.6818181818181818
icosari,sari,age,DE,05-14,3,KIT-EnsembleComplete,78.59837761876719,20.51943552080513,157.73690557891564,256.85471871848796,0.6363636363636364,0.8636363636363636
icosari,sari,age,DE,05-14,3,KIT-EnsembleRealtime,81.97821815367664,23.554289786373936,157.4644250546425,262.99693299469305,0.5909090909090909,0.8636363636363636
icosari,sari,age,DE,05-14,3,KIT-LightGBM,36.76591836246207,8.23201898699097,337.21881758488973,382.21675493434276,0.18181818181818182,0.6818181818181818
icosari,sari,age,DE,05-14,3,KIT-TSMixer,74.15908462370963,21.81736763236763,129.20213702963704,225.17858928571428,0.5454545454545454,0.9090909090909091
icosari,sari,age,DE,05-14,3,KIT-hhh4,124.87012987012987,56.14935064935065,125.16233766233766,306.1818181818182,0.5454545454545454,0.9090909090909091
icosari,sari,age,DE,05-14,3,KIT-persistence,34.675000000000004,210.35714285714286,180.21428571428572,425.24642857142857,0.13636363636363635,0.22727272727272727
icosari,sari,age,DE,05-14,3,baseline,55.84318181818182,0,412.3376623376623,468.18084415584417,0,0.6818181818181818
icosari,sari,age,DE,05-14,4,KIT-EnsembleComplete,81.84430884853083,22.69936229961565,158.2547730500976,262.7984441982441,0.6363636363636364,0.8636363636363636
icosari,sari,age,DE,05-14,4,KIT-EnsembleRealtime,86.54879034719343,27.885319511266527,158.4065600269896,272.8406698854496,0.5909090909090909,0.8636363636363636
icosari,sari,age,DE,05-14,4,KIT-LightGBM,37.22683447100042,8.404395205509482,294.0056383749571,339.636868051467,0.22727272727272727,0.6818181818181818
icosari,sari,age,DE,05-14,4,KIT-TSMixer,68.37102713952714,18.615800865800864,151.28382367632366,238.27065168165169,0.5454545454545454,0.9090909090909091
icosari,sari,age,DE,05-14,4,KIT-hhh4,139.93506493506493,65.14935064935065,122.48051948051948,327.56493506493507,0.45454545454545453,0.9090909090909091
icosari,sari,age,DE,05-14,4,KIT-persistence,41.21331168831169,261.95454545454544,168.36363636363637,471.5314935064935,0.18181818181818182,0.36363636363636365
icosari,sari,age,DE,05-14,4,baseline,54.33149350649351,0,365.53246753246754,419.86396103896107,0,0.7272727272727273
icosari,sari,age,DE,15-34,-3,KIT-EnsembleNowcastComplete,2.3681732451681374,4.5650452488687785,7.887987519464736,14.821206013501651,0.045454545454545456,0.3181818181818182
icosari,sari,age,DE,15-34,-3,KIT-EnsembleNowcastRealtime,1.112462292609359,6.055052790346905,8.243589743589737,15.411104826546001,0.045454545454545456,0.3181818181818182
icosari,sari,age,DE,15-34,-3,KIT-epinowcast,0,6.181818181818182,7.409090909090909,13.590909090909092,0.045454545454545456,0.045454545454545456
icosari,sari,age,DE,15-34,-3,KIT-simple_nowcast,1.1566742081447965,5.984162895927602,8.061085972850679,15.201923076923077,0.5,0.7727272727272727
icosari,sari,age,DE,15-34,-3,RIVM-GAM,1.4165584415584422,5.181818181818182,4.383116883116883,10.981493506493507,0.5,0.7727272727272727
icosari,sari,age,DE,15-34,-3,RKI-Pilot_01,3.896625308164064,0,1.7570719832626824,5.653697291426746,0.9090909090909091,1
icosari,sari,age,DE,15-34,-2,KIT-EnsembleNowcastComplete,7.634540911272915,6.986279820820543,2.807490339869835,17.428311071963293,0.2727272727272727,0.5909090909090909
icosari,sari,age,DE,15-34,-2,KIT-EnsembleNowcastRealtime,6.8749179864253405,7.866515837104071,3.2171945701357454,17.95862839366516,0.13636363636363635,0.5454545454545454
icosari,sari,age,DE,15-34,-2,KIT-epinowcast,4.443579545454545,9.993506493506494,2.161038961038962,16.598125000000003,0.13636363636363635,0.5454545454545454
icosari,sari,age,DE,15-34,-2,KIT-simple_nowcast,6.721153846153847,7.914027149321267,3.251131221719457,17.886312217194572,0.4090909090909091,0.7272727272727273
icosari,sari,age,DE,15-34,-2,RIVM-GAM,7.1737012987013,8.032467532467532,2.538961038961039,17.745129870129873,0.5,0.7272727272727273
icosari,sari,age,DE,15-34,-2,RKI-Pilot_01,9.001259106822777,1.6373151964467012,0.9391001350536256,11.577674438323104,1,1
icosari,sari,age,DE,15-34,-1,KIT-EnsembleNowcastComplete,13.136023695656018,26.755957841563028,6.3924348723867634,46.28441640960581,0.5454545454545454,0.7272727272727273
icosari,sari,age,DE,15-34,-1,KIT-EnsembleNowcastRealtime,12.186900452488688,28.366138763197586,6.360482654600302,46.91352187028657,0.5,0.7272727272727273
icosari,sari,age,DE,15-34,-1,KIT-epinowcast,13.261704545454545,13.438311688311687,2.551948051948052,29.251964285714287,0.5,0.7272727272727273
icosari,sari,age,DE,15-34,-1,KIT-simple_nowcast,8.813461538461539,32.60633484162896,7.527149321266968,48.946945701357464,0.2727272727272727,0.5454545454545454
icosari,sari,age,DE,15-34,-1,RIVM-GAM,18.46136363636364,8.318181818181818,3.5,30.279545454545456,0.6818181818181818,0.8181818181818182
icosari,sari,age,DE,15-34,-1,RKI-Pilot_01,16.44792879328513,5.36893007537113,1.4951531589534948,23.312012027609754,0.6818181818181818,1
icosari,sari,age,DE,15-34,0,KIT-EnsembleNowcastComplete,25.8218006040189,49.42347386657846,7.989638186817787,83.23491265741515,0.5,0.9090909090909091
icosari,sari,age,DE,15-34,0,KIT-EnsembleNowcastRealtime,27.42767911010559,47.83058069381598,8.032051282051283,83.29031108597285,0.5454545454545454,0.8636363636363636
icosari,sari,age,DE,15-34,0,KIT-epinowcast,42.97563311688312,15.9,7.461038961038961,66.33667207792209,0.6818181818181818,0.9545454545454546
icosari,sari,age,DE,15-34,0,KIT-simple_nowcast,16.098076923076924,64.196832579185525,9.583710407239819,89.87861990950226,0.13636363636363635,0.5
icosari,sari,age,DE,15-34,0,RIVM-GAM,45.20746753246753,13.974025974025974,3.4220779220779223,62.60357142857143,0.6363636363636364,0.9545454545454546
icosari,sari,age,DE,15-34,-0,RKI-Pilot_01,35.08513791483203,23.621783247897305,3.2499939576151893,61.956915120344526,0.5454545454545454,0.9545454545454546
icosari,sari,age,DE,15-34,1,KIT-EnsembleComplete,54.677717957983376,19.04997587033844,21.15904210842332,94.88673593674514,0.45454545454545453,1
icosari,sari,age,DE,15-34,1,KIT-EnsembleRealtime,54.29440028413682,19.756108587493355,21.643982780926144,95.69449165255632,0.45454545454545453,1
icosari,sari,age,DE,15-34,1,KIT-LightGBM,41.65664159456286,12.358165168107575,61.851910223186415,115.86671698585685,0.4090909090909091,0.8181818181818182
icosari,sari,age,DE,15-34,1,KIT-TSMixer,60.460927863802866,27.79835830835831,12.542159507159507,100.80144567932068,0.5909090909090909,1
icosari,sari,age,DE,15-34,1,KIT-hhh4,61.91558441558442,26.064935064935064,21.61038961038961,109.5909090909091,0.5909090909090909,1
icosari,sari,age,DE,15-34,1,KIT-persistence,25.867857142857144,86.16883116883118,44.05844155844156,156.09512987012988,0.09090909090909091,0.5
icosari,sari,age,DE,15-34,1,baseline,48.29967532467533,0,191.9935064935065,240.2931818181818,0.13636363636363635,0.7272727272727273
icosari,sari,age,DE,15-34,2,KIT-EnsembleComplete,58.6931543252349,23.710538896326355,24.427728366650346,106.8314215882116,0.5,1
icosari,sari,age,DE,15-34,2,KIT-EnsembleRealtime,58.955340870910035,23.268371375464568,24.427728366650346,106.65144061302495,0.5909090909090909,1
icosari,sari,age,DE,15-34,2,KIT-LightGBM,41.80685060890481,13.977431174021252,87.9507143952121,143.73499617813815,0.2727272727272727,0.7272727272727273
icosari,sari,age,DE,15-34,2,KIT-TSMixer,59.37001496420247,26.90787712287712,14.294264069264068,100.57215615634367,0.5454545454545454,1
icosari,sari,age,DE,15-34,2,KIT-hhh4,74.90259740259741,41.564935064935064,21.259740259740262,137.72727272727272,0.5,1
icosari,sari,age,DE,15-34,2,KIT-persistence,27.932792207792208,121.98701298701299,37.77272727272727,187.69253246753246,0.2727272727272727,0.5454545454545454
icosari,sari,age,DE,15-34,2,baseline,48.05649350649351,0.09090909090909093,179.5194805194805,227.66688311688313,0.18181818181818182,0.7727272727272727
icosari,sari,age,DE,15-34,3,KIT-EnsembleComplete,60.224573682266026,31.48734711342443,27.190115350832325,118.90203614652278,0.4090909090909091,0.9545454545454546
icosari,sari,age,DE,15-34,3,KIT-EnsembleRealtime,61.81366262300529,29.068588827061667,27.06291042137144,117.9451618714384,0.45454545454545453,1
icosari,sari,age,DE,15-34,3,KIT-LightGBM,35.61193447919901,17.557560931944593,116.70672870303619,169.8762241141798,0.2727272727272727,0.6363636363636364
icosari,sari,age,DE,15-34,3,KIT-TSMixer,58.24360474941725,39.592454212454214,18.61127872127872,116.44733768315018,0.45454545454545453,0.9545454545454546
icosari,sari,age,DE,15-34,3,KIT-hhh4,86.81818181818183,49.04545454545455,15.279220779220779,151.14285714285714,0.5909090909090909,1
icosari,sari,age,DE,15-34,3,KIT-persistence,27.703896103896106,137.4805194805195,46.38961038961039,211.57402597402597,0.3181818181818182,0.5
icosari,sari,age,DE,15-34,3,baseline,47.462987012987014,2.1103896103896105,175.6103896103896,225.18376623376625,0.18181818181818182,0.7727272727272727
icosari,sari,age,DE,15-34,4,KIT-EnsembleComplete,62.071995063865565,29.307444631517733,35.38241485023134,126.76185454561464,0.4090909090909091,0.9545454545454546
icosari,sari,age,DE,15-34,4,KIT-EnsembleRealtime,64.32361083872638,29.156223501976346,35.570726538543035,129.05056087924575,0.4090909090909091,0.9545454545454546
icosari,sari,age,DE,15-34,4,KIT-LightGBM,34.939583926195425,14.756131154867614,117.43568033720635,167.1313954182694,0.2727272727272727,0.7272727272727273
icosari,sari,age,DE,15-34,4,KIT-TSMixer,54.45821944721945,31.199185814185814,34.33400266400266,119.99140792540793,0.45454545454545453,0.9545454545454546
icosari,sari,age,DE,15-34,4,KIT-hhh4,96.81818181818183,55.6948051948052,19.084415584415584,171.5974025974026,0.5454545454545454,0.9545454545454546
icosari,sari,age,DE,15-34,4,KIT-persistence,33.03798701298702,151.62987012987014,55.55194805194805,240.2198051948052,0.18181818181818182,0.5454545454545454
icosari,sari,age,DE,15-34,4,baseline,47.144805194805194,2.1103896103896105,155.5974025974026,204.8525974025974,0.22727272727272727,0.8181818181818182
icosari,sari,age,DE,35-59,-3,KIT-EnsembleNowcastComplete,6.248345988943357,12.251131221719456,8.630548744214328,27.13002595487714,0.045454545454545456,0.36363636363636365
icosari,sari,age,DE,35-59,-3,KIT-EnsembleNowcastRealtime,2.797379336349919,16.10859728506787,9.287330316742086,28.193306938159875,0.045454545454545456,0.36363636363636365
icosari,sari,age,DE,35-59,-3,KIT-epinowcast,0,11.090909090909092,12.681818181818182,23.772727272727273,0.045454545454545456,0.045454545454545456
icosari,sari,age,DE,35-59,-3,KIT-simple_nowcast,2.907239819004525,16.097285067873305,9.203619909502262,28.20814479638009,0.36363636363636365,0.6818181818181818
icosari,sari,age,DE,35-59,-3,RIVM-GAM,3.9402597402597412,10.331168831168831,4.8441558441558445,19.115584415584415,0.36363636363636365,0.6818181818181818
icosari,sari,age,DE,35-59,-3,RKI-Pilot_01,8.391076028908126,0,2.1532071611571024,10.544283190065228,0.9545454545454546,1
icosari,sari,age,DE,35-59,-2,KIT-EnsembleNowcastComplete,20.65393498501021,35.12434411913012,2.064432950783688,57.84271205492402,0.2727272727272727,0.5454545454545454
icosari,sari,age,DE,35-59,-2,KIT-EnsembleNowcastRealtime,18.0701338612368,39.21191553544495,2.223227752639517,59.505277149321266,0.09090909090909091,0.45454545454545453
icosari,sari,age,DE,35-59,-2,KIT-epinowcast,10.650909090909092,27.097402597402596,1.6168831168831168,39.365194805194804,0.045454545454545456,0.5
icosari,sari,age,DE,35-59,-2,KIT-simple_nowcast,17.725,39.73529411764706,2.316742081447964,59.77703619909502,0.3181818181818182,0.5909090909090909
icosari,sari,age,DE,35-59,-2,RIVM-GAM,15.579220779220782,23.75974025974026,1.1493506493506493,40.48831168831169,0.22727272727272727,0.6818181818181818
icosari,sari,age,DE,35-59,-2,RKI-Pilot_01,18.127143449309315,5.380118898182329,0.6678994259217756,24.17516177341342,0.9545454545454546,1
icosari,sari,age,DE,35-59,-1,KIT-EnsembleNowcastComplete,27.68970119638239,56.46420357955701,3.6130873637130105,87.7669921396524,0.45454545454545453,0.6818181818181818
icosari,sari,age,DE,35-59,-1,KIT-EnsembleNowcastRealtime,27.607070135746604,58.99479638009049,3.716440422322775,90.31830693815988,0.45454545454545453,0.6363636363636364
icosari,sari,age,DE,35-59,-1,KIT-epinowcast,36.380625,42.94025974025974,2.844155844155844,82.16504058441559,0.4090909090909091,0.6818181818181818
icosari,sari,age,DE,35-59,-1,KIT-simple_nowcast,22.304298642533936,66.15610859728507,4.018099547511312,92.47850678733032,0.2727272727272727,0.5454545454545454
icosari,sari,age,DE,35-59,-1,RIVM-GAM,37.022077922077926,33.77272727272727,1.2727272727272727,72.06753246753247,0.5454545454545454,0.6818181818181818
icosari,sari,age,DE,35-59,-1,RKI-Pilot_01,30.949689401280317,18.50479075311285,1.1686407150019942,50.623120869395166,0.45454545454545453,1
icosari,sari,age,DE,35-59,0,KIT-EnsembleNowcastComplete,67.00529040691939,59.80518686575168,36.19501437267173,163.0054916453428,0.5454545454545454,0.9545454545454546
icosari,sari,age,DE,35-59,0,KIT-EnsembleNowcastRealtime,67.05116138763196,60.80441176470589,37.94140271493213,165.79697586727,0.5454545454545454,0.9545454545454546
icosari,sari,age,DE,35-59,0,KIT-epinowcast,138.4204220779221,52.01201298701299,25.031168831168834,215.4636038961039,0.6818181818181818,0.9545454545454546
icosari,sari,age,DE,35-59,0,KIT-simple_nowcast,39.05814479638009,77.47511312217195,49.51131221719457,166.0445701357466,0.2727272727272727,0.6818181818181818
icosari,sari,age,DE,35-59,0,RIVM-GAM,78.71363636363637,43.922077922077925,12.902597402597403,135.5383116883117,0.5,0.9545454545454546
icosari,sari,age,DE,35-59,-0,RKI-Pilot_01,55.0643631769881,52.245743950619826,26.273272966383924,133.58338009399185,0.4090909090909091,0.9090909090909091
icosari,sari,age,DE,35-59,1,KIT-EnsembleComplete,89.95599225320831,33.81100102095903,64.6987734229243,188.46576669709165,0.4090909090909091,1
icosari,sari,age,DE,35-59,1,KIT-EnsembleRealtime,90.28794843285777,39.81465785389078,65.14003460038714,195.24264088713568,0.4090909090909091,1
icosari,sari,age,DE,35-59,1,KIT-LightGBM,77.75574734320801,31.685758903131997,85.62806457221339,195.06957081855342,0.3181818181818182,0.8636363636363636
icosari,sari,age,DE,35-59,1,KIT-TSMixer,97.56677487096238,19.073310023310025,88.70734765234766,205.34743254662007,0.5909090909090909,1
icosari,sari,age,DE,35-59,1,KIT-hhh4,94.54545454545455,70.84415584415585,52.41558441558442,217.80519480519482,0.4090909090909091,0.9545454545454546
icosari,sari,age,DE,35-59,1,KIT-persistence,55.490584415584415,114.07142857142857,93.25974025974025,262.82175324675325,0.22727272727272727,0.6363636363636364
icosari,sari,age,DE,35-59,1,baseline,139.82142857142858,0.6883116883116883,251.87662337662337,392.3863636363636,0.36363636363636365,0.8636363636363636
icosari,sari,age,DE,35-59,2,KIT-EnsembleComplete,95.04173617797564,47.355907953016676,84.17296865677362,226.57061278776592,0.36363636363636365,0.9545454545454546
icosari,sari,age,DE,35-59,2,KIT-EnsembleRealtime,96.46135327792591,53.54631298939717,80.68552200126754,230.69318826859063,0.4090909090909091,0.9545454545454546
icosari,sari,age,DE,35-59,2,KIT-LightGBM,74.77132616629456,33.37884839219962,168.90406034461859,277.0542349031128,0.2727272727272727,0.7727272727272727
icosari,sari,age,DE,35-59,2,KIT-TSMixer,95.97076548451548,27.05173992673992,119.64733100233101,242.66983641358644,0.4090909090909091,0.9090909090909091
icosari,sari,age,DE,35-59,2,KIT-hhh4,114.38311688311688,106.98051948051948,35.740259740259745,257.1038961038961,0.45454545454545453,0.9090909090909091
icosari,sari,age,DE,35-59,2,KIT-persistence,60.31428571428572,180.37662337662337,127.46103896103897,368.15194805194807,0.18181818181818182,0.5
icosari,sari,age,DE,35-59,2,baseline,146.67435064935066,5.175324675324675,249.12337662337663,400.97305194805193,0.36363636363636365,0.8636363636363636
icosari,sari,age,DE,35-59,3,KIT-EnsembleComplete,99.78986459149598,48.58895752343044,90.6855363126786,239.06435842760501,0.36363636363636365,0.9545454545454546
icosari,sari,age,DE,35-59,3,KIT-EnsembleRealtime,101.6581477752024,61.79657353939845,87.02625268228985,250.4809739968907,0.4090909090909091,0.9090909090909091
icosari,sari,age,DE,35-59,3,KIT-LightGBM,75.68948919157087,23.766633382629003,211.67400521628315,311.130127790483,0.2727272727272727,0.7727272727272727
icosari,sari,age,DE,35-59,3,KIT-TSMixer,92.83594873876125,29.875378787878788,129.60101065601066,252.31233818265068,0.4090909090909091,0.8636363636363636
icosari,sari,age,DE,35-59,3,KIT-hhh4,130.84415584415584,132.48701298701297,32.25974025974026,295.5909090909091,0.5,0.8636363636363636
icosari,sari,age,DE,35-59,3,KIT-persistence,61.38701298701299,209.42207792207793,151.5,422.3090909090909,0.18181818181818182,0.5454545454545454
icosari,sari,age,DE,35-59,3,baseline,151.28896103896105,6.090909090909091,234.44805194805195,391.8279220779221,0.4090909090909091,0.8636363636363636
icosari,sari,age,DE,35-59,4,KIT-EnsembleComplete,103.58548510333978,60.1061765826988,84.00599407628633,247.69765576232493,0.36363636363636365,0.9545454545454546
icosari,sari,age,DE,35-59,4,KIT-EnsembleRealtime,106.64771500452102,72.73553476357742,81.20402500138319,260.5872747694816,0.45454545454545453,0.9545454545454546
icosari,sari,age,DE,35-59,4,KIT-LightGBM,75.7980156663297,27.64487462796494,205.33132344462635,308.774213738921,0.22727272727272727,0.7727272727272727
icosari,sari,age,DE,35-59,4,KIT-TSMixer,89.53636172161173,37.9637912087912,160.04686313686312,287.54701606726604,0.22727272727272727,0.9090909090909091
icosari,sari,age,DE,35-59,4,KIT-hhh4,145.42207792207793,165.19480519480518,26.402597402597404,337.0194805194805,0.5454545454545454,0.9090909090909091
icosari,sari,age,DE,35-59,4,KIT-persistence,73.05357142857143,279.2207792207792,153.44805194805195,505.7224025974026,0.13636363636363635,0.36363636363636365
icosari,sari,age,DE,35-59,4,baseline,152.46038961038963,7.233766233766234,183.92857142857142,343.6227272727273,0.4090909090909091,0.9090909090909091
icosari,sari,age,DE,60-79,-3,KIT-EnsembleNowcastComplete,14.803524745911394,50.31391996164658,11.264821018842637,76.38226572640062,0.13636363636363635,0.45454545454545453
icosari,sari,age,DE,60-79,-3,KIT-EnsembleNowcastRealtime,5.7144230769230715,60.865761689291084,12.822398190045263,79.40258295625942,0.045454545454545456,0.45454545454545453
icosari,sari,age,DE,60-79,-3,KIT-epinowcast,0,34.09090909090909,20.227272727272727,54.31818181818182,0.045454545454545456,0.045454545454545456
icosari,sari,age,DE,60-79,-3,KIT-simple_nowcast,5.7227375565610865,60.945701357466064,13.540723981900452,80.2091628959276,0.13636363636363635,0.4090909090909091
icosari,sari,age,DE,60-79,-3,RIVM-GAM,9.434415584415586,34.35064935064935,5.012987012987013,48.79805194805195,0.22727272727272727,0.5
icosari,sari,age,DE,60-79,-3,RKI-Pilot_01,10.786606859935564,3.5135795472152234,1.5796746468949827,15.87986105404577,0.9090909090909091,1
icosari,sari,age,DE,60-79,-2,KIT-EnsembleNowcastComplete,41.75747609658349,57.41202278676975,13.956481497857341,113.12598038121058,0.4090909090909091,0.5909090909090909
icosari,sari,age,DE,60-79,-2,KIT-EnsembleNowcastRealtime,38.28041760935146,61.389064856711904,16.59012066365007,116.25960312971343,0.36363636363636365,0.5909090909090909
icosari,sari,age,DE,60-79,-2,KIT-epinowcast,22.658985389610393,45.56428571428571,11.354545454545457,79.57781655844155,0.3181818181818182,0.5909090909090909
icosari,sari,age,DE,60-79,-2,KIT-simple_nowcast,34.094683257918554,62.2262443438914,20.085972850678733,116.40690045248869,0.3181818181818182,0.6818181818181818
icosari,sari,age,DE,60-79,-2,RIVM-GAM,29.722077922077926,45.16233766233766,5.876623376623376,80.76103896103896,0.5,0.6363636363636364
icosari,sari,age,DE,60-79,-2,RKI-Pilot_01,28.166991349020428,13.76648735445261,3.6064283388460154,45.53990704231905,0.45454545454545453,1
icosari,sari,age,DE,60-79,-1,KIT-EnsembleNowcastComplete,59.371473158504116,101.65840306763542,14.785283357729378,175.8151595838689,0.4090909090909091,0.9090909090909091
icosari,sari,age,DE,60-79,-1,KIT-EnsembleNowcastRealtime,59.5028883861237,103.03555806938158,15.92156862745098,178.46001508295626,0.36363636363636365,0.8181818181818182
icosari,sari,age,DE,60-79,-1,KIT-epinowcast,70.08222402597403,58.76980519480519,12.925324675324676,141.7773538961039,0.36363636363636365,0.9090909090909091
icosari,sari,age,DE,60-79,-1,KIT-simple_nowcast,43.408371040723985,115.07918552036199,23.506787330316744,181.9943438914027,0.36363636363636365,0.6363636363636364
icosari,sari,age,DE,60-79,-1,RIVM-GAM,59.8512987012987,58.746753246753244,5.428571428571429,124.02662337662338,0.5454545454545454,0.9090909090909091
icosari,sari,age,DE,60-79,-1,RKI-Pilot_01,56.1391799025938,38.30121956923861,6.23369985372032,100.67409932555273,0.5454545454545454,1
icosari,sari,age,DE,60-79,0,KIT-EnsembleNowcastComplete,155.60904863554742,47.57614662923015,46.50014880946855,249.68534407424613,0.5909090909090909,1
icosari,sari,age,DE,60-79,0,KIT-EnsembleNowcastRealtime,151.80917703619912,50.99343891402712,52.29585218702868,255.0984681372549,0.5909090909090909,0.9545454545454546
icosari,sari,age,DE,60-79,0,KIT-epinowcast,235.3315422077922,60.16298701298702,38.573376623376625,334.06790584415586,0.7272727272727273,1
icosari,sari,age,DE,60-79,0,KIT-simple_nowcast,76.3052036199095,89.63800904977376,89.5475113122172,255.49072398190046,0.2727272727272727,0.7272727272727273
icosari,sari,age,DE,60-79,0,RIVM-GAM,117.84253246753248,83.52597402597402,10.012987012987013,211.3814935064935,0.5454545454545454,1
icosari,sari,age,DE,60-79,-0,RKI-Pilot_01,96.12657043362124,55.83535214049124,21.226269320355215,173.18819189446768,0.6363636363636364,0.9545454545454546
icosari,sari,age,DE,60-79,1,KIT-EnsembleComplete,160.20091037207015,35.39169875710874,70.95828776403414,266.55089689321306,0.5454545454545454,1
icosari,sari,age,DE,60-79,1,KIT-EnsembleRealtime,160.4623226724608,36.262341137190305,66.04103427530076,262.76569808495185,0.5909090909090909,1
icosari,sari,age,DE,60-79,1,KIT-LightGBM,148.31557267048953,21.42698424482257,135.29447009912968,305.0370270144418,0.3181818181818182,0.9090909090909091
icosari,sari,age,DE,60-79,1,KIT-TSMixer,180.40404156260408,28.755860805860802,77.57337495837493,286.7332773268398,0.6363636363636364,1
icosari,sari,age,DE,60-79,1,KIT-hhh4,151.88311688311688,87.25324675324676,69.04545454545455,308.1818181818182,0.6363636363636364,0.9545454545454546
icosari,sari,age,DE,60-79,1,KIT-persistence,106.66233766233766,64.27272727272727,108.06493506493507,279,0.36363636363636365,0.9090909090909091
icosari,sari,age,DE,60-79,1,baseline,243.83993506493508,1.0324675324675325,362.35714285714283,607.2295454545455,0.45454545454545453,1
icosari,sari,age,DE,60-79,2,KIT-EnsembleComplete,172.36148545336482,35.31773773199625,82.63751092196358,290.31673410732463,0.5909090909090909,1
icosari,sari,age,DE,60-79,2,KIT-EnsembleRealtime,173.11708037451126,53.36037508789332,82.66621024042907,309.14366570283363,0.5454545454545454,0.9545454545454546
icosari,sari,age,DE,60-79,2,KIT-LightGBM,157.3591632781764,24.780294383518495,209.46321752830642,391.6026751900013,0.3181818181818182,0.9545454545454546
icosari,sari,age,DE,60-79,2,KIT-TSMixer,177.77724113386614,23.942720612720617,71.33663836163838,273.05660010822515,0.6818181818181818,1
icosari,sari,age,DE,60-79,2,KIT-hhh4,181.94805194805195,117.50649350649351,56.72727272727273,356.1818181818182,0.6363636363636364,0.9545454545454546
icosari,sari,age,DE,60-79,2,KIT-persistence,116.62402597402598,148.05844155844156,124.9935064935065,389.67597402597403,0.2727272727272727,0.8181818181818182
icosari,sari,age,DE,60-79,2,baseline,249.78538961038961,3.9155844155844157,330.07142857142856,583.7724025974026,0.5454545454545454,1
icosari,sari,age,DE,60-79,3,KIT-EnsembleComplete,174.53068447028642,30.674655923500307,113.42165531999787,318.6269957137846,0.5909090909090909,1
icosari,sari,age,DE,60-79,3,KIT-EnsembleRealtime,177.54111583781753,43.64130411118019,114.1514062452074,335.3338261942051,0.5,1
icosari,sari,age,DE,60-79,3,KIT-LightGBM,140.90749696730282,12.63442879345829,341.4346843150201,494.9766100757812,0.36363636363636365,0.9545454545454546
icosari,sari,age,DE,60-79,3,KIT-TSMixer,173.0416993006993,14.135014985014987,104.8669413919414,292.0436556776557,0.45454545454545453,1
icosari,sari,age,DE,60-79,3,KIT-hhh4,209.64285714285714,132.08441558441558,53.85714285714286,395.5844155844156,0.5909090909090909,0.9545454545454546
icosari,sari,age,DE,60-79,3,KIT-persistence,119.14025974025975,197.56493506493507,217.88311688311688,534.5883116883117,0.13636363636363635,0.7727272727272727
icosari,sari,age,DE,60-79,3,baseline,252.75194805194806,3.9155844155844157,320.6753246753247,577.3428571428572,0.6363636363636364,1
icosari,sari,age,DE,60-79,4,KIT-EnsembleComplete,175.5116962647855,41.32573594044604,179.57041736235843,396.40784956758995,0.5909090909090909,1
icosari,sari,age,DE,60-79,4,KIT-EnsembleRealtime,180.31573822068896,75.69939566153452,173.40897292189547,429.42410680411894,0.5909090909090909,0.9545454545454546
icosari,sari,age,DE,60-79,4,KIT-LightGBM,128.8655614467042,21.650937213016565,442.3381879242393,592.8546865839601,0.3181818181818182,0.8636363636363636
icosari,sari,age,DE,60-79,4,KIT-TSMixer,164.58511176323677,19.380534465534463,247.90193056943056,431.8675767982018,0.45454545454545453,0.9545454545454546
icosari,sari,age,DE,60-79,4,KIT-hhh4,233.08441558441558,185.38311688311688,72.52597402597402,490.9935064935065,0.5,0.9545454545454546
icosari,sari,age,DE,60-79,4,KIT-persistence,141.9896103896104,283.0064935064935,278.83116883116884,703.8272727272728,0.09090909090909091,0.5909090909090909
icosari,sari,age,DE,60-79,4,baseline,250.65616883116886,3.9155844155844157,285.38961038961037,539.9613636363637,0.6363636363636364,1
icosari,sari,age,DE,80+,-3,KIT-EnsembleNowcastComplete,10.563810335422838,28.96157373085952,20.955713701486985,60.48109776776934,0.13636363636363635,0.5909090909090909
icosari,sari,age,DE,80+,-3,KIT-EnsembleNowcastRealtime,6.3200980392156865,32.396681749622914,24.097662141779804,62.81444193061841,0.09090909090909091,0.5909090909090909
icosari,sari,age,DE,80+,-3,KIT-epinowcast,0,21.772727272727273,38.95454545454545,60.72727272727273,0.09090909090909091,0.09090909090909091
icosari,sari,age,DE,80+,-3,KIT-simple_nowcast,6.119343891402716,32.40497737556561,25.816742081447963,64.34106334841628,0.22727272727272727,0.5909090909090909
icosari,sari,age,DE,80+,-3,RIVM-GAM,11.253246753246755,22.207792207792206,9.480519480519481,42.94155844155844,0.2727272727272727,0.6818181818181818
icosari,sari,age,DE,80+,-3,RKI-Pilot_01,14.290129843413485,3.566600534349296,2.923002953009632,20.779733330772416,0.8636363636363636,1
icosari,sari,age,DE,80+,-2,KIT-EnsembleNowcastComplete,47.45054490741249,19.03888599142979,19.9834936176446,86.47292451648688,0.5909090909090909,0.8636363636363636
icosari,sari,age,DE,80+,-2,KIT-EnsembleNowcastRealtime,42.48280165912522,20.167647058823505,25.065233785822006,87.71568250377074,0.5909090909090909,0.8181818181818182
icosari,sari,age,DE,80+,-2,KIT-epinowcast,22.896899350649356,13.755194805194801,16.06461038961039,52.71670454545455,0.4090909090909091,0.7727272727272727
icosari,sari,age,DE,80+,-2,KIT-simple_nowcast,36.21515837104073,21.006787330316744,33.744343891402714,90.96628959276018,0.4090909090909091,0.7727272727272727
icosari,sari,age,DE,80+,-2,RIVM-GAM,32.26201298701299,13.11038961038961,8.993506493506493,54.36590909090909,0.6363636363636364,0.8636363636363636
icosari,sari,age,DE,80+,-2,RKI-Pilot_01,26.414570484083537,12.142456276574766,5.534052775893861,44.091079536552165,0.6363636363636364,1
icosari,sari,age,DE,80+,-1,KIT-EnsembleNowcastComplete,75.90764477067957,8.594422490716106,18.753849148763027,103.2559164101587,0.5909090909090909,1
icosari,sari,age,DE,80+,-1,KIT-EnsembleNowcastRealtime,71.0001527149321,12.089366515837122,20.842533936651595,103.93205316742082,0.5909090909090909,1
icosari,sari,age,DE,80+,-1,KIT-epinowcast,69.81648538961039,16.097402597402596,15.150649350649356,101.06453733766234,0.5,1
icosari,sari,age,DE,80+,-1,KIT-simple_nowcast,46.32262443438914,21.89366515837104,43.3552036199095,111.57149321266968,0.3181818181818182,0.7727272727272727
icosari,sari,age,DE,80+,-1,RIVM-GAM,64.13993506493507,18.025974025974026,8.564935064935066,90.73084415584415,0.6818181818181818,1
icosari,sari,age,DE,80+,-1,RKI-Pilot_01,53.18054968662064,20.990708703935525,8.934302763777918,83.10556115433408,0.5,1
icosari,sari,age,DE,80+,0,KIT-EnsembleNowcastComplete,190.7664258634905,-8.868390460902656,47.592415406003084,229.4904508085909,0.6818181818181818,1
icosari,sari,age,DE,80+,0,KIT-EnsembleNowcastRealtime,188.47106711915532,-4.526772247360452,51.94457013574661,235.88886500754148,0.6818181818181818,1
icosari,sari,age,DE,80+,0,KIT-epinowcast,236.47305194805196,47.83116883116883,23.37987012987013,307.6840909090909,0.7727272727272727,1
icosari,sari,age,DE,80+,0,KIT-simple_nowcast,82.25395927601811,51.45475113122172,111.7081447963801,245.41685520361992,0.18181818181818182,0.8181818181818182
icosari,sari,age,DE,80+,0,RIVM-GAM,123.04285714285714,61.18181818181818,6.454545454545454,190.67922077922077,0.7272727272727273,1
icosari,sari,age,DE,80+,-0,RKI-Pilot_01,83.93477501685983,38.19471184783927,19.645671856461185,141.7751587211603,0.5454545454545454,1
icosari,sari,age,DE,80+,1,KIT-EnsembleComplete,183.4640083751292,29.9311086659057,68.69813805681424,282.0932550978492,0.6818181818181818,1
icosari,sari,age,DE,80+,1,KIT-EnsembleRealtime,183.42205122628698,32.21174839601302,69.38812619460636,285.02192581690633,0.6818181818181818,1
icosari,sari,age,DE,80+,1,KIT-LightGBM,173.77566367433866,13.446089940436927,108.42001343447683,295.6417670492524,0.45454545454545453,1
icosari,sari,age,DE,80+,1,KIT-TSMixer,206.77869911338664,27.87400932400934,61.828767898767865,296.48147633616384,0.7272727272727273,1
icosari,sari,age,DE,80+,1,KIT-hhh4,169.83766233766235,82.95454545454545,92.09740259740259,344.88961038961037,0.5454545454545454,1
icosari,sari,age,DE,80+,1,KIT-persistence,115.52922077922078,78.49350649350649,123.34415584415585,317.3668831168831,0.3181818181818182,0.8636363636363636
icosari,sari,age,DE,80+,1,baseline,268.662987012987,0,365.02597402597405,633.6889610389611,0.2727272727272727,1
icosari,sari,age,DE,80+,2,KIT-EnsembleComplete,195.41306994197635,16.69472872756064,112.28337151384179,324.3911701833788,0.7727272727272727,0.9545454545454546
icosari,sari,age,DE,80+,2,KIT-EnsembleRealtime,197.129190723871,27.18291416700955,114.13643796905568,338.44854285993625,0.7272727272727273,0.9545454545454546
icosari,sari,age,DE,80+,2,KIT-LightGBM,180.64526031710454,10.981245047639357,231.78363027293943,423.41013563768337,0.6363636363636364,0.9545454545454546
icosari,sari,age,DE,80+,2,KIT-TSMixer,204.100443015318,12.845812520812526,72.80546953046952,289.7517250666001,0.7727272727272727,1
icosari,sari,age,DE,80+,2,KIT-hhh4,201.4935064935065,87.96103896103897,113.37662337662339,402.83116883116884,0.5909090909090909,0.9545454545454546
icosari,sari,age,DE,80+,2,KIT-persistence,126.61623376623378,98.99350649350649,164.71428571428572,390.324025974026,0.45454545454545453,0.9090909090909091
icosari,sari,age,DE,80+,2,baseline,271.46623376623376,0,360.25324675324674,631.7194805194805,0.3181818181818182,1
icosari,sari,age,DE,80+,3,KIT-EnsembleComplete,204.4427805692279,28.534058698491023,140.01941284505367,372.9962521127726,0.6818181818181818,1
icosari,sari,age,DE,80+,3,KIT-EnsembleRealtime,208.50348158778993,50.51732898217261,141.48520861133142,400.506019181294,0.6363636363636364,1
icosari,sari,age,DE,80+,3,KIT-LightGBM,181.3001617210037,17.50674942834706,382.97752024592,581.7844313952708,0.4090909090909091,0.9545454545454546
icosari,sari,age,DE,80+,3,KIT-TSMixer,200.2424657009657,15.388328338328344,95.168006993007,310.79880103230107,0.7272727272727273,1
icosari,sari,age,DE,80+,3,KIT-hhh4,231.7857142857143,118.43506493506493,80.17532467532467,430.3961038961039,0.5,1
icosari,sari,age,DE,80+,3,KIT-persistence,128.69935064935066,179.07792207792207,211,518.7772727272727,0.18181818181818182,0.7272727272727273
icosari,sari,age,DE,80+,3,baseline,272.04707792207796,0,340.02597402597405,612.073051948052,0.4090909090909091,1
icosari,sari,age,DE,80+,4,KIT-EnsembleComplete,209.00046390519682,32.182871605380015,234.92800838174279,476.1113438923196,0.5,0.9545454545454546
icosari,sari,age,DE,80+,4,KIT-EnsembleRealtime,214.74759180445648,45.768499475872375,233.57713572395346,494.0932270042823,0.45454545454545453,0.9545454545454546
icosari,sari,age,DE,80+,4,KIT-LightGBM,178.05313867696236,21.571190503928936,541.3605294523193,740.9848586332106,0.36363636363636365,0.9090909090909091
icosari,sari,age,DE,80+,4,KIT-TSMixer,189.9872140775891,10.713486513486524,240.53619380619378,441.2368943972694,0.6363636363636364,0.9545454545454546
icosari,sari,age,DE,80+,4,KIT-hhh4,258.961038961039,165.75974025974025,131.77272727272728,556.4935064935065,0.5,0.9545454545454546
icosari,sari,age,DE,80+,4,KIT-persistence,153.52759740259742,247.15584415584416,301.2792207792208,701.9626623376623,0.3181818181818182,0.6818181818181818
icosari,sari,age,DE,80+,4,baseline,266.8194805194805,0,340.20779220779224,607.0272727272727,0.4090909090909091,0.9545454545454546
icosari,sari,national,DE,00+,-3,KIT-EnsembleNowcastComplete,31.623277260994964,72.82474867390079,32.94941064216008,137.39743657705583,0.22727272727272727,0.6363636363636364
icosari,sari,national,DE,00+,-3,KIT-EnsembleNowcastRealtime,20.32119155354453,85.69004524886873,37.117647058823536,143.1288838612368,0.13636363636363635,0.6363636363636364
icosari,sari,national,DE,00+,-3,KIT-epinowcast,0,52.95454545454545,60.09090909090909,113.04545454545455,0.13636363636363635,0.13636363636363635
icosari,sari,national,DE,00+,-3,KIT-simple_nowcast,21.949208144796383,86.28733031674209,37.87556561085973,146.11210407239818,0.2727272727272727,0.5909090909090909
icosari,sari,national,DE,00+,-3,RIVM-GAM,24.05941558441559,53.032467532467535,18.214285714285715,95.30616883116883,0.13636363636363635,0.6363636363636364
icosari,sari,national,DE,00+,-3,RKI-Pilot_01,31.084247971278444,6.125805721554346,4.774105398274361,41.98415909110715,0.9545454545454546,1
icosari,sari,national,DE,00+,-2,KIT-EnsembleNowcastComplete,143.81239267738627,83.7614163513741,30.668130531122145,258.2419395598825,0.7727272727272727,0.8181818181818182
icosari,sari,national,DE,00+,-2,KIT-EnsembleNowcastRealtime,133.95178544494712,89.73834841628963,39.41591251885377,263.1060463800905,0.8181818181818182,0.8181818181818182
icosari,sari,national,DE,00+,-2,KIT-epinowcast,64.43741883116883,59.16915584415584,12.993506493506494,136.60008116883117,0.6363636363636364,0.8181818181818182
icosari,sari,national,DE,00+,-2,KIT-simple_nowcast,132.55622171945703,91.63574660633485,44.251131221719454,268.44309954751134,0.8181818181818182,0.8636363636363636
icosari,sari,national,DE,00+,-2,RIVM-GAM,101.13116883116884,40.603896103896105,15.909090909090908,157.64415584415585,0.8181818181818182,0.8636363636363636
icosari,sari,national,DE,00+,-2,RKI-Pilot_01,70.2957196074367,35.021878565127736,1.2912970945407882,106.60889526710521,0.6818181818181818,1
icosari,sari,national,DE,00+,-1,KIT-EnsembleNowcastComplete,199.0177332941504,140.04322088658282,3.9429446776820365,343.00389885841525,0.7272727272727273,0.9545454545454546
icosari,sari,national,DE,00+,-1,KIT-EnsembleNowcastRealtime,202.1208606711915,141.98480392156867,5.456259426847657,349.56192401960783,0.7272727272727273,0.9545454545454546
icosari,sari,national,DE,00+,-1,KIT-epinowcast,209.4429788961039,104.71461038961036,12.454545454545453,326.6121347402597,0.7272727272727273,0.9545454545454546
icosari,sari,national,DE,00+,-1,KIT-simple_nowcast,170.33246606334842,175.97285067873304,8.628959276018099,354.9342760180995,0.6818181818181818,0.8181818181818182
icosari,sari,national,DE,00+,-1,RIVM-GAM,238.96525974025977,41.14285714285714,2.9415584415584415,283.0496753246753,0.9545454545454546,1
icosari,sari,national,DE,00+,-1,RKI-Pilot_01,129.27787459271272,83.17865988608058,2.0059914505653,214.4625259293586,0.7272727272727273,0.9545454545454546
icosari,sari,national,DE,00+,0,KIT-EnsembleNowcastComplete,486.60566825092485,224.40024101899843,79.57865424767495,790.5845635175982,0.6818181818181818,0.9545454545454546
icosari,sari,national,DE,00+,0,KIT-EnsembleNowcastRealtime,497.3702356711917,231.13823529411746,89.42345399698343,817.9319249622927,0.7272727272727273,0.9545454545454546
icosari,sari,national,DE,00+,0,KIT-epinowcast,793.522702922078,321.50909090909084,60.97402597402598,1176.0058198051947,0.8636363636363636,1
icosari,sari,national,DE,00+,0,KIT-simple_nowcast,305.1532805429864,365.22850678733033,119.95927601809954,790.3410633484164,0.6363636363636364,0.8636363636363636
icosari,sari,national,DE,00+,0,RIVM-GAM,494.63928571428573,168.6103896103896,18.844155844155843,682.0938311688312,0.7272727272727273,1
icosari,sari,national,DE,00+,-0,RKI-Pilot_01,250.12116832616798,266.9590019684174,22.885201625886264,539.9653719204716,0.5909090909090909,0.8636363636363636
icosari,sari,national,DE,00+,1,KIT-EnsembleComplete,616.407383088411,69.6405074374555,353.8367700593443,1039.884660585211,0.7727272727272727,1
icosari,sari,national,DE,00+,1,KIT-EnsembleRealtime,599.1984933191534,85.0142017482955,355.7748849355686,1039.9875800030175,0.6363636363636364,1
icosari,sari,national,DE,00+,1,KIT-LightGBM,530.8249229630347,37.32738217160407,538.9179509920264,1107.070256126665,0.5909090909090909,0.9545454545454546
icosari,sari,national,DE,00+,1,KIT-TSMixer,682.500063936064,101.0234265734266,232.47719280719284,1016.0006833166834,0.7727272727272727,1
icosari,sari,national,DE,00+,1,KIT-hhh4,444.4155844155844,295.961038961039,338.92857142857144,1079.3051948051948,0.5909090909090909,0.9545454545454546
icosari,sari,national,DE,00+,1,KIT-persistence,421.7737012987013,312.7857142857143,199.37662337662337,933.936038961039,0.5454545454545454,0.8636363636363636
icosari,sari,national,DE,00+,1,MPIDS-PS_embedding,807.888961038961,47.77272727272727,597.9415584415584,1453.6032467532468,0.6363636363636364,1
icosari,sari,national,DE,00+,1,baseline,930.6272727272727,0,1483.1753246753246,2413.8025974025973,0.3181818181818182,1
icosari,sari,national,DE,00+,2,KIT-EnsembleComplete,666.6269763708582,60.53135630195834,604.3088262442458,1331.4671589170623,0.7272727272727273,0.9545454545454546
icosari,sari,national,DE,00+,2,KIT-EnsembleRealtime,650.0102094551203,86.36582739645762,606.2406432157078,1342.6166800672856,0.6818181818181818,0.9545454545454546
icosari,sari,national,DE,00+,2,KIT-LightGBM,540.8377979243252,52.91871396763619,1237.9272667627513,1831.6837786547126,0.5,0.9090909090909091
icosari,sari,national,DE,00+,2,KIT-TSMixer,666.1821205461206,69.16327838827839,348.306674991675,1083.6520739260739,0.6818181818181818,1
icosari,sari,national,DE,00+,2,KIT-hhh4,511.3961038961039,288.54545454545456,427.16883116883116,1227.1103896103896,0.45454545454545453,0.9545454545454546
icosari,sari,national,DE,00+,2,KIT-persistence,461.849025974026,694.9480519480519,427.7597402597403,1584.5568181818182,0.4090909090909091,0.7727272727272727
icosari,sari,national,DE,00+,2,MPIDS-PS_embedding,948.0918831168832,55.9025974025974,873.961038961039,1877.9555194805196,0.6818181818181818,0.9545454545454546
icosari,sari,national,DE,00+,2,baseline,931.5058441558442,0,1442.5844155844156,2374.0902597402596,0.4090909090909091,1
icosari,sari,national,DE,00+,3,KIT-EnsembleComplete,685.9489388877759,76.53119490039938,860.1275832695856,1622.6077170577607,0.6363636363636364,1
icosari,sari,national,DE,00+,3,KIT-EnsembleRealtime,675.094921655034,100.02399935426767,825.9244076166138,1601.0433286259156,0.5909090909090909,1
icosari,sari,national,DE,00+,3,KIT-LightGBM,537.218465695126,67.83290798481312,1740.9960124245658,2346.0473861045048,0.5454545454545454,0.8636363636363636
icosari,sari,national,DE,00+,3,KIT-TSMixer,649.684757388445,57.69184149184154,504.3131968031967,1211.6897956834832,0.5454545454545454,1
icosari,sari,national,DE,00+,3,KIT-hhh4,563.8636363636364,340.43506493506493,462.9805194805195,1367.2792207792209,0.36363636363636365,0.9545454545454546
icosari,sari,national,DE,00+,3,KIT-persistence,471.14675324675324,1017.1558441558442,736.2142857142857,2224.516883116883,0.22727272727272727,0.6818181818181818
icosari,sari,national,DE,00+,3,MPIDS-PS_embedding,993.0288961038962,64.48051948051948,1312.5,2370.009415584416,0.5909090909090909,0.8636363636363636
icosari,sari,national,DE,00+,3,baseline,917.0597402597404,0,1402.8246753246754,2319.884415584416,0.4090909090909091,1
icosari,sari,national,DE,00+,4,KIT-EnsembleComplete,682.760818724533,86.96111250630209,1086.992649028911,1856.714580259746,0.6363636363636364,0.9090909090909091
icosari,sari,national,DE,00+,4,KIT-EnsembleRealtime,679.8878316877992,142.8051700443305,1046.1784270415887,1868.8714287737184,0.5909090909090909,0.9090909090909091
icosari,sari,national,DE,00+,4,KIT-LightGBM,515.8854519710594,82.02655232192433,1843.971369920602,2441.8833742135857,0.36363636363636365,0.8181818181818182
icosari,sari,national,DE,00+,4,KIT-TSMixer,611.3902904595404,54.871653346653304,1097.6988128538128,1763.9607566600066,0.4090909090909091,0.9090909090909091
icosari,sari,national,DE,00+,4,KIT-hhh4,609.448051948052,422.95454545454544,626.2272727272727,1658.6298701298701,0.36363636363636365,0.9090909090909091
icosari,sari,national,DE,00+,4,KIT-persistence,562.7977272727273,1387.5974025974026,852.3311688311688,2802.7262987012987,0.18181818181818182,0.6818181818181818
icosari,sari,national,DE,00+,4,MPIDS-PS_embedding,994.3194805194805,98.05844155844156,1586.448051948052,2678.825974025974,0.5454545454545454,0.8636363636363636
icosari,sari,national,DE,00+,4,baseline,885.4551948051949,0,1254.7857142857142,2140.240909090909,0.4090909090909091,1
survstat,influenza,age,DE,00-04,-3,KIT-EnsembleNowcastComplete,1.240893665158371,0.43552036199095023,0.5859728506787331,2.2623868778280545,0.6363636363636364,0.9090909090909091
survstat,influenza,age,DE,00-04,-3,KIT-EnsembleNowcastRealtime,1.240893665158371,0.43552036199095023,0.5859728506787331,2.2623868778280545,0.6363636363636364,0.9090909090909091
survstat,influenza,age,DE,00-04,-3,KIT-simple_nowcast,1.0195701357466063,0.5520361990950227,0.6244343891402715,2.1960407239819006,0.6818181818181818,0.8636363636363636
survstat,influenza,age,DE,00-04,-3,RIVM-GAM,0.7846938775510205,0.13605442176870747,0.5510204081632653,1.4717687074829933,0.7142857142857143,0.9523809523809523
survstat,influenza,age,DE,00-04,-2,KIT-EnsembleNowcastComplete,4.30750377073907,2.0950226244344017,7.541478129514707e-4,6.4032805429864235,0.22727272727272727,0.6363636363636364
survstat,influenza,age,DE,00-04,-2,KIT-EnsembleNowcastRealtime,4.3075226244343945,2.084464555052803,7.541478129514707e-4,6.39274132730015,0.2727272727272727,0.6818181818181818
survstat,influenza,age,DE,00-04,-2,KIT-epinowcast,0,0.5238095238095238,6.3809523809523805,6.904761904761905,0.09523809523809523,0.09523809523809523
survstat,influenza,age,DE,00-04,-2,KIT-simple_nowcast,2.218212669683258,3.018099547511312,1.1289592760180995,6.36527149321267,0.45454545454545453,0.8636363636363636
survstat,influenza,age,DE,00-04,-2,RIVM-GAM,1.5006802721088437,0.7278911564625851,1.2244897959183674,3.453061224489796,0.38095238095238093,0.9047619047619048
survstat,influenza,age,DE,00-04,-1,KIT-EnsembleNowcastComplete,5.659312782805413,3.5550527903469082,1.1195324283559775,10.333898001508299,0.2727272727272727,0.8181818181818182
survstat,influenza,age,DE,00-04,-1,KIT-EnsembleNowcastRealtime,5.65912424585217,3.549773755656109,1.1195324283559775,10.328430429864257,0.2727272727272727,0.8181818181818182
survstat,influenza,age,DE,00-04,-1,KIT-epinowcast,1.5523724489795923,0.4421768707482993,3.7346938775510203,5.729243197278912,0.47619047619047616,0.7142857142857143
survstat,influenza,age,DE,00-04,-1,KIT-simple_nowcast,4.440158371040724,3.8190045248868776,1.914027149321267,10.17319004524887,0.5454545454545454,0.8636363636363636
survstat,influenza,age,DE,00-04,-1,RIVM-GAM,2.348299319727891,1.9251700680272108,2.4625850340136055,6.736054421768707,0.23809523809523808,0.9047619047619048
survstat,influenza,age,DE,00-04,0,KIT-EnsembleNowcastComplete,30.61190422322777,-10.615723981900473,2.4536199095022613,22.44980015082956,0.36363636363636365,0.8181818181818182
survstat,influenza,age,DE,00-04,0,KIT-EnsembleNowcastRealtime,30.61075414781299,-10.615723981900473,2.457390648567118,22.452420814479638,0.3181818181818182,0.8181818181818182
survstat,influenza,age,DE,00-04,0,KIT-epinowcast,12.917585034013607,17.96904761904762,0.05442176870748299,30.94105442176871,0.23809523809523808,0.7142857142857143
survstat,influenza,age,DE,00-04,0,KIT-simple_nowcast,13.876923076923077,2.4479638009049776,3.8167420814479636,20.14162895927602,0.5,0.7727272727272727
survstat,influenza,age,DE,00-04,0,RIVM-GAM,5.1380952380952385,14.680272108843537,4.959183673469388,24.777551020408165,0.19047619047619047,0.7619047619047619
survstat,influenza,age,DE,00-04,1,HZI-ODEmodel,109.05487012987014,1.9935064935064934,54.69480519480519,165.74318181818182,0.7727272727272727,0.9090909090909091
survstat,influenza,age,DE,00-04,1,KIT-EnsembleNowcastComplete,170.4432456636501,4.872926093514328,258.8375188536953,434.1536906108597,0.45454545454545453,0.9090909090909091
survstat,influenza,age,DE,00-04,1,KIT-EnsembleNowcastRealtime,170.464737933635,4.874057315233785,258.82922322775266,434.1680184766214,0.45454545454545453,0.9090909090909091
survstat,influenza,age,DE,00-04,1,KIT-epinowcast,118.64651360544218,5.3231292517006805,92.29931972789116,216.26896258503402,0.47619047619047616,1
survstat,influenza,age,DE,00-04,1,KIT-simple_nowcast,170.61617647058824,4.794117647058823,258.3529411764706,433.76323529411764,0.4090909090909091,0.8181818181818182
survstat,influenza,age,DE,00-04,1,RIVM-GAM,22.844285714285714,1.857142857142857,411.6928571428571,436.39428571428573,0.2,0.5
survstat,influenza,age,DE,00-04,1,baseline,74.63538961038962,0,908.0974025974026,982.7327922077923,0,0.6818181818181818
survstat,influenza,age,DE,00-04,2,HZI-ODEmodel,97.72564935064935,6.084415584415583,121.78571428571429,225.59577922077924,0.7727272727272727,0.9090909090909091
survstat,influenza,age,DE,00-04,2,baseline,75.89448051948052,0,893.6168831168831,969.5113636363636,0,0.7272727272727273
survstat,influenza,age,DE,00-04,3,HZI-ODEmodel,88.25616883116884,13.7987012987013,168.7142857142857,270.7691558441558,0.6363636363636364,0.9090909090909091
survstat,influenza,age,DE,00-04,3,baseline,75.0461038961039,0,844.3506493506494,919.3967532467533,0,0.7727272727272727
survstat,influenza,age,DE,00-04,4,HZI-ODEmodel,79.58506493506493,29.532467532467532,218.34415584415584,327.4616883116883,0.45454545454545453,0.9090909090909091
survstat,influenza,age,DE,00-04,4,baseline,72.74058441558442,0,764.7207792207793,837.4613636363637,0,0.7727272727272727
survstat,influenza,age,DE,05-14,-3,KIT-EnsembleNowcastComplete,2.0919683257918553,0.6199095022624435,0.019230769230769225,2.731108597285068,0.8181818181818182,0.9090909090909091
survstat,influenza,age,DE,05-14,-3,KIT-EnsembleNowcastRealtime,2.0919683257918553,0.6199095022624435,0.019230769230769225,2.731108597285068,0.8181818181818182,0.9090909090909091
survstat,influenza,age,DE,05-14,-3,KIT-simple_nowcast,1.7929864253393666,0.8257918552036199,0.083710407239819,2.7024886877828056,0.8636363636363636,0.9090909090909091
survstat,influenza,age,DE,05-14,-3,RIVM-GAM,1.0639455782312925,0.1360544217687075,0.30612244897959184,1.506122448979592,0.8571428571428571,0.9523809523809523
survstat,influenza,age,DE,05-14,-2,KIT-EnsembleNowcastComplete,8.298944193061784,3.1606334841629096,-1.6289592760180533,9.830618401206639,0.13636363636363635,0.6818181818181818
survstat,influenza,age,DE,05-14,-2,KIT-EnsembleNowcastRealtime,8.298963046757107,3.15535444947211,-1.6289592760180533,9.825358220211164,0.18181818181818182,0.7272727272727273
survstat,influenza,age,DE,05-14,-2,KIT-epinowcast,0,0.47619047619047616,11.095238095238095,11.571428571428571,0.047619047619047616,0.047619047619047616
survstat,influenza,age,DE,05-14,-2,KIT-simple_nowcast,4.010520361990951,5.527149321266968,0.497737556561086,10.035407239819005,0.45454545454545453,0.9090909090909091
survstat,influenza,age,DE,05-14,-2,RIVM-GAM,2.003061224489796,1.2585034013605443,1.3333333333333333,4.594897959183673,0.42857142857142855,0.9523809523809523
survstat,influenza,age,DE,05-14,-1,KIT-EnsembleNowcastComplete,11.492476432880858,8.436651583710415,-0.8612368024132934,19.06789121417798,0.4090909090909091,0.9090909090909091
survstat,influenza,age,DE,05-14,-1,KIT-EnsembleNowcastRealtime,11.492363310708912,8.436651583710415,-0.8612368024132934,19.067778092006034,0.4090909090909091,0.9090909090909091
survstat,influenza,age,DE,05-14,-1,KIT-epinowcast,2.3144472789115658,0.32653061224489793,4.434013605442172,7.074991496598636,0.6190476190476191,0.8571428571428571
survstat,influenza,age,DE,05-14,-1,KIT-simple_nowcast,8.105203619909503,10.47737556561086,1.0316742081447965,19.61425339366516,0.5454545454545454,0.9090909090909091
survstat,influenza,age,DE,05-14,-1,RIVM-GAM,3.0231292517006803,3.6598639455782314,2.54421768707483,9.227210884353742,0.2857142857142857,0.9047619047619048
survstat,influenza,age,DE,05-14,0,KIT-EnsembleNowcastComplete,56.622753582202144,-18.371568627451005,0.5825791855203576,38.83376414027149,0.45454545454545453,0.9545454545454546
survstat,influenza,age,DE,05-14,0,KIT-EnsembleNowcastRealtime,56.62100018853698,-18.371568627451005,0.5916289592760137,38.84106052036199,0.45454545454545453,0.9545454545454546
survstat,influenza,age,DE,05-14,0,KIT-epinowcast,23.35932823129252,30.2673469387755,0,53.62667517006802,0.3333333333333333,0.8571428571428571
survstat,influenza,age,DE,05-14,0,KIT-simple_nowcast,26.221945701357466,5.755656108597285,1.4819004524886878,33.459502262443436,0.5909090909090909,0.9545454545454546
survstat,influenza,age,DE,05-14,0,RIVM-GAM,6.549319727891157,34.42857142857143,5.054421768707483,46.03231292517007,0.19047619047619047,0.8571428571428571
survstat,influenza,age,DE,05-14,1,HZI-ODEmodel,109.12564935064935,4.876623376623377,217.86363636363637,331.8659090909091,0.7272727272727273,0.8181818181818182
survstat,influenza,age,DE,05-14,1,KIT-EnsembleNowcastComplete,344.2135426093514,2.080316742081448,706.2860482654601,1052.579907616893,0.3181818181818182,0.9090909090909091
survstat,influenza,age,DE,05-14,1,KIT-EnsembleNowcastRealtime,344.2145409125188,2.080316742081448,706.2811463046758,1052.576003959276,0.3181818181818182,0.9090909090909091
survstat,influenza,age,DE,05-14,1,KIT-epinowcast,268.748018707483,1.170068027210884,183.40272108843538,453.32080782312926,0.47619047619047616,1
survstat,influenza,age,DE,05-14,1,KIT-simple_nowcast,279.57861990950227,2.276018099547511,790.3733031674208,1072.2279411764705,0.18181818181818182,0.7272727272727273
survstat,influenza,age,DE,05-14,1,RIVM-GAM,29.017500000000002,9.592857142857143,847.3142857142857,885.9246428571429,0.25,0.4
survstat,influenza,age,DE,05-14,1,baseline,110.9503246753247,0,2018.7662337662339,2129.7165584415584,0.045454545454545456,0.6363636363636364
survstat,influenza,age,DE,05-14,2,HZI-ODEmodel,96.75714285714287,32.33766233766234,481.7987012987013,610.8935064935065,0.5909090909090909,0.7727272727272727
survstat,influenza,age,DE,05-14,2,baseline,112.1477272727273,0,2012.3506493506493,2124.4983766233768,0.045454545454545456,0.6818181818181818
survstat,influenza,age,DE,05-14,3,HZI-ODEmodel,86.50714285714287,65.68831168831169,666.7922077922078,818.9876623376623,0.36363636363636365,0.7272727272727273
survstat,influenza,age,DE,05-14,3,baseline,109.97954545454547,0,1943.090909090909,2053.0704545454546,0.045454545454545456,0.7272727272727273
survstat,influenza,age,DE,05-14,4,HZI-ODEmodel,75.17857142857143,135.46103896103895,782,992.6396103896104,0.2727272727272727,0.5
survstat,influenza,age,DE,05-14,4,baseline,104.93116883116885,0,1741.9155844155844,1846.8467532467532,0.045454545454545456,0.7272727272727273
survstat,influenza,age,DE,15-34,-3,KIT-EnsembleNowcastComplete,2.167816742081448,1.7217194570135748,0.7420814479638009,4.631617647058824,0.5454545454545454,0.9545454545454546
survstat,influenza,age,DE,15-34,-3,KIT-EnsembleNowcastRealtime,2.167816742081448,1.7217194570135748,0.7420814479638009,4.631617647058824,0.5454545454545454,0.9545454545454546
survstat,influenza,age,DE,15-34,-3,KIT-simple_nowcast,1.773529411764706,2.004524886877828,0.8190045248868778,4.597058823529411,0.6363636363636364,0.9090909090909091
survstat,influenza,age,DE,15-34,-3,RIVM-GAM,1.1360544217687076,0.5850340136054422,0.48299319727891155,2.2040816326530615,0.6190476190476191,1
survstat,influenza,age,DE,15-34,-2,KIT-EnsembleNowcastComplete,7.459012066364953,7.824283559577705,-0.01659125188534573,15.266704374057312,0,0.45454545454545453
survstat,influenza,age,DE,15-34,-2,KIT-EnsembleNowcastRealtime,7.459030920060277,7.813725490196107,-0.01659125188534573,15.256165158371038,0.045454545454545456,0.5
survstat,influenza,age,DE,15-34,-2,KIT-epinowcast,0,0.6666666666666666,8.19047619047619,8.857142857142858,0.047619047619047616,0.047619047619047616
survstat,influenza,age,DE,15-34,-2,KIT-simple_nowcast,4.14343891402715,10.515837104072398,1.1470588235294117,15.80633484162896,0.4090909090909091,0.7727272727272727
survstat,influenza,age,DE,15-34,-2,RIVM-GAM,2.1248299319727892,3.251700680272109,1.4965986394557824,6.87312925170068,0.3333333333333333,0.8571428571428571
survstat,influenza,age,DE,15-34,-1,KIT-EnsembleNowcastComplete,11.995702300150821,13.259766214177946,-0.5942684766213875,24.66120003770738,0.22727272727272727,0.6818181818181818
survstat,influenza,age,DE,15-34,-1,KIT-EnsembleNowcastRealtime,11.995645739064848,13.259766214177946,-0.5897435897435594,24.665668363499236,0.22727272727272727,0.6818181818181818
survstat,influenza,age,DE,15-34,-1,KIT-epinowcast,1.7098724489795918,0.5272108843537415,5.176190476190486,7.41327380952382,0.5714285714285714,0.6666666666666666
survstat,influenza,age,DE,15-34,-1,KIT-simple_nowcast,8.37420814479638,16.11085972850679,0.9547511312217194,25.439819004524885,0.5,0.8181818181818182
survstat,influenza,age,DE,15-34,-1,RIVM-GAM,3.13843537414966,7.986394557823129,2.598639455782313,13.723469387755102,0.3333333333333333,0.8571428571428571
survstat,influenza,age,DE,15-34,0,KIT-EnsembleNowcastComplete,59.21498680241331,-10.648529411764725,0.3989441930618401,48.965401583710424,0.4090909090909091,0.7272727272727273
survstat,influenza,age,DE,15-34,0,KIT-EnsembleNowcastRealtime,59.21385558069385,-10.648529411764725,0.40196078431372545,48.96728695324285,0.36363636363636365,0.7272727272727273
survstat,influenza,age,DE,15-34,0,KIT-epinowcast,19.03212585034014,33.48333333333333,0.020408163265306124,52.53586734693877,0.42857142857142855,0.7619047619047619
survstat,influenza,age,DE,15-34,0,KIT-simple_nowcast,26.95350678733032,13.687782805429864,1.504524886877828,42.14581447963801,0.5454545454545454,0.8636363636363636
survstat,influenza,age,DE,15-34,0,RIVM-GAM,7.392517006802722,55.625850340136054,2.6598639455782314,65.67823129251701,0.23809523809523808,0.8095238095238095
survstat,influenza,age,DE,15-34,1,HZI-ODEmodel,214.23993506493508,6.259740259740261,107.14285714285714,327.6425324675325,0.8181818181818182,0.9090909090909091
survstat,influenza,age,DE,15-34,1,KIT-EnsembleNowcastComplete,336.8949665346908,7.280542986425339,684.5297511312217,1028.7052606523378,0.4090909090909091,0.9090909090909091
survstat,influenza,age,DE,15-34,1,KIT-EnsembleNowcastRealtime,336.90314621040727,7.280542986425339,684.5044871794871,1028.6881763763197,0.45454545454545453,0.9090909090909091
survstat,influenza,age,DE,15-34,1,KIT-epinowcast,241.87204081632655,3.061224489795918,160.0547619047619,404.98802721088435,0.38095238095238093,0.9523809523809523
survstat,influenza,age,DE,15-34,1,KIT-simple_nowcast,318.968778280543,8.115384615384615,719.1900452488687,1046.2742081447964,0.22727272727272727,0.8181818181818182
survstat,influenza,age,DE,15-34,1,RIVM-GAM,31.26964285714286,0.45,751.2928571428571,783.0125,0.3,0.5
survstat,influenza,age,DE,15-34,1,baseline,108.56461038961041,0,2155.6103896103896,2264.175,0,0.6363636363636364
survstat,influenza,age,DE,15-34,2,HZI-ODEmodel,182.99188311688312,11.201298701298702,247.03246753246754,441.22564935064935,0.5909090909090909,0.8636363636363636
survstat,influenza,age,DE,15-34,2,baseline,110.04155844155845,0,2103.155844155844,2213.1974025974027,0,0.6818181818181818
survstat,influenza,age,DE,15-34,3,HZI-ODEmodel,156.50746753246753,11.025974025974026,401.14285714285717,568.6762987012987,0.6363636363636364,0.8636363636363636
survstat,influenza,age,DE,15-34,3,baseline,109.2727272727273,0,2026.9545454545455,2136.227272727273,0,0.7272727272727273
survstat,influenza,age,DE,15-34,4,HZI-ODEmodel,130.9775974025974,29.993506493506494,724.2857142857143,885.2568181818182,0.5,0.7272727272727273
survstat,influenza,age,DE,15-34,4,baseline,105.98214285714288,0,1919.4415584415585,2025.4237012987014,0,0.7272727272727273
survstat,influenza,age,DE,35-59,-3,KIT-EnsembleNowcastComplete,3.172398190045249,3.3993212669683257,0.9423076923076923,7.514027149321267,0.5,0.8636363636363636
survstat,influenza,age,DE,35-59,-3,KIT-EnsembleNowcastRealtime,3.172398190045249,3.3993212669683257,0.9423076923076923,7.514027149321267,0.5,0.8636363636363636
survstat,influenza,age,DE,35-59,-3,KIT-simple_nowcast,2.680429864253394,3.773755656108597,1.0475113122171946,7.501696832579186,0.5909090909090909,0.8636363636363636
survstat,influenza,age,DE,35-59,-3,RIVM-GAM,1.3622448979591837,0.9523809523809523,0.9523809523809523,3.2670068027210886,0.47619047619047616,0.9523809523809523
survstat,influenza,age,DE,35-59,-2,KIT-EnsembleNowcastComplete,11.81300904977365,9.950980392156918,0.0429864253394133,21.806975867269983,0.09090909090909091,0.4090909090909091
survstat,influenza,age,DE,35-59,-2,KIT-EnsembleNowcastRealtime,11.813027903468974,9.945701357466119,0.0429864253394133,21.801715686274505,0.13636363636363635,0.45454545454545453
survstat,influenza,age,DE,35-59,-2,KIT-epinowcast,0,0.5238095238095238,13.904761904761905,14.428571428571429,0.09523809523809523,0.09523809523809523
survstat,influenza,age,DE,35-59,-2,KIT-simple_nowcast,6.132918552036199,14.527149321266968,1.6945701357466063,22.354638009049776,0.4090909090909091,0.7272727272727273
survstat,influenza,age,DE,35-59,-2,RIVM-GAM,2.6183673469387756,4.829931972789115,2.564625850340136,10.012925170068028,0.23809523809523808,0.6666666666666666
survstat,influenza,age,DE,35-59,-1,KIT-EnsembleNowcastComplete,17.195784313725525,20.252601809954744,-0.9762443438914197,36.47214177978885,0.3181818181818182,0.6818181818181818
survstat,influenza,age,DE,35-59,-1,KIT-EnsembleNowcastRealtime,17.195350678733067,20.252601809954744,-0.9762443438914197,36.471708144796395,0.3181818181818182,0.6818181818181818
survstat,influenza,age,DE,35-59,-1,KIT-epinowcast,2.970816326530614,1.054421768707483,7.375850340136054,11.40108843537415,0.5714285714285714,0.8095238095238095
survstat,influenza,age,DE,35-59,-1,KIT-simple_nowcast,12.42816742081448,23.43891402714932,1.6199095022624435,37.48699095022624,0.5454545454545454,0.7272727272727273
survstat,influenza,age,DE,35-59,-1,RIVM-GAM,3.923469387755102,13.551020408163266,4.27891156462585,21.753401360544217,0.19047619047619047,0.7619047619047619
survstat,influenza,age,DE,35-59,0,KIT-EnsembleNowcastComplete,80.89093231523381,-13.069532428355975,0.5682503770739054,68.38965026395175,0.45454545454545453,0.7727272727272727
survstat,influenza,age,DE,35-59,0,KIT-EnsembleNowcastRealtime,80.88878299396684,-13.069532428355975,0.5799396681749612,68.39919023378583,0.45454545454545453,0.7727272727272727
survstat,influenza,age,DE,35-59,0,KIT-epinowcast,31.243375850340144,50.57074829931971,0,81.81412414965986,0.42857142857142855,0.8095238095238095
survstat,influenza,age,DE,35-59,0,KIT-simple_nowcast,40.292307692307695,17.53393665158371,2.20814479638009,60.03438914027149,0.5909090909090909,0.9090909090909091
survstat,influenza,age,DE,35-59,0,RIVM-GAM,8.595238095238095,65.36734693877551,5.925170068027211,79.88775510204081,0.09523809523809523,0.7619047619047619
survstat,influenza,age,DE,35-59,1,HZI-ODEmodel,238.50064935064935,6.512987012987013,264.9155844155844,509.92922077922077,0.8181818181818182,0.8636363636363636
survstat,influenza,age,DE,35-59,1,KIT-EnsembleNowcastComplete,486.7394334464555,10.013763197586727,945.0775263951734,1441.8307230392156,0.3181818181818182,0.9545454545454546
survstat,influenza,age,DE,35-59,1,KIT-EnsembleNowcastRealtime,486.736947586727,10.013763197586727,945.0654600301659,1441.8161708144796,0.3181818181818182,0.9545454545454546
survstat,influenza,age,DE,35-59,1,KIT-epinowcast,364.7776445578231,3.1802721088435373,261.7721088435374,629.7300255102041,0.38095238095238093,1
survstat,influenza,age,DE,35-59,1,KIT-simple_nowcast,471.3282805429864,12.282805429864254,969.2647058823529,1452.8757918552037,0.18181818181818182,0.8181818181818182
survstat,influenza,age,DE,35-59,1,RIVM-GAM,37.066785714285714,0.2714285714285714,1301.2428571428572,1338.5810714285715,0.3,0.45
survstat,influenza,age,DE,35-59,1,baseline,171.56006493506496,0,2910.8376623376626,3082.3977272727275,0,0.6818181818181818
survstat,influenza,age,DE,35-59,2,HZI-ODEmodel,205.30746753246754,16.649350649350648,524.5909090909091,746.5477272727272,0.7727272727272727,0.8636363636363636
survstat,influenza,age,DE,35-59,2,baseline,174.1896103896104,0,2829.3571428571427,3003.5467532467533,0,0.7272727272727273
survstat,influenza,age,DE,35-59,3,HZI-ODEmodel,175.34675324675325,21.584415584415584,748.4090909090909,945.3402597402597,0.6363636363636364,0.7727272727272727
survstat,influenza,age,DE,35-59,3,baseline,173.09675324675328,0,2723.1688311688313,2896.2655844155843,0,0.7727272727272727
survstat,influenza,age,DE,35-59,4,HZI-ODEmodel,148.98896103896104,40.83766233766234,1099.8831168831168,1289.7097402597403,0.45454545454545453,0.6818181818181818
survstat,influenza,age,DE,35-59,4,baseline,168.14253246753248,0,2540.590909090909,2708.7334415584414,0,0.7727272727272727
survstat,influenza,age,DE,60-79,-3,KIT-EnsembleNowcastComplete,1.7128393665158372,1.1730769230769231,1.8506787330316743,4.736595022624434,0.45454545454545453,0.9545454545454546
survstat,influenza,age,DE,60-79,-3,KIT-EnsembleNowcastRealtime,1.7128393665158372,1.1730769230769231,1.8506787330316743,4.736595022624434,0.45454545454545453,0.9545454545454546
survstat,influenza,age,DE,60-79,-3,KIT-simple_nowcast,1.444343891402715,1.3212669683257918,1.9027149321266967,4.668325791855204,0.45454545454545453,0.9090909090909091
survstat,influenza,age,DE,60-79,-3,RIVM-GAM,0.9639455782312926,0.24489795918367346,1.217687074829932,2.426530612244898,0.5714285714285714,1
survstat,influenza,age,DE,60-79,-2,KIT-EnsembleNowcastComplete,6.59049773755656,5.374057315233774,2.25942684766215,14.223981900452484,0.09090909090909091,0.36363636363636365
survstat,influenza,age,DE,60-79,-2,KIT-EnsembleNowcastRealtime,6.590516591251884,5.363499245852175,2.25942684766215,14.21344268476621,0.13636363636363635,0.4090909090909091
survstat,influenza,age,DE,60-79,-2,KIT-epinowcast,0,0.6666666666666666,9.19047619047619,9.857142857142858,0.047619047619047616,0.047619047619047616
survstat,influenza,age,DE,60-79,-2,KIT-simple_nowcast,3.2304298642533937,8.054298642533936,3.1266968325791855,14.411425339366517,0.5,0.7272727272727273
survstat,influenza,age,DE,60-79,-2,RIVM-GAM,1.7581632653061225,2.108843537414966,2.7823129251700682,6.649319727891156,0.47619047619047616,0.8571428571428571
survstat,influenza,age,DE,60-79,-1,KIT-EnsembleNowcastComplete,8.334868024132728,9.476206636500764,2.178733031674202,19.989807692307696,0.22727272727272727,0.5909090909090909
survstat,influenza,age,DE,60-79,-1,KIT-EnsembleNowcastRealtime,8.334415535444945,9.470927601809965,2.178733031674202,19.984076168929114,0.2727272727272727,0.6363636363636364
survstat,influenza,age,DE,60-79,-1,KIT-epinowcast,2.282551020408163,1.3231292517006803,3.802721088435374,7.408401360544217,0.2857142857142857,0.6190476190476191
survstat,influenza,age,DE,60-79,-1,KIT-simple_nowcast,6.4377828054298645,10.626696832579185,3.020361990950226,20.084841628959275,0.5,0.8181818181818182
survstat,influenza,age,DE,60-79,-1,RIVM-GAM,2.7965986394557825,5.707482993197279,5,13.504081632653062,0.38095238095238093,0.8571428571428571
survstat,influenza,age,DE,60-79,0,KIT-EnsembleNowcastComplete,43.258687782805445,-12.680467571644053,0.4638009049773756,31.042021116138766,0.2727272727272727,0.8181818181818182
survstat,influenza,age,DE,60-79,0,KIT-EnsembleNowcastRealtime,43.256538461538476,-12.680467571644053,0.4796380090497738,31.055708898944197,0.2727272727272727,0.8181818181818182
survstat,influenza,age,DE,60-79,0,KIT-epinowcast,18.983469387755108,31.475850340136052,0,50.459319727891156,0.14285714285714285,0.8095238095238095
survstat,influenza,age,DE,60-79,0,KIT-simple_nowcast,20.700113122171945,5.042986425339366,2.32579185520362,28.068891402714932,0.5909090909090909,0.9090909090909091
survstat,influenza,age,DE,60-79,0,RIVM-GAM,6.06734693877551,20.374149659863946,5.63265306122449,32.07414965986395,0.3333333333333333,0.8095238095238095
survstat,influenza,age,DE,60-79,1,HZI-ODEmodel,110.22142857142858,6.922077922077923,116.11688311688312,233.2603896103896,0.8181818181818182,0.9090909090909091
survstat,influenza,age,DE,60-79,1,KIT-EnsembleNowcastComplete,271.1574660633484,6.632164404223228,222.7415535444947,500.5311840120664,0.5909090909090909,0.9545454545454546
survstat,influenza,age,DE,60-79,1,KIT-EnsembleNowcastRealtime,271.1634794494721,6.632164404223228,222.73212669683258,500.5277705505279,0.5909090909090909,0.9545454545454546
survstat,influenza,age,DE,60-79,1,KIT-epinowcast,188.02731292517007,0.574829931972789,80.02448979591837,268.6266326530612,0.7619047619047619,1
survstat,influenza,age,DE,60-79,1,KIT-simple_nowcast,277.258371040724,9.074660633484163,217.33257918552036,503.66561085972853,0.5454545454545454,1
survstat,influenza,age,DE,60-79,1,RIVM-GAM,25.418928571428573,1.7428571428571429,575.0928571428572,602.2546428571428,0.25,0.45
survstat,influenza,age,DE,60-79,1,baseline,74.67532467532469,0,1609.090909090909,1683.7662337662339,0,0.6818181818181818
survstat,influenza,age,DE,60-79,2,HZI-ODEmodel,95.40194805194805,10.214285714285714,191.8701298701299,297.48636363636365,0.7272727272727273,0.8636363636363636
survstat,influenza,age,DE,60-79,2,baseline,76.28668831168832,0,1562.6363636363637,1638.923051948052,0,0.7272727272727273
survstat,influenza,age,DE,60-79,3,HZI-ODEmodel,81.82435064935065,9.74025974025974,264.76623376623377,356.33084415584415,0.5909090909090909,0.8181818181818182
survstat,influenza,age,DE,60-79,3,baseline,76.47987012987014,0,1515.7857142857142,1592.2655844155845,0,0.7272727272727273
survstat,influenza,age,DE,60-79,4,HZI-ODEmodel,69.16493506493507,9.603896103896103,428.7922077922078,507.56103896103895,0.5,0.7272727272727273
survstat,influenza,age,DE,60-79,4,baseline,74.98928571428573,0,1428.3896103896104,1503.378896103896,0,0.7272727272727273
survstat,influenza,age,DE,80+,-3,KIT-EnsembleNowcastComplete,1.289027149321267,0.9219457013574661,1.085972850678733,3.296945701357466,0.5,0.8636363636363636
survstat,influenza,age,DE,80+,-3,KIT-EnsembleNowcastRealtime,1.289027149321267,0.9219457013574661,1.085972850678733,3.296945701357466,0.5,0.8636363636363636
survstat,influenza,age,DE,80+,-3,KIT-simple_nowcast,0.9429864253393665,1.0972850678733033,1.2217194570135748,3.2619909502262443,0.5454545454545454,0.8181818181818182
survstat,influenza,age,DE,80+,-3,RIVM-GAM,0.6996598639455783,0.12244897959183675,0.8367346938775511,1.6588435374149662,0.6190476190476191,0.9047619047619048
survstat,influenza,age,DE,80+,-2,KIT-EnsembleNowcastComplete,4.253846153846149,3.1832579185520307,2.897435897435908,10.334539969834088,0.13636363636363635,0.45454545454545453
survstat,influenza,age,DE,80+,-2,KIT-EnsembleNowcastRealtime,4.2538650075414735,3.172699849170432,2.897435897435908,10.324000754147812,0.18181818181818182,0.5
survstat,influenza,age,DE,80+,-2,KIT-epinowcast,0,0.8095238095238095,7.0476190476190474,7.857142857142857,0.047619047619047616,0.047619047619047616
survstat,influenza,age,DE,80+,-2,KIT-simple_nowcast,2.0571266968325794,4.764705882352941,3.484162895927602,10.305995475113122,0.5454545454545454,0.7272727272727273
survstat,influenza,age,DE,80+,-2,RIVM-GAM,1.3071428571428572,1,2.238095238095238,4.545238095238095,0.47619047619047616,0.8571428571428571
survstat,influenza,age,DE,80+,-1,KIT-EnsembleNowcastComplete,4.847765837104075,4.564856711915529,2.618401206636506,12.03102375565611,0.2727272727272727,0.6363636363636364
survstat,influenza,age,DE,80+,-1,KIT-EnsembleNowcastRealtime,4.847087104072401,4.55957767722473,2.618401206636506,12.025065987933637,0.3181818181818182,0.6818181818181818
survstat,influenza,age,DE,80+,-1,KIT-epinowcast,2.437670068027212,1.3673469387755102,1.2993197278911566,5.104336734693879,0.5238095238095238,0.7142857142857143
survstat,influenza,age,DE,80+,-1,KIT-simple_nowcast,4.059841628959276,4.823529411764706,3.235294117647059,12.11866515837104,0.5909090909090909,0.8181818181818182
survstat,influenza,age,DE,80+,-1,RIVM-GAM,2.145238095238095,1.5714285714285714,3.795918367346939,7.512585034013606,0.38095238095238093,0.8571428571428571
survstat,influenza,age,DE,80+,0,KIT-EnsembleNowcastComplete,36.844951923076884,-18.71040723981897,0.01432880844645551,18.14887349170437,0.36363636363636365,0.9545454545454546
survstat,influenza,age,DE,80+,0,KIT-EnsembleNowcastRealtime,36.84250094268473,-18.71040723981897,0.018853695324283565,18.150947398190045,0.3181818181818182,0.9545454545454546
survstat,influenza,age,DE,80+,0,KIT-epinowcast,15.99698129251701,26.92993197278912,0.006802721088435375,42.93371598639457,0.14285714285714285,0.8095238095238095
survstat,influenza,age,DE,80+,0,KIT-simple_nowcast,12.842194570135748,0.7895927601809954,1.9389140271493213,15.570701357466064,0.7272727272727273,0.9090909090909091
survstat,influenza,age,DE,80+,0,RIVM-GAM,4.931972789115647,9.646258503401361,2.7142857142857144,17.292517006802722,0.42857142857142855,0.9047619047619048
survstat,influenza,age,DE,80+,1,HZI-ODEmodel,68.90974025974026,7.785714285714286,71.08441558441558,147.77987012987012,0.6818181818181818,0.9090909090909091
survstat,influenza,age,DE,80+,1,KIT-EnsembleNowcastComplete,179.55643523755657,6.869909502262443,86.38710407239819,272.8134488122172,0.7272727272727273,1
survstat,influenza,age,DE,80+,1,KIT-EnsembleNowcastRealtime,179.55866185897438,6.869909502262443,86.3840874811463,272.8126588423831,0.7272727272727273,1
survstat,influenza,age,DE,80+,1,KIT-epinowcast,128.34600340136055,2.289115646258503,34.04625850340136,164.6813775510204,0.8095238095238095,1
survstat,influenza,age,DE,80+,1,KIT-simple_nowcast,182.76538461538462,8.228506787330316,84.19909502262443,275.19298642533937,0.8181818181818182,1
survstat,influenza,age,DE,80+,1,RIVM-GAM,19.791428571428572,0.9071428571428571,307.14285714285717,327.8414285714286,0.35,0.5
survstat,influenza,age,DE,80+,1,baseline,31.20324675324676,0,1156.6948051948052,1187.898051948052,0,0.5454545454545454
survstat,influenza,age,DE,80+,2,HZI-ODEmodel,59.87727272727273,12.279220779220779,115.73376623376623,187.89025974025975,0.5909090909090909,0.8636363636363636
survstat,influenza,age,DE,80+,2,baseline,31.89545454545455,0,1129.474025974026,1161.3694805194805,0,0.6363636363636364
survstat,influenza,age,DE,80+,3,HZI-ODEmodel,52.4987012987013,11.344155844155845,140.97402597402598,204.8168831168831,0.5909090909090909,0.8636363636363636
survstat,influenza,age,DE,80+,3,baseline,32.07207792207792,0,1098.5714285714287,1130.6435064935065,0,0.6363636363636364
survstat,influenza,age,DE,80+,4,HZI-ODEmodel,45.88181818181818,28.454545454545453,260.0779220779221,334.4142857142857,0.45454545454545453,0.7727272727272727
survstat,influenza,age,DE,80+,4,baseline,31.55649350649351,0,1039.1038961038962,1070.6603896103895,0,0.5909090909090909
survstat,influenza,national,DE,00+,-3,KIT-EnsembleNowcastComplete,10.805882352941177,7.512443438914027,3.6866515837104075,22.004977375565613,0.36363636363636365,0.8636363636363636
survstat,influenza,national,DE,00+,-3,KIT-EnsembleNowcastRealtime,10.805882352941177,7.512443438914027,3.6866515837104075,22.004977375565613,0.36363636363636365,0.8636363636363636
survstat,influenza,national,DE,00+,-3,KIT-simple_nowcast,9.075226244343892,8.321266968325792,4.219457013574661,21.615950226244344,0.45454545454545453,0.7727272727272727
survstat,influenza,national,DE,00+,-3,RIVM-GAM,7.010884353741497,2.0884353741496597,2.9115646258503403,12.010884353741497,0.47619047619047616,0.9047619047619048
survstat,influenza,national,DE,00+,-2,KIT-EnsembleNowcastComplete,41.233861236802554,29.13197586727009,2.2141779788836735,72.58001508295631,0.13636363636363635,0.5454545454545454
survstat,influenza,national,DE,00+,-2,KIT-EnsembleNowcastRealtime,41.23399321266982,29.12669683257929,2.2141779788836735,72.57486802413278,0.18181818181818182,0.5909090909090909
survstat,influenza,national,DE,00+,-2,KIT-epinowcast,0,0.14285714285714285,56.095238095238095,56.23809523809524,0,0
survstat,influenza,national,DE,00+,-2,KIT-simple_nowcast,20.886990950226245,44.72171945701358,8.782805429864254,74.39151583710407,0.22727272727272727,0.7727272727272727
survstat,influenza,national,DE,00+,-2,RIVM-GAM,12.339115646258504,11.65986394557823,9.013605442176871,33.012585034013604,0.19047619047619047,0.8571428571428571
survstat,influenza,national,DE,00+,-1,KIT-EnsembleNowcastComplete,63.02184577677229,52.98751885369534,-1.132843137254959,114.87652149321266,0.2727272727272727,0.8636363636363636
survstat,influenza,national,DE,00+,-1,KIT-EnsembleNowcastRealtime,63.02186463046761,52.987895927601826,-1.132843137254959,114.87691742081448,0.2727272727272727,0.8636363636363636
survstat,influenza,national,DE,00+,-1,KIT-epinowcast,7.724608843537396,0.17687074829931965,46.204761904761966,54.106241496598685,0.42857142857142855,0.8095238095238095
survstat,influenza,national,DE,00+,-1,KIT-simple_nowcast,43.030316742081446,65.303167420814475,8.76470588235294,117.09819004524887,0.45454545454545453,0.8181818181818182
survstat,influenza,national,DE,00+,-1,RIVM-GAM,17.862244897959183,33.36054421768708,17.891156462585034,69.1139455782313,0.19047619047619047,0.8095238095238095
survstat,influenza,national,DE,00+,0,KIT-EnsembleNowcastComplete,266.8268420060335,-63.107654600301935,3.824660633484158,207.5438480392157,0.45454545454545453,0.9090909090909091
survstat,influenza,national,DE,00+,0,KIT-EnsembleNowcastRealtime,266.8223350301662,-63.107654600301935,3.8616138763197543,207.57629430618402,0.45454545454545453,0.9090909090909091
survstat,influenza,national,DE,00+,0,KIT-epinowcast,95.23906462585033,92.44727891156464,0.5102040816326532,188.1965476190476,0.38095238095238093,0.9047619047619048
survstat,influenza,national,DE,00+,0,KIT-simple_nowcast,140.38246606334843,38.34841628959276,10.065610859728507,188.79649321266967,0.5,0.8636363636363636
survstat,influenza,national,DE,00+,0,RIVM-GAM,39.692517006802724,201.19727891156464,26.31972789115646,267.20952380952383,0.09523809523809523,0.8095238095238095
survstat,influenza,national,DE,00+,1,HZI-ODEmodel,850.0522727272728,26.116883116883116,785.4545454545455,1661.6237012987012,0.8181818181818182,0.8636363636363636
survstat,influenza,national,DE,00+,1,KIT-EnsembleNowcastComplete,1716.6999010180996,36.20324283559578,2890.588536953243,4643.491680806938,0.36363636363636365,0.9090909090909091
survstat,influenza,national,DE,00+,1,KIT-EnsembleNowcastRealtime,1716.7074264705882,36.20324283559578,2890.501055806938,4643.411725113122,0.36363636363636365,0.9090909090909091
survstat,influenza,national,DE,00+,1,KIT-epinowcast,1291.327380952381,9.972789115646258,957.5238095238095,2258.8239795918366,0.47619047619047616,1
survstat,influenza,national,DE,00+,1,KIT-simple_nowcast,1699.5590497737558,43.0158371040724,2906.076923076923,4648.651809954751,0.22727272727272727,0.8636363636363636
survstat,influenza,national,DE,00+,1,RIVM-GAM,175.83428571428573,0.014285714285714266,3792.7000000000003,3968.5485714285714,0.3,0.45
survstat,influenza,national,DE,00+,1,baseline,581.5525974025975,0,10735.474025974027,11317.026623376623,0,0.6363636363636364
survstat,influenza,national,DE,00+,2,HZI-ODEmodel,738.0613636363637,53.34415584415585,1636.5844155844156,2427.9899350649353,0.7727272727272727,0.8636363636363636
survstat,influenza,national,DE,00+,2,baseline,590.9574675324676,0,10499.772727272728,11090.730194805195,0,0.6818181818181818
survstat,influenza,national,DE,00+,3,HZI-ODEmodel,640.9405844155845,80.42857142857143,2259.6428571428573,2981.012012987013,0.6363636363636364,0.8181818181818182
survstat,influenza,national,DE,00+,3,baseline,586.6074675324676,0,10114.623376623376,10701.230844155843,0,0.7272727272727273
survstat,influenza,national,DE,00+,4,HZI-ODEmodel,549.7769480519481,194.7012987012987,3344.3571428571427,4088.8353896103895,0.36363636363636365,0.6818181818181818
survstat,influenza,national,DE,00+,4,baseline,568.7149350649352,0,9393.77922077922,9962.494155844155,0,0.7272727272727273
survstat,influenza,states,DE-BB-BE,00+,-3,KIT-EnsembleNowcastComplete,1.203393665158371,0.3902714932126697,3.184389140271493,4.778054298642534,0.7272727272727273,0.8636363636363636
survstat,influenza,states,DE-BB-BE,00+,-3,KIT-EnsembleNowcastRealtime,1.203393665158371,0.3902714932126697,3.184389140271493,4.778054298642534,0.7272727272727273,0.8636363636363636
survstat,influenza,states,DE-BB-BE,00+,-3,KIT-simple_nowcast,0.8774886877828054,0.5520361990950227,3.32579185520362,4.755316742081448,0.7272727272727273,0.9090909090909091
survstat,influenza,states,DE-BB-BE,00+,-3,RIVM-GAM,0.6217687074829933,0.034013605442176874,1.7687074829931972,2.4244897959183676,0.8095238095238095,0.9047619047619048
survstat,influenza,states,DE-BB-BE,00+,-2,KIT-EnsembleNowcastComplete,3.401583710407277,3.6938159879336148,4.495475113122154,11.590874811463046,0.18181818181818182,0.5
survstat,influenza,states,DE-BB-BE,00+,-2,KIT-EnsembleNowcastRealtime,3.4016025641026015,3.683257918552016,4.495475113122154,11.580335595776772,0.22727272727272727,0.5454545454545454
survstat,influenza,states,DE-BB-BE,00+,-2,KIT-epinowcast,0,0.6666666666666666,7.238095238095238,7.904761904761905,0.14285714285714285,0.14285714285714285
survstat,influenza,states,DE-BB-BE,00+,-2,KIT-simple_nowcast,1.8690045248868778,4.843891402714932,4.984162895927602,11.697058823529412,0.5454545454545454,0.6818181818181818
survstat,influenza,states,DE-BB-BE,00+,-2,RIVM-GAM,1.4585034013605442,1.4217687074829932,3.0340136054421767,5.914285714285715,0.5238095238095238,0.8571428571428571
survstat,influenza,states,DE-BB-BE,00+,-1,KIT-EnsembleNowcastComplete,4.312156862745104,4.381221719457009,6.164027149321267,14.85740573152338,0.4090909090909091,0.6363636363636364
survstat,influenza,states,DE-BB-BE,00+,-1,KIT-EnsembleNowcastRealtime,4.311987179487185,4.381221719457009,6.168929110105581,14.862138009049774,0.4090909090909091,0.6363636363636364
survstat,influenza,states,DE-BB-BE,00+,-1,KIT-epinowcast,2.0749659863945586,0.8537414965986394,4.1020408163265305,7.030748299319728,0.47619047619047616,0.6190476190476191
survstat,influenza,states,DE-BB-BE,00+,-1,KIT-simple_nowcast,3.6704751131221722,4.889140271493213,6.389140271493212,14.948755656108597,0.5454545454545454,0.8181818181818182
survstat,influenza,states,DE-BB-BE,00+,-1,RIVM-GAM,2.3329931972789115,3.2993197278911564,4.904761904761905,10.537074829931973,0.3333333333333333,0.7142857142857143
survstat,influenza,states,DE-BB-BE,00+,0,KIT-EnsembleNowcastComplete,26.996693061840105,-7.811199095022611,1.2138009049773788,20.399294871794872,0.4090909090909091,0.8181818181818182
survstat,influenza,states,DE-BB-BE,00+,0,KIT-EnsembleNowcastRealtime,26.995693815987917,-7.811199095022611,1.2190799396681782,20.403574660633485,0.4090909090909091,0.8181818181818182
survstat,influenza,states,DE-BB-BE,00+,0,KIT-epinowcast,14.336496598639457,21.2765306122449,0.2380952380952381,35.851122448979595,0.5238095238095238,0.7619047619047619
survstat,influenza,states,DE-BB-BE,00+,0,KIT-simple_nowcast,11.503619909502262,3.9547511312217196,2.8710407239819005,18.32941176470588,0.5909090909090909,0.9090909090909091
survstat,influenza,states,DE-BB-BE,00+,0,RIVM-GAM,4.554761904761905,8.789115646258503,5.421768707482993,18.765646258503402,0.2857142857142857,0.6666666666666666
survstat,influenza,states,DE-BB-BE,00+,1,KIT-EnsembleNowcastComplete,164.09737085218703,6.653846153846157,79.63898944193062,250.3902064479638,0.6363636363636364,0.9545454545454546
survstat,influenza,states,DE-BB-BE,00+,1,KIT-EnsembleNowcastRealtime,164.12470871040725,6.661010558069385,79.63898944193062,250.42470871040726,0.6363636363636364,0.9545454545454546
survstat,influenza,states,DE-BB-BE,00+,1,KIT-epinowcast,119.50330782312926,7.785714285714285,57.77278911564626,185.06181122448982,0.6666666666666666,1
survstat,influenza,states,DE-BB-BE,00+,1,KIT-simple_nowcast,159.61527149321267,9.30316742081448,79.70588235294117,248.62432126696834,0.45454545454545453,0.9545454545454546
survstat,influenza,states,DE-BB-BE,00+,1,RIVM-GAM,25.595000000000002,1.2714285714285714,362.7142857142857,389.5807142857143,0.45,0.45
survstat,influenza,states,DE-BW,00+,-3,KIT-EnsembleNowcastComplete,1.2816176470588236,1.3088235294117647,0.18099547511312217,2.7714366515837106,0.5909090909090909,0.8636363636363636
survstat,influenza,states,DE-BW,00+,-3,KIT-EnsembleNowcastRealtime,1.2816176470588236,1.3088235294117647,0.18099547511312217,2.7714366515837106,0.5909090909090909,0.8636363636363636
survstat,influenza,states,DE-BW,00+,-3,KIT-simple_nowcast,0.8815610859728507,1.753393665158371,0.21945701357466063,2.8544117647058824,0.6363636363636364,0.8181818181818182
survstat,influenza,states,DE-BW,00+,-3,RIVM-GAM,0.42040816326530617,0.07482993197278912,0.37414965986394555,0.8693877551020409,0.8095238095238095,0.9047619047619048
survstat,influenza,states,DE-BW,00+,-2,KIT-EnsembleNowcastComplete,5.20991704374059,3.9879336349924395,-0.6644042232277533,8.533446455505276,0.09090909090909091,0.22727272727272727
survstat,influenza,states,DE-BW,00+,-2,KIT-EnsembleNowcastRealtime,5.210030165912536,3.9773755656108407,-0.6644042232277533,8.523001508295623,0.13636363636363635,0.2727272727272727
survstat,influenza,states,DE-BW,00+,-2,KIT-epinowcast,0,1,2,3,0.047619047619047616,0.047619047619047616
survstat,influenza,states,DE-BW,00+,-2,KIT-simple_nowcast,1.9473981900452488,6.993212669683258,0.05429864253393665,8.994909502262443,0.5454545454545454,0.6818181818181818
survstat,influenza,states,DE-BW,00+,-2,RIVM-GAM,0.8673469387755103,0.42857142857142855,0.9931972789115646,2.2891156462585034,0.5238095238095238,0.8571428571428571
survstat,influenza,states,DE-BW,00+,-1,KIT-EnsembleNowcastComplete,7.023410633484159,6.827903469079974,-0.6651583710407496,13.186155731523383,0.3181818181818182,0.4090909090909091
survstat,influenza,states,DE-BW,00+,-1,KIT-EnsembleNowcastRealtime,7.0233352187028615,6.822624434389175,-0.6651583710407496,13.180801282051288,0.3181818181818182,0.4090909090909091
survstat,influenza,states,DE-BW,00+,-1,KIT-epinowcast,1.5567517006802727,1.6380952380952332,0.21088435374149658,3.4057312925170025,0.42857142857142855,0.5238095238095238
survstat,influenza,states,DE-BW,00+,-1,KIT-simple_nowcast,3.8260180995475115,9.945701357466064,0.11312217194570136,13.884841628959276,0.45454545454545453,0.5454545454545454
survstat,influenza,states,DE-BW,00+,-1,RIVM-GAM,1.3904761904761906,1.435374149659864,1.5578231292517006,4.383673469387755,0.3333333333333333,0.7142857142857143
survstat,influenza,states,DE-BW,00+,0,KIT-EnsembleNowcastComplete,24.54867458521869,2.815082956259438,0.1206636500754148,27.484421191553544,0.18181818181818182,0.6363636363636364
survstat,influenza,states,DE-BW,00+,0,KIT-EnsembleNowcastRealtime,24.54822209653091,2.812066365007553,0.1206636500754148,27.480952111613878,0.22727272727272727,0.6363636363636364
survstat,influenza,states,DE-BW,00+,0,KIT-epinowcast,13.013214285714287,23.61632653061225,0.006802721088435375,36.636343537414966,0.14285714285714285,0.47619047619047616
survstat,influenza,states,DE-BW,00+,0,KIT-simple_nowcast,12.089027149321268,12.153846153846153,0.2579185520361991,24.50079185520362,0.36363636363636365,0.7272727272727273
survstat,influenza,states,DE-BW,00+,0,RIVM-GAM,4.073809523809524,13.63265306122449,0.6394557823129252,18.34591836734694,0.38095238095238093,0.7142857142857143
survstat,influenza,states,DE-BW,00+,1,KIT-EnsembleNowcastComplete,151.16389658748116,7.029977375565611,259.59475867269987,417.78863263574664,0.6363636363636364,0.9545454545454546
survstat,influenza,states,DE-BW,00+,1,KIT-EnsembleNowcastRealtime,151.2745479826546,7.039781297134239,259.59475867269987,417.9090879524887,0.6363636363636364,0.9545454545454546
survstat,influenza,states,DE-BW,00+,1,KIT-epinowcast,124.34639455782313,1.6428571428571428,74.84727891156463,200.8365306122449,0.7142857142857143,0.9523809523809523
survstat,influenza,states,DE-BW,00+,1,KIT-simple_nowcast,140.07194570135746,7.66289592760181,269.5972850678733,417.3321266968326,0.3181818181818182,0.9545454545454546
survstat,influenza,states,DE-BW,00+,1,RIVM-GAM,64.64321428571431,0.9714285714285715,297.1642857142857,362.7789285714286,0.45,0.6
survstat,influenza,states,DE-BY,00+,-3,KIT-EnsembleNowcastComplete,2.3471153846153845,2.5995475113122173,1.3914027149321266,6.338065610859728,0.5,0.8636363636363636
survstat,influenza,states,DE-BY,00+,-3,KIT-EnsembleNowcastRealtime,2.3471153846153845,2.5995475113122173,1.3914027149321266,6.338065610859728,0.5,0.8636363636363636
survstat,influenza,states,DE-BY,00+,-3,KIT-simple_nowcast,1.827601809954751,3.1312217194570136,1.4004524886877827,6.359276018099547,0.6363636363636364,0.8181818181818182
survstat,influenza,states,DE-BY,00+,-3,RIVM-GAM,1.0465986394557825,0.6054421768707483,1.0204081632653061,2.6724489795918367,0.47619047619047616,0.9047619047619048
survstat,influenza,states,DE-BY,00+,-2,KIT-EnsembleNowcastComplete,7.489592760180988,7.730769230769229,3.7760180995475308,18.99638009049775,0.13636363636363635,0.5454545454545454
survstat,influenza,states,DE-BY,00+,-2,KIT-EnsembleNowcastRealtime,7.489743589743583,7.72021116138763,3.7760180995475308,18.985972850678742,0.18181818181818182,0.5909090909090909
survstat,influenza,states,DE-BY,00+,-2,KIT-epinowcast,0,0.6190476190476191,10.428571428571429,11.047619047619047,0.09523809523809523,0.09523809523809523
survstat,influenza,states,DE-BY,00+,-2,KIT-simple_nowcast,4.059502262443439,10.57918552036199,4.737556561085973,19.376244343891404,0.45454545454545453,0.6818181818181818
survstat,influenza,states,DE-BY,00+,-2,RIVM-GAM,2.119047619047619,3.741496598639456,3.4013605442176873,9.261904761904763,0.38095238095238093,0.8095238095238095
survstat,influenza,states,DE-BY,00+,-1,KIT-EnsembleNowcastComplete,10.648585972850643,11.49543740573154,5.196417797888405,27.340441176470588,0.3181818181818182,0.5454545454545454
survstat,influenza,states,DE-BY,00+,-1,KIT-EnsembleNowcastRealtime,10.648736802413238,11.49015837104074,5.196417797888405,27.335312971342383,0.36363636363636365,0.5909090909090909
survstat,influenza,states,DE-BY,00+,-1,KIT-epinowcast,2.1627551020408187,0.9183673469387755,7.652380952380956,10.73350340136055,0.38095238095238093,0.6190476190476191
survstat,influenza,states,DE-BY,00+,-1,KIT-simple_nowcast,8.171945701357465,13.676470588235293,5.567873303167421,27.41628959276018,0.5,0.8636363636363636
survstat,influenza,states,DE-BY,00+,-1,RIVM-GAM,3.248979591836735,8.374149659863946,6.258503401360544,17.881632653061224,0.47619047619047616,0.6666666666666666
survstat,influenza,states,DE-BY,00+,0,KIT-EnsembleNowcastComplete,54.17587575414784,-11.06711915535447,1.0432880844645405,44.15204468325791,0.45454545454545453,0.7727272727272727
survstat,influenza,states,DE-BY,00+,0,KIT-EnsembleNowcastRealtime,54.17583804675719,-11.06711915535447,1.0470588235293972,44.15577771493212,0.4090909090909091,0.7727272727272727
survstat,influenza,states,DE-BY,00+,0,KIT-epinowcast,21.584430272108843,33.112244897959194,0,54.69667517006804,0.2857142857142857,0.7619047619047619
survstat,influenza,states,DE-BY,00+,0,KIT-simple_nowcast,26.243325791855206,8.984162895927602,4.5542986425339365,39.781787330316746,0.5454545454545454,0.8636363636363636
survstat,influenza,states,DE-BY,00+,0,RIVM-GAM,6.683333333333334,35.89795918367347,7.727891156462585,50.309183673469384,0.47619047619047616,0.7619047619047619
survstat,influenza,states,DE-BY,00+,1,KIT-EnsembleNowcastComplete,357.3442632918552,17.865196078431374,332.71802413273,707.9274835030166,0.5454545454545454,0.9090909090909091
survstat,influenza,states,DE-BY,00+,1,KIT-EnsembleNowcastRealtime,357.4190596719457,17.865196078431374,332.7112368024133,707.9954925527903,0.5454545454545454,0.9090909090909091
survstat,influenza,states,DE-BY,00+,1,KIT-epinowcast,244.95840136054423,15.054421768707483,105.71088435374149,365.72370748299323,0.6190476190476191,1
survstat,influenza,states,DE-BY,00+,1,KIT-simple_nowcast,340.97907239819006,22.918552036199095,349.61764705882354,713.5152714932127,0.5,0.8636363636363636
survstat,influenza,states,DE-BY,00+,1,RIVM-GAM,72.95392857142859,0.2071428571428555,752.2285714285714,825.3896428571429,0.5,0.5
survstat,influenza,states,DE-HE,00+,-3,KIT-EnsembleNowcastComplete,1.2342760180995476,0.334841628959276,3.0961538461538463,4.6652714932126695,0.5909090909090909,0.7727272727272727
survstat,influenza,states,DE-HE,00+,-3,KIT-EnsembleNowcastRealtime,1.2342760180995476,0.334841628959276,3.0961538461538463,4.6652714932126695,0.5909090909090909,0.7727272727272727
survstat,influenza,states,DE-HE,00+,-3,KIT-simple_nowcast,0.5824660633484163,0.8280542986425339,3.176470588235294,4.5869909502262445,0.6363636363636364,0.7272727272727273
survstat,influenza,states,DE-HE,00+,-3,RIVM-GAM,0.8636054421768709,0.6122448979591837,1.4421768707482994,2.918027210884354,0.6190476190476191,0.8571428571428571
survstat,influenza,states,DE-HE,00+,-2,KIT-EnsembleNowcastComplete,1.8219834087481153,2.642533936651587,7.7496229260935134,12.214140271493216,0.13636363636363635,0.2727272727272727
survstat,influenza,states,DE-HE,00+,-2,KIT-EnsembleNowcastRealtime,1.8220588235294124,2.6319758672699884,7.7496229260935134,12.203657616892915,0.18181818181818182,0.3181818181818182
survstat,influenza,states,DE-HE,00+,-2,KIT-epinowcast,0,1.0476190476190477,6.904761904761905,7.9523809523809526,0.047619047619047616,0.047619047619047616
survstat,influenza,states,DE-HE,00+,-2,KIT-simple_nowcast,1.2566742081447964,2.730769230769231,7.9457013574660635,11.933144796380091,0.5454545454545454,0.6818181818181818
survstat,influenza,states,DE-HE,00+,-2,RIVM-GAM,1.6653061224489798,3.0204081632653064,3.442176870748299,8.127891156462585,0.47619047619047616,0.8095238095238095
survstat,influenza,states,DE-HE,00+,-1,KIT-EnsembleNowcastComplete,5.496916478129703,1.935067873303179,13.242684766214175,20.674669117647056,0.13636363636363635,0.18181818181818182
survstat,influenza,states,DE-HE,00+,-1,KIT-EnsembleNowcastRealtime,5.496558257918541,1.9297888386123796,13.242684766214175,20.669031862745097,0.18181818181818182,0.22727272727272727
survstat,influenza,states,DE-HE,00+,-1,KIT-epinowcast,2.042933673469388,2.281972789115645,5.478231292517005,9.803137755102037,0.14285714285714285,0.3333333333333333
survstat,influenza,states,DE-HE,00+,-1,KIT-simple_nowcast,2.3778280542986425,4.0610859728506785,13.79185520361991,20.23076923076923,0.5909090909090909,0.6818181818181818
survstat,influenza,states,DE-HE,00+,-1,RIVM-GAM,2.4578231292517008,7.006802721088436,6.959183673469388,16.423809523809524,0.42857142857142855,0.6190476190476191
survstat,influenza,states,DE-HE,00+,0,KIT-EnsembleNowcastComplete,31.13651112368023,-15.4576923076923,5.768099547511315,21.446918363499243,0.3181818181818182,0.7272727272727273
survstat,influenza,states,DE-HE,00+,0,KIT-EnsembleNowcastRealtime,31.13558729260934,-15.460708898944185,5.768099547511315,21.44297794117647,0.36363636363636365,0.7272727272727273
survstat,influenza,states,DE-HE,00+,0,KIT-epinowcast,11.576284013605441,21.204421768707483,0.28911564625850344,33.06982142857143,0.38095238095238093,0.5238095238095238
survstat,influenza,states,DE-HE,00+,0,KIT-simple_nowcast,7.440158371040724,2.678733031674208,8.481900452488688,18.60079185520362,0.5454545454545454,0.8181818181818182
survstat,influenza,states,DE-HE,00+,0,RIVM-GAM,4.445238095238095,13.54421768707483,4.775510204081633,22.764965986394557,0.42857142857142855,0.6666666666666666
survstat,influenza,states,DE-HE,00+,1,KIT-EnsembleNowcastComplete,105.66439526772248,5.041101055806938,37.29924585218703,148.00474217571644,0.6818181818181818,1
survstat,influenza,states,DE-HE,00+,1,KIT-EnsembleNowcastRealtime,105.68362603695324,5.041101055806938,37.300754147812974,148.02548124057316,0.6818181818181818,1
survstat,influenza,states,DE-HE,00+,1,KIT-epinowcast,77.2194642857143,3.602040816326531,20.195918367346938,101.01742346938777,0.6666666666666666,1
survstat,influenza,states,DE-HE,00+,1,KIT-simple_nowcast,106.36515837104072,6.126696832579185,35.90045248868778,148.3923076923077,0.6818181818181818,0.9090909090909091
survstat,influenza,states,DE-HE,00+,1,RIVM-GAM,20.04857142857143,0.17142857142857162,150.6357142857143,170.8557142857143,0.5,0.6
survstat,influenza,states,DE-MV,00+,-3,KIT-EnsembleNowcastComplete,1.150735294117647,-0.2703619909502262,3.4671945701357467,4.347567873303167,0.7272727272727273,0.9090909090909091
survstat,influenza,states,DE-MV,00+,-3,KIT-EnsembleNowcastRealtime,1.150735294117647,-0.2703619909502262,3.4671945701357467,4.347567873303167,0.7272727272727273,0.9090909090909091
survstat,influenza,states,DE-MV,00+,-3,KIT-simple_nowcast,0.34423076923076923,0.17194570135746606,3.975113122171946,4.491289592760181,0.8181818181818182,0.8636363636363636
survstat,influenza,states,DE-MV,00+,-3,RIVM-GAM,0.720748299319728,0.3197278911564626,0.782312925170068,1.8227891156462586,0.8095238095238095,1
survstat,influenza,states,DE-MV,00+,-2,KIT-EnsembleNowcastComplete,2.188612368024125,0.9849170437405812,9.241327300150829,12.414856711915535,0.09090909090909091,0.13636363636363635
survstat,influenza,states,DE-MV,00+,-2,KIT-EnsembleNowcastRealtime,2.193589743589736,0.9743589743589824,9.241327300150829,12.409276018099547,0.13636363636363635,0.18181818181818182
survstat,influenza,states,DE-MV,00+,-2,KIT-epinowcast,0,1.4285714285714286,6.809523809523809,8.238095238095237,0.09523809523809523,0.09523809523809523
survstat,influenza,states,DE-MV,00+,-2,KIT-simple_nowcast,0.7759049773755656,1.3574660633484164,9.513574660633484,11.646945701357467,0.5454545454545454,0.7727272727272727
survstat,influenza,states,DE-MV,00+,-2,RIVM-GAM,6.154761904761908,1.9183673469387754,3.238095238095238,11.31122448979592,0.6666666666666666,0.8095238095238095
survstat,influenza,states,DE-MV,00+,-1,KIT-EnsembleNowcastComplete,6.770554298642522,-0.6976244343891368,7.658371040723993,13.731300904977378,0.22727272727272727,0.36363636363636365
survstat,influenza,states,DE-MV,00+,-1,KIT-EnsembleNowcastRealtime,6.777492458521858,-0.7081825037707357,7.658371040723993,13.727680995475115,0.2727272727272727,0.4090909090909091
survstat,influenza,states,DE-MV,00+,-1,KIT-epinowcast,2.267721088435374,2.1833333333333336,2.076870748299321,6.527925170068029,0.19047619047619047,0.47619047619047616
survstat,influenza,states,DE-MV,00+,-1,KIT-simple_nowcast,1.4558823529411764,1.9502262443438914,9.389140271493213,12.79524886877828,0.45454545454545453,0.7272727272727273
survstat,influenza,states,DE-MV,00+,-1,RIVM-GAM,9.652380952380957,3.82312925170068,1.7551020408163265,15.230612244897962,0.6666666666666666,0.8571428571428571
survstat,influenza,states,DE-MV,00+,0,KIT-EnsembleNowcastComplete,38.41893099547511,-22.267873303167413,19.215573152337857,35.36663084464555,0.3181818181818182,0.5909090909090909
survstat,influenza,states,DE-MV,00+,0,KIT-EnsembleNowcastRealtime,38.42492552790346,-22.267873303167413,19.215950226244342,35.373002450980394,0.3181818181818182,0.5909090909090909
survstat,influenza,states,DE-MV,00+,0,KIT-epinowcast,12.683010204081633,17.522108843537413,2.380952380952381,32.58607142857143,0.3333333333333333,0.5714285714285714
survstat,influenza,states,DE-MV,00+,0,KIT-simple_nowcast,4.275,1.2330316742081449,26.264705882352942,31.772737556561086,0.45454545454545453,0.8181818181818182
survstat,influenza,states,DE-MV,00+,0,RIVM-GAM,15.46224489795919,14.353741496598639,10.63265306122449,40.44863945578232,0.47619047619047616,0.7619047619047619
survstat,influenza,states,DE-MV,00+,1,KIT-EnsembleNowcastComplete,158.1844339177979,0.027149321266968132,307.58495475113125,465.7965379901961,0.4090909090909091,0.9090909090909091
survstat,influenza,states,DE-MV,00+,1,KIT-EnsembleNowcastRealtime,158.19490148944195,0.027149321266968132,307.5857088989442,465.8077597096531,0.4090909090909091,0.9090909090909091
survstat,influenza,states,DE-MV,00+,1,KIT-epinowcast,71.31819727891157,1.105442176870748,35.89727891156463,108.32091836734695,0.5238095238095238,1
survstat,influenza,states,DE-MV,00+,1,KIT-simple_nowcast,28.78789592760181,0,489.36199095022624,518.1498868778281,0,0.13636363636363635
survstat,influenza,states,DE-MV,00+,1,RIVM-GAM,38.79857142857144,0.9071428571428564,140.32142857142858,180.02714285714288,0.35,0.6
survstat,influenza,states,DE-NI-HB,00+,-3,KIT-EnsembleNowcastComplete,1.1129524886877828,1.243212669683258,0.0418552036199095,2.3980203619909504,0.6363636363636364,0.8636363636363636
survstat,influenza,states,DE-NI-HB,00+,-3,KIT-EnsembleNowcastRealtime,1.1129524886877828,1.243212669683258,0.0418552036199095,2.3980203619909504,0.6363636363636364,0.8636363636363636
survstat,influenza,states,DE-NI-HB,00+,-3,KIT-simple_nowcast,0.759841628959276,1.660633484162896,0.058823529411764705,2.4792986425339367,0.6363636363636364,0.8181818181818182
survstat,influenza,states,DE-NI-HB,00+,-3,RIVM-GAM,0.372108843537415,0.19047619047619047,0.163265306122449,0.7258503401360544,0.6666666666666666,0.8571428571428571
survstat,influenza,states,DE-NI-HB,00+,-2,KIT-EnsembleNowcastComplete,4.3190045248869,3.6478129713423524,1.143288084464562,9.110105580693814,0.18181818181818182,0.3181818181818182
survstat,influenza,states,DE-NI-HB,00+,-2,KIT-EnsembleNowcastRealtime,4.319023378582224,3.6372549019607536,1.143288084464562,9.09956636500754,0.22727272727272727,0.36363636363636365
survstat,influenza,states,DE-NI-HB,00+,-2,KIT-epinowcast,0,0.8095238095238095,1.6666666666666667,2.4761904761904763,0.2857142857142857,0.2857142857142857
survstat,influenza,states,DE-NI-HB,00+,-2,KIT-simple_nowcast,1.7440045248868778,6.723981900452489,1.1877828054298643,9.65576923076923,0.5909090909090909,0.6818181818181818
survstat,influenza,states,DE-NI-HB,00+,-2,RIVM-GAM,0.8241496598639456,0.2585034013605442,0.7346938775510204,1.8173469387755103,0.6666666666666666,1
survstat,influenza,states,DE-NI-HB,00+,-1,KIT-EnsembleNowcastComplete,4.950708898944201,6.95889894419305,0.0980392156862744,12.007647058823526,0.2727272727272727,0.5454545454545454
survstat,influenza,states,DE-NI-HB,00+,-1,KIT-EnsembleNowcastRealtime,4.950558069381607,6.953619909502251,0.0980392156862744,12.002217194570132,0.3181818181818182,0.5909090909090909
survstat,influenza,states,DE-NI-HB,00+,-1,KIT-epinowcast,1.6887074829931972,2.173469387755102,0.08843537414965986,3.9506122448979593,0.2857142857142857,0.5714285714285714
survstat,influenza,states,DE-NI-HB,00+,-1,KIT-simple_nowcast,3.4044117647058822,8.796380090497738,0.4434389140271493,12.64423076923077,0.5,0.7727272727272727
survstat,influenza,states,DE-NI-HB,00+,-1,RIVM-GAM,1.5180272108843538,0.5034013605442177,0.0816326530612245,2.103061224489796,0.7142857142857143,1
survstat,influenza,states,DE-NI-HB,00+,0,KIT-EnsembleNowcastComplete,39.11562028657616,-18.18593514328808,0.24057315233785814,21.170258295625942,0.36363636363636365,0.8636363636363636
survstat,influenza,states,DE-NI-HB,00+,0,KIT-EnsembleNowcastRealtime,39.11467760180995,-18.186689291101054,0.24057315233785814,21.168561463046753,0.36363636363636365,0.8636363636363636
survstat,influenza,states,DE-NI-HB,00+,0,KIT-epinowcast,12.694982993197279,32.60102040816326,0,45.29600340136054,0.3333333333333333,0.5238095238095238
survstat,influenza,states,DE-NI-HB,00+,0,KIT-simple_nowcast,10.66470588235294,4.242081447963801,0.8642533936651584,15.771040723981901,0.7727272727272727,0.9090909090909091
survstat,influenza,states,DE-NI-HB,00+,0,RIVM-GAM,4.516666666666667,24.047619047619047,0.7414965986394558,29.30578231292517,0.5714285714285714,0.9523809523809523
survstat,influenza,states,DE-NI-HB,00+,1,KIT-EnsembleNowcastComplete,195.4459393853695,0.06636500754147812,515.3397435897436,710.8520479826547,0.5454545454545454,0.9090909090909091
survstat,influenza,states,DE-NI-HB,00+,1,KIT-EnsembleNowcastRealtime,195.51941223604825,0.06636500754147812,515.3322021116139,710.9179793552037,0.5454545454545454,0.9090909090909091
survstat,influenza,states,DE-NI-HB,00+,1,KIT-epinowcast,102.69045918367348,0.5850340136054422,80.56258503401361,183.8380782312925,0.47619047619047616,0.9523809523809523
survstat,influenza,states,DE-NI-HB,00+,1,KIT-simple_nowcast,95.60101809954752,0,657.2511312217194,752.852149321267,0.13636363636363635,0.6363636363636364
survstat,influenza,states,DE-NI-HB,00+,1,RIVM-GAM,34.58285714285715,1.4999999999999998,296.95,333.03285714285715,0.45,0.6
survstat,influenza,states,DE-NW,00+,-3,KIT-EnsembleNowcastComplete,1.9423076923076923,2.93552036199095,0.8280542986425339,5.705882352941177,0.4090909090909091,0.8636363636363636
survstat,influenza,states,DE-NW,00+,-3,KIT-EnsembleNowcastRealtime,1.9423076923076923,2.93552036199095,0.8280542986425339,5.705882352941177,0.4090909090909091,0.8636363636363636
survstat,influenza,states,DE-NW,00+,-3,KIT-simple_nowcast,1.6495475113122173,3.257918552036199,0.8891402714932126,5.796606334841629,0.45454545454545453,0.7272727272727273
survstat,influenza,states,DE-NW,00+,-3,RIVM-GAM,1.026530612244898,0.6870748299319728,0.3673469387755102,2.080952380952381,0.6666666666666666,0.9047619047619048
survstat,influenza,states,DE-NW,00+,-2,KIT-EnsembleNowcastComplete,7.211500754147738,5.207390648567162,0.32730015082959474,12.746191553544493,0.18181818181818182,0.5909090909090909
survstat,influenza,states,DE-NW,00+,-2,KIT-EnsembleNowcastRealtime,7.2118589743589,5.202111613876363,0.32730015082959474,12.741270739064856,0.22727272727272727,0.6363636363636364
survstat,influenza,states,DE-NW,00+,-2,KIT-epinowcast,0,0.6190476190476191,8.19047619047619,8.80952380952381,0,0
survstat,influenza,states,DE-NW,00+,-2,KIT-simple_nowcast,3.6372171945701357,8.595022624434389,1.2149321266968325,13.447171945701358,0.3181818181818182,0.6363636363636364
survstat,influenza,states,DE-NW,00+,-2,RIVM-GAM,2.2061224489795923,1.4081632653061225,0.8503401360544218,4.464625850340136,0.5238095238095238,0.9523809523809523
survstat,influenza,states,DE-NW,00+,-1,KIT-EnsembleNowcastComplete,9.499794494720925,10.713009049773758,-0.3834841628958907,19.829319381598793,0.4090909090909091,0.8181818181818182
survstat,influenza,states,DE-NW,00+,-1,KIT-EnsembleNowcastRealtime,9.499907616892871,10.713009049773758,-0.3834841628958907,19.82943250377074,0.4090909090909091,0.8181818181818182
survstat,influenza,states,DE-NW,00+,-1,KIT-epinowcast,2.2131122448979594,1.2108843537414966,2.3843537414965987,5.808350340136054,0.5714285714285714,0.9047619047619048
survstat,influenza,states,DE-NW,00+,-1,KIT-simple_nowcast,7.207579185520362,12.377828054298643,0.9411764705882353,20.52658371040724,0.5,0.7727272727272727
survstat,influenza,states,DE-NW,00+,-1,RIVM-GAM,3.322789115646259,4.7687074829931975,1.0272108843537415,9.118707482993198,0.42857142857142855,0.9047619047619048
survstat,influenza,states,DE-NW,00+,0,KIT-EnsembleNowcastComplete,46.25410256410258,-12.350037707390662,0.30052790346908,34.204592760181,0.6363636363636364,0.8636363636363636
survstat,influenza,states,DE-NW,00+,0,KIT-EnsembleNowcastRealtime,46.25389517345401,-12.350791855203633,0.301659125188537,34.204762443438916,0.6363636363636364,0.8636363636363636
survstat,influenza,states,DE-NW,00+,0,KIT-epinowcast,21.879523809523814,32.7469387755102,0.006802721088435375,54.633265306122446,0.3333333333333333,0.7619047619047619
survstat,influenza,states,DE-NW,00+,0,KIT-simple_nowcast,23.335972850678733,5.599547511312217,2.255656108597285,31.191176470588236,0.6363636363636364,0.9090909090909091
survstat,influenza,states,DE-NW,00+,0,RIVM-GAM,6.973809523809525,16.4421768707483,2.2176870748299318,25.633673469387755,0.5238095238095238,0.8571428571428571
survstat,influenza,states,DE-NW,00+,1,KIT-EnsembleNowcastComplete,322.1249693627451,-0.007541478129713324,581.5968702865762,903.7142981711916,0.6363636363636364,0.9090909090909091
survstat,influenza,states,DE-NW,00+,1,KIT-EnsembleNowcastRealtime,322.24240808823527,-0.007541478129713324,581.5904600301659,903.8253266402716,0.6363636363636364,0.9090909090909091
survstat,influenza,states,DE-NW,00+,1,KIT-epinowcast,235.30163265306123,6.2108843537414975,114.49659863945578,356.0091156462585,0.5238095238095238,1
survstat,influenza,states,DE-NW,00+,1,KIT-simple_nowcast,256.3721719457014,1.244343891402715,662.3823529411765,919.9988687782806,0.3181818181818182,0.7727272727272727
survstat,influenza,states,DE-NW,00+,1,RIVM-GAM,92.5239285714286,0.8999999999999981,669.6928571428572,763.1167857142857,0.45,0.55
survstat,influenza,states,DE-RP-SL,00+,-3,KIT-EnsembleNowcastComplete,0.721945701357466,0.8619909502262444,0.08710407239819004,1.6710407239819005,0.6818181818181818,0.8636363636363636
survstat,influenza,states,DE-RP-SL,00+,-3,KIT-EnsembleNowcastRealtime,0.721945701357466,0.8619909502262444,0.08710407239819004,1.6710407239819005,0.6818181818181818,0.8636363636363636
survstat,influenza,states,DE-RP-SL,00+,-3,KIT-simple_nowcast,0.5486425339366516,1.0429864253393666,0.09502262443438914,1.6866515837104072,0.6363636363636364,0.8636363636363636
survstat,influenza,states,DE-RP-SL,00+,-3,RIVM-GAM,0.43469387755102046,0.14285714285714285,0.0816326530612245,0.6591836734693878,0.8095238095238095,0.9523809523809523
survstat,influenza,states,DE-RP-SL,00+,-2,KIT-EnsembleNowcastComplete,2.508333333333347,2.754147812971328,-0.019607843137254916,5.24287330316742,0.13636363636363635,0.36363636363636365
survstat,influenza,states,DE-RP-SL,00+,-2,KIT-EnsembleNowcastRealtime,2.5083521870286716,2.7435897435897294,-0.019607843137254916,5.232334087481146,0.18181818181818182,0.4090909090909091
survstat,influenza,states,DE-RP-SL,00+,-2,KIT-epinowcast,0,1,0.38095238095238093,1.380952380952381,0.19047619047619047,0.19047619047619047
survstat,influenza,states,DE-RP-SL,00+,-2,KIT-simple_nowcast,1.2141402714932128,4.285067873303167,0.05429864253393665,5.553506787330317,0.5454545454545454,0.7272727272727273
survstat,influenza,states,DE-RP-SL,00+,-2,RIVM-GAM,0.7959183673469389,0.30612244897959184,0.163265306122449,1.2653061224489797,0.7142857142857143,1
survstat,influenza,states,DE-RP-SL,00+,-1,KIT-EnsembleNowcastComplete,3.071399886877838,4.74057315233785,0.018099547511312222,7.830072586727001,0.22727272727272727,0.6363636363636364
survstat,influenza,states,DE-RP-SL,00+,-1,KIT-EnsembleNowcastRealtime,3.0712302036199195,4.735294117647051,0.018099547511312222,7.824623868778283,0.2727272727272727,0.6818181818181818
survstat,influenza,states,DE-RP-SL,00+,-1,KIT-epinowcast,1.8675255102040815,2.2448979591836733,0,4.112423469387755,0.23809523809523808,0.6190476190476191
survstat,influenza,states,DE-RP-SL,00+,-1,KIT-simple_nowcast,2.329524886877828,5.624434389140272,0.04072398190045249,7.9946832579185525,0.45454545454545453,0.8636363636363636
survstat,influenza,states,DE-RP-SL,00+,-1,RIVM-GAM,1.1979591836734695,0.48299319727891155,0.17006802721088435,1.8510204081632653,0.7619047619047619,1
survstat,influenza,states,DE-RP-SL,00+,0,KIT-EnsembleNowcastComplete,23.199891591251887,-6.4421945701357455,0.005279034690799398,16.76297605580694,0.3181818181818182,0.6818181818181818
survstat,influenza,states,DE-RP-SL,00+,0,KIT-EnsembleNowcastRealtime,23.19876036953243,-6.442948717948717,0.005279034690799398,16.761090686274514,0.3181818181818182,0.6818181818181818
survstat,influenza,states,DE-RP-SL,00+,0,KIT-epinowcast,11.757525510204083,26.725170068027207,0,38.48269557823129,0.2857142857142857,0.5238095238095238
survstat,influenza,states,DE-RP-SL,00+,0,KIT-simple_nowcast,7.258597285067873,5.748868778280543,0.10407239819004525,13.111538461538462,0.5,0.9090909090909091
survstat,influenza,states,DE-RP-SL,00+,0,RIVM-GAM,3.2639455782312927,6.863945578231292,0.3401360544217687,10.468027210884355,0.5714285714285714,0.9047619047619048
survstat,influenza,states,DE-RP-SL,00+,1,KIT-EnsembleNowcastComplete,103.73672841251884,4.245663650075414,91.86825037707392,199.85064243966818,0.7272727272727273,1
survstat,influenza,states,DE-RP-SL,00+,1,KIT-EnsembleNowcastRealtime,103.77841204751131,4.245663650075414,91.86410256410257,199.8881782616893,0.7272727272727273,1
survstat,influenza,states,DE-RP-SL,00+,1,KIT-epinowcast,83.88563775510204,4.037414965986394,22.829931972789115,110.75298469387755,0.6666666666666666,1
survstat,influenza,states,DE-RP-SL,00+,1,KIT-simple_nowcast,97.60825791855204,4.574660633484163,97.83710407239819,200.0200226244344,0.4090909090909091,0.9090909090909091
survstat,influenza,states,DE-RP-SL,00+,1,RIVM-GAM,29.007857142857148,1.0357142857142858,148.55,178.59357142857144,0.45,0.7
survstat,influenza,states,DE-SH-HH,00+,-3,KIT-EnsembleNowcastComplete,0.8166289592760181,0.4287330316742081,1.4309954751131222,2.6763574660633482,0.6818181818181818,0.8181818181818182
survstat,influenza,states,DE-SH-HH,00+,-3,KIT-EnsembleNowcastRealtime,0.8166289592760181,0.4287330316742081,1.4309954751131222,2.6763574660633482,0.6818181818181818,0.8181818181818182
survstat,influenza,states,DE-SH-HH,00+,-3,KIT-simple_nowcast,0.5369909502262443,0.5542986425339367,1.5135746606334841,2.6048642533936652,0.6363636363636364,0.7727272727272727
survstat,influenza,states,DE-SH-HH,00+,-3,RIVM-GAM,0.6642857142857144,0.1836734693877551,1.0136054421768708,1.8615646258503402,0.7142857142857143,0.8571428571428571
survstat,influenza,states,DE-SH-HH,00+,-2,KIT-EnsembleNowcastComplete,1.7459653092006087,1.5822021116138767,2.957767722473599,6.285935143288085,0.22727272727272727,0.5
survstat,influenza,states,DE-SH-HH,00+,-2,KIT-EnsembleNowcastRealtime,1.7459653092006087,1.571644042232278,2.957767722473599,6.275377073906486,0.2727272727272727,0.5454545454545454
survstat,influenza,states,DE-SH-HH,00+,-2,KIT-epinowcast,0,0.47619047619047616,5.285714285714286,5.761904761904762,0.14285714285714285,0.14285714285714285
survstat,influenza,states,DE-SH-HH,00+,-2,KIT-simple_nowcast,1.2023755656108597,1.6809954751131222,3.228506787330317,6.111877828054299,0.45454545454545453,0.7727272727272727
survstat,influenza,states,DE-SH-HH,00+,-2,RIVM-GAM,1.6789115646258506,0.8639455782312925,1.5918367346938775,4.134693877551021,0.47619047619047616,0.8571428571428571
survstat,influenza,states,DE-SH-HH,00+,-1,KIT-EnsembleNowcastComplete,3.4840007541478166,0.2443438914027175,6.309577677224727,10.03792232277526,0.36363636363636365,0.7272727272727273
survstat,influenza,states,DE-SH-HH,00+,-1,KIT-EnsembleNowcastRealtime,3.483812217194574,0.2443438914027175,6.309577677224727,10.037733785822018,0.36363636363636365,0.7272727272727273
survstat,influenza,states,DE-SH-HH,00+,-1,KIT-epinowcast,1.6155442176870751,0.564625850340136,2.704081632653061,4.884251700680272,0.42857142857142855,0.8095238095238095
survstat,influenza,states,DE-SH-HH,00+,-1,KIT-simple_nowcast,2.271153846153846,0.7805429864253394,6.884615384615385,9.93631221719457,0.4090909090909091,0.7272727272727273
survstat,influenza,states,DE-SH-HH,00+,-1,RIVM-GAM,2.706462585034014,1.4421768707482994,2.557823129251701,6.706462585034014,0.47619047619047616,0.9047619047619048
survstat,influenza,states,DE-SH-HH,00+,0,KIT-EnsembleNowcastComplete,30.746901395173463,-15.763574660633497,2.1078431372549016,17.09116987179487,0.5909090909090909,0.8181818181818182
survstat,influenza,states,DE-SH-HH,00+,0,KIT-EnsembleNowcastRealtime,30.745675904977386,-15.763574660633497,2.1161387631975863,17.098240007541477,0.5909090909090909,0.8181818181818182
survstat,influenza,states,DE-SH-HH,00+,0,KIT-epinowcast,9.554362244897959,16.64897959183673,0.0816326530612245,26.284974489795918,0.47619047619047616,0.7619047619047619
survstat,influenza,states,DE-SH-HH,00+,0,KIT-simple_nowcast,6.922850678733032,0.8122171945701357,7.142533936651584,14.87760180995475,0.5454545454545454,0.8181818181818182
survstat,influenza,states,DE-SH-HH,00+,0,RIVM-GAM,4.931292517006804,13.489795918367347,2.7210884353741496,21.1421768707483,0.2857142857142857,0.9047619047619048
survstat,influenza,states,DE-SH-HH,00+,1,KIT-EnsembleNowcastComplete,101.87578195701359,5.498642533936652,68.08461538461539,175.45903987556562,0.5,0.9545454545454546
survstat,influenza,states,DE-SH-HH,00+,1,KIT-EnsembleNowcastRealtime,101.87828949849171,5.498642533936652,68.08084464555053,175.4577766779789,0.5,0.9545454545454546
survstat,influenza,states,DE-SH-HH,00+,1,KIT-epinowcast,66.99076530612246,6.775510204081633,25.60918367346939,99.37545918367347,0.47619047619047616,0.9523809523809523
survstat,influenza,states,DE-SH-HH,00+,1,KIT-simple_nowcast,100.21595022624435,6.083710407239819,67.68778280542986,173.98744343891403,0.45454545454545453,0.8636363636363636
survstat,influenza,states,DE-SH-HH,00+,1,RIVM-GAM,31.819642857142867,6.571428571428571,219.29285714285714,257.68392857142857,0.3,0.45
survstat,influenza,states,DE-SN,00+,-3,KIT-EnsembleNowcastComplete,1.6021493212669684,1.0214932126696832,0.20475113122171945,2.828393665158371,0.6363636363636364,0.8636363636363636
survstat,influenza,states,DE-SN,00+,-3,KIT-EnsembleNowcastRealtime,1.6021493212669684,1.0214932126696832,0.20475113122171945,2.828393665158371,0.6363636363636364,0.8636363636363636
survstat,influenza,states,DE-SN,00+,-3,KIT-simple_nowcast,1.1118778280542987,1.5429864253393666,0.2895927601809955,2.944457013574661,0.7727272727272727,0.8636363636363636
survstat,influenza,states,DE-SN,00+,-3,RIVM-GAM,0.3340136054421769,0.10204081632653061,0.4557823129251701,0.8918367346938776,0.7142857142857143,0.8571428571428571
survstat,influenza,states,DE-SN,00+,-2,KIT-EnsembleNowcastComplete,7.208672699849192,2.8092006033182395,0.12292609351431931,10.14079939668175,0.13636363636363635,0.36363636363636365
survstat,influenza,states,DE-SN,00+,-2,KIT-EnsembleNowcastRealtime,7.209125188536975,2.7986425339366408,0.12292609351431931,10.130693815987934,0.18181818181818182,0.4090909090909091
survstat,influenza,states,DE-SN,00+,-2,KIT-epinowcast,0,0.9523809523809523,2.9047619047619047,3.857142857142857,0,0
survstat,influenza,states,DE-SN,00+,-2,KIT-simple_nowcast,2.5009049773755656,8.18552036199095,0.27375565610859726,10.960180995475113,0.45454545454545453,0.7272727272727273
survstat,influenza,states,DE-SN,00+,-2,RIVM-GAM,1.2251700680272113,0.11564625850340136,1.0816326530612246,2.422448979591837,0.6190476190476191,0.8095238095238095
survstat,influenza,states,DE-SN,00+,-1,KIT-EnsembleNowcastComplete,10.560441176470592,9.097285067873303,0.12594268476621448,19.783668929110107,0.22727272727272727,0.6363636363636364
survstat,influenza,states,DE-SN,00+,-1,KIT-EnsembleNowcastRealtime,10.560969079939671,9.092006033182503,0.12594268476621448,19.77891779788839,0.2727272727272727,0.6818181818181818
survstat,influenza,states,DE-SN,00+,-1,KIT-epinowcast,1.899285714285715,1.2108843537414966,0.14965986394557823,3.2598299319727895,0.38095238095238093,0.6666666666666666
survstat,influenza,states,DE-SN,00+,-1,KIT-simple_nowcast,4.965950226244344,16.29864253393665,0.23755656108597284,21.50214932126697,0.45454545454545453,0.6363636363636364
survstat,influenza,states,DE-SN,00+,-1,RIVM-GAM,2.0367346938775515,0.25170068027210885,0.8707482993197277,3.1591836734693883,0.7142857142857143,0.9047619047619048
survstat,influenza,states,DE-SN,00+,0,KIT-EnsembleNowcastComplete,31.173329562594258,7.846191553544511,0.28355957767722473,39.30308069381599,0.18181818181818182,0.6363636363636364
survstat,influenza,states,DE-SN,00+,0,KIT-EnsembleNowcastRealtime,31.17259426847661,7.846191553544511,0.2850678733031674,39.303853695324285,0.18181818181818182,0.6363636363636364
survstat,influenza,states,DE-SN,00+,0,KIT-epinowcast,21.073367346938777,35.863945578231295,0,56.93731292517007,0.14285714285714285,0.38095238095238093
survstat,influenza,states,DE-SN,00+,0,KIT-simple_nowcast,15.970022624434389,18.782805429864254,0.4434389140271493,35.196266968325794,0.22727272727272727,0.8636363636363636
survstat,influenza,states,DE-SN,00+,0,RIVM-GAM,5.105442176870749,10.755102040816327,0.46258503401360546,16.32312925170068,0.6190476190476191,0.9047619047619048
survstat,influenza,states,DE-SN,00+,1,KIT-EnsembleNowcastComplete,267.6834813348416,1.6674208144796383,503.63024132730015,772.9811434766215,0.5909090909090909,1
survstat,influenza,states,DE-SN,00+,1,KIT-EnsembleNowcastRealtime,267.72880467571645,1.6674208144796383,503.63024132730015,773.0264668174963,0.5909090909090909,1
survstat,influenza,states,DE-SN,00+,1,KIT-epinowcast,231.17316326530613,11.806122448979592,78.04829931972789,321.0275850340136,0.5714285714285714,1
survstat,influenza,states,DE-SN,00+,1,KIT-simple_nowcast,163.15656108597284,2.3009049773755654,635.4909502262443,800.9484162895927,0.22727272727272727,0.8181818181818182
survstat,influenza,states,DE-SN,00+,1,RIVM-GAM,57.46035714285716,3.857142857142858,471.67857142857144,532.9960714285714,0.45,0.5
survstat,influenza,states,DE-ST,00+,-3,KIT-EnsembleNowcastComplete,0.8559954751131222,1.1730769230769231,0,2.029072398190045,0.6363636363636364,0.9090909090909091
survstat,influenza,states,DE-ST,00+,-3,KIT-EnsembleNowcastRealtime,0.8559954751131222,1.1730769230769231,0,2.029072398190045,0.6363636363636364,0.9090909090909091
survstat,influenza,states,DE-ST,00+,-3,KIT-simple_nowcast,0.6599547511312217,1.4298642533936652,0,2.089819004524887,0.6363636363636364,0.9090909090909091
survstat,influenza,states,DE-ST,00+,-3,RIVM-GAM,0.372108843537415,0.12244897959183673,0,0.49455782312925173,0.9047619047619048,0.9523809523809523
survstat,influenza,states,DE-ST,00+,-2,KIT-EnsembleNowcastComplete,3.300414781297125,4.157616892911019,0,7.4580316742081445,0.045454545454545456,0.045454545454545456
survstat,influenza,states,DE-ST,00+,-2,KIT-EnsembleNowcastRealtime,3.3004524886877737,4.14705882352942,0,7.447511312217194,0.09090909090909091,0.09090909090909091
survstat,influenza,states,DE-ST,00+,-2,KIT-epinowcast,0,1.7142857142857142,0,1.7142857142857142,0,0
survstat,influenza,states,DE-ST,00+,-2,KIT-simple_nowcast,1.5290723981900454,6.371040723981901,0,7.900113122171946,0.5909090909090909,0.6818181818181818
survstat,influenza,states,DE-ST,00+,-2,RIVM-GAM,0.6585034013605443,0.47619047619047616,0.006802721088435374,1.1414965986394559,0.8095238095238095,0.9047619047619048
survstat,influenza,states,DE-ST,00+,-1,KIT-EnsembleNowcastComplete,4.269198717948728,8.859690799396665,-0.054298642533929964,13.074590874811463,0.09090909090909091,0.18181818181818182
survstat,influenza,states,DE-ST,00+,-1,KIT-EnsembleNowcastRealtime,4.268670814479648,8.854411764705866,-0.054298642533929964,13.068783936651585,0.13636363636363635,0.22727272727272727
survstat,influenza,states,DE-ST,00+,-1,KIT-epinowcast,2.3684183673469392,3.1765306122448966,0.06802721088435373,5.612976190476189,0.14285714285714285,0.23809523809523808
survstat,influenza,states,DE-ST,00+,-1,KIT-simple_nowcast,3.0449095022624433,10.19683257918552,0.19683257918552036,13.438574660633485,0.5909090909090909,0.6363636363636364
survstat,influenza,states,DE-ST,00+,-1,RIVM-GAM,0.9724489795918368,1.346938775510204,1.163265306122449,3.48265306122449,0.7142857142857143,0.8095238095238095
survstat,influenza,states,DE-ST,00+,0,KIT-EnsembleNowcastComplete,38.297165346907995,-9.263612368024138,7.541478129713397e-4,29.03430712669683,0.22727272727272727,0.5454545454545454
survstat,influenza,states,DE-ST,00+,0,KIT-EnsembleNowcastRealtime,38.29556278280543,-9.263612368024138,0.004524886877828055,29.036475301659124,0.18181818181818182,0.5454545454545454
survstat,influenza,states,DE-ST,00+,0,KIT-epinowcast,18.36796768707483,34.38809523809524,0,52.75606292517007,0.23809523809523808,0.5238095238095238
survstat,influenza,states,DE-ST,00+,0,KIT-simple_nowcast,9.521719457013575,12.53393665158371,0.0022624434389140274,22.0579185520362,0.4090909090909091,0.8181818181818182
survstat,influenza,states,DE-ST,00+,0,RIVM-GAM,3.337074829931973,28.462585034013607,0.10884353741496598,31.908503401360544,0.6190476190476191,0.8571428571428571
survstat,influenza,states,DE-ST,00+,1,KIT-EnsembleNowcastComplete,149.2918495475113,6.4504147812971295,110.31206636500754,266.054330693816,0.7272727272727273,0.9545454545454546
survstat,influenza,states,DE-ST,00+,1,KIT-EnsembleNowcastRealtime,149.37359445701358,6.456825037707386,110.31206636500754,266.14248585972854,0.7272727272727273,0.9545454545454546
survstat,influenza,states,DE-ST,00+,1,KIT-epinowcast,138.9011904761905,17.360544217687075,24.5734693877551,180.83520408163267,0.5714285714285714,1
survstat,influenza,states,DE-ST,00+,1,KIT-simple_nowcast,128.81504524886878,7.848416289592761,128.4819004524887,265.1453619909502,0.3181818181818182,0.7727272727272727
survstat,influenza,states,DE-ST,00+,1,RIVM-GAM,32.612500000000004,1.414285714285714,216.32857142857142,250.35535714285714,0.5,0.65
survstat,influenza,states,DE-TH,00+,-3,KIT-EnsembleNowcastComplete,0.743552036199095,0.4242081447963801,0.35180995475113125,1.5195701357466063,0.6363636363636364,0.8636363636363636
survstat,influenza,states,DE-TH,00+,-3,KIT-EnsembleNowcastRealtime,0.743552036199095,0.4242081447963801,0.35180995475113125,1.5195701357466063,0.6363636363636364,0.8636363636363636
survstat,influenza,states,DE-TH,00+,-3,KIT-simple_nowcast,0.5195701357466064,0.5203619909502263,0.4434389140271493,1.483371040723982,0.7272727272727273,0.9090909090909091
survstat,influenza,states,DE-TH,00+,-3,RIVM-GAM,0.37619047619047624,0.013605442176870751,0.4557823129251701,0.8455782312925171,0.7619047619047619,0.9523809523809523
survstat,influenza,states,DE-TH,00+,-2,KIT-EnsembleNowcastComplete,2.3969079939668165,0.7443438914027185,-0.7239819004524931,2.417269984917042,0.13636363636363635,0.36363636363636365
survstat,influenza,states,DE-TH,00+,-2,KIT-EnsembleNowcastRealtime,2.3969268476621406,0.7337858220211197,-0.7239819004524931,2.4067307692307676,0.18181818181818182,0.4090909090909091
survstat,influenza,states,DE-TH,00+,-2,KIT-epinowcast,0,1.1428571428571428,2.8095238095238093,3.9523809523809526,0.09523809523809523,0.09523809523809523
survstat,influenza,states,DE-TH,00+,-2,KIT-simple_nowcast,1.1071266968325792,0.9751131221719457,0.17420814479638008,2.256447963800905,0.8181818181818182,0.9090909090909091
survstat,influenza,states,DE-TH,00+,-2,RIVM-GAM,0.7969387755102042,0.1292517006802721,0.6054421768707483,1.5316326530612245,0.7142857142857143,1
survstat,influenza,states,DE-TH,00+,-1,KIT-EnsembleNowcastComplete,3.1133220211161383,3.1553544494721,0.16025641025640805,6.428932880844647,0.09090909090909091,0.45454545454545453
survstat,influenza,states,DE-TH,00+,-1,KIT-EnsembleNowcastRealtime,3.112831825037707,3.1500754147813006,0.16025641025640805,6.4231636500754155,0.13636363636363635,0.5
survstat,influenza,states,DE-TH,00+,-1,KIT-epinowcast,2.52391156462585,2.7823129251700682,0.30952380952380953,5.615748299319728,0.09523809523809523,0.42857142857142855
survstat,influenza,states,DE-TH,00+,-1,KIT-simple_nowcast,2.1105203619909503,3.330316742081448,0.7375565610859729,6.178393665158371,0.5454545454545454,0.8181818181818182
survstat,influenza,states,DE-TH,00+,-1,RIVM-GAM,1.1925170068027213,0.3469387755102041,1.3537414965986394,2.8931972789115648,0.6666666666666666,1
survstat,influenza,states,DE-TH,00+,0,KIT-EnsembleNowcastComplete,19.684363687782803,-8.145550527903469,0.20814479638009203,11.746957956259427,0.3181818181818182,0.6818181818181818
survstat,influenza,states,DE-TH,00+,0,KIT-EnsembleNowcastRealtime,19.68321361236802,-8.14630467571644,0.20814479638009203,11.745053733031675,0.3181818181818182,0.6818181818181818
survstat,influenza,states,DE-TH,00+,0,KIT-epinowcast,12.8674574829932,21.739795918367346,0,34.607253401360545,0.23809523809523808,0.5238095238095238
survstat,influenza,states,DE-TH,00+,0,KIT-simple_nowcast,6.533823529411765,1.9411764705882353,0.7194570135746606,9.194457013574661,0.5909090909090909,0.9090909090909091
survstat,influenza,states,DE-TH,00+,0,RIVM-GAM,2.7333333333333334,1.6666666666666667,3.5306122448979593,7.93061224489796,0.7142857142857143,0.9047619047619048
survstat,influenza,states,DE-TH,00+,1,KIT-EnsembleNowcastComplete,96.1456391402715,7.485105580693818,63.53344645550528,167.16419117647058,0.5454545454545454,0.9090909090909091
survstat,influenza,states,DE-TH,00+,1,KIT-EnsembleNowcastRealtime,96.18813536953243,7.485105580693818,63.53156108597285,167.2048020361991,0.5454545454545454,0.9090909090909091
survstat,influenza,states,DE-TH,00+,1,KIT-epinowcast,75.97211734693879,7.751700680272108,28.604421768707482,112.32823979591838,0.6190476190476191,0.9523809523809523
survstat,influenza,states,DE-TH,00+,1,KIT-simple_nowcast,86.68585972850678,9.549773755656108,66.6606334841629,162.8962669683258,0.5,0.8181818181818182
survstat,influenza,states,DE-TH,00+,1,RIVM-GAM,45.37107142857144,1.1357142857142857,210.55714285714285,257.06392857142856,0.4,0.5
survstat,rsv,age,DE,00-04,-3,KIT-simple_nowcast,0.09660633484162896,0.23076923076923078,0.25565610859728505,0.5830316742081448,0.7727272727272727,0.7727272727272727
survstat,rsv,age,DE,00-04,-2,KIT-simple_nowcast,0.32884615384615384,0.3438914027149321,0.38687782805429866,1.0596153846153846,0.6363636363636364,0.8636363636363636
survstat,rsv,age,DE,00-04,-1,KIT-simple_nowcast,0.7561085972850679,0.2171945701357466,0.5384615384615384,1.511764705882353,0.6818181818181818,0.8636363636363636
survstat,rsv,age,DE,00-04,0,KIT-simple_nowcast,3.7673076923076922,0.038461538461538464,2.3031674208144794,6.1089366515837105,0.7272727272727273,1
survstat,rsv,age,DE,00-04,1,HZI-ODEmodel,91.47694805194806,1.7012987012987018,11.474025974025974,104.65227272727273,0.9090909090909091,1
survstat,rsv,age,DE,00-04,1,KIT-simple_nowcast,77.6118778280543,0.43438914027149333,233.83257918552036,311.87884615384615,0.2727272727272727,0.7727272727272727
survstat,rsv,age,DE,00-04,2,HZI-ODEmodel,86.63636363636364,2.279220779220779,40.97402597402598,129.8896103896104,0.5909090909090909,0.9545454545454546
survstat,rsv,age,DE,00-04,3,HZI-ODEmodel,85.10681818181818,3.5324675324675328,76.81168831168831,165.45097402597403,0.7727272727272727,0.8636363636363636
survstat,rsv,age,DE,00-04,4,HZI-ODEmodel,85.20032467532468,7.792207792207792,93.87662337662337,186.86915584415584,0.7272727272727273,0.8636363636363636
survstat,rsv,age,DE,05-14,-3,KIT-simple_nowcast,0.0066742081447963815,0.07918552036199095,0,0.08585972850678733,0.9545454545454546,0.9545454545454546
survstat,rsv,age,DE,05-14,-2,KIT-simple_nowcast,0.08065610859728507,0.08823529411764706,0.07013574660633484,0.23902714932126698,0.9090909090909091,0.9090909090909091
survstat,rsv,age,DE,05-14,-1,KIT-simple_nowcast,0.21911764705882353,0.2828054298642534,0.1334841628959276,0.6354072398190045,0.7727272727272727,0.8181818181818182
survstat,rsv,age,DE,05-14,0,KIT-simple_nowcast,0.8858597285067874,0.1832579185520362,0.332579185520362,1.4016968325791856,0.8181818181818182,0.9090909090909091
survstat,rsv,age,DE,05-14,1,HZI-ODEmodel,20.51948051948052,0.35064935064935066,2.3636363636363638,23.233766233766236,0.9545454545454546,1
survstat,rsv,age,DE,05-14,1,KIT-simple_nowcast,16.38427601809955,0.083710407239819,77.17873303167421,93.64671945701357,0.2727272727272727,0.9090909090909091
survstat,rsv,age,DE,05-14,2,HZI-ODEmodel,20.76331168831169,0.8571428571428571,9.40909090909091,31.029545454545456,0.7727272727272727,0.9545454545454546
survstat,rsv,age,DE,05-14,3,HZI-ODEmodel,21.037337662337663,1.974025974025974,18.974025974025974,41.98538961038961,0.7727272727272727,0.9090909090909091
survstat,rsv,age,DE,05-14,4,HZI-ODEmodel,21.924675324675327,4.824675324675325,20.876623376623375,47.625974025974024,0.7727272727272727,0.9090909090909091
survstat,rsv,age,DE,15-34,-3,KIT-simple_nowcast,0.004185520361990953,0.12669683257918551,0,0.13088235294117648,0.9545454545454546,0.9545454545454546
survstat,rsv,age,DE,15-34,-2,KIT-simple_nowcast,0.054524886877828055,0.08823529411764706,0.08597285067873303,0.22873303167420814,0.9090909090909091,0.9545454545454546
survstat,rsv,age,DE,15-34,-1,KIT-simple_nowcast,0.17364253393665158,0.08823529411764706,0.2420814479638009,0.5039592760180995,0.8636363636363636,0.9090909090909091
survstat,rsv,age,DE,15-34,0,KIT-simple_nowcast,0.7380090497737557,0.06787330316742081,0.21040723981900453,1.016289592760181,0.8181818181818182,0.9545454545454546
survstat,rsv,age,DE,15-34,1,HZI-ODEmodel,16.79383116883117,0.37012987012987014,4.7727272727272725,21.93668831168831,0.8636363636363636,0.9545454545454546
survstat,rsv,age,DE,15-34,1,KIT-simple_nowcast,14.11866515837104,0.013574660633484162,76.79864253393666,90.93088235294118,0.2727272727272727,0.6363636363636364
survstat,rsv,age,DE,15-34,2,HZI-ODEmodel,18.40616883116883,1.5194805194805194,2.8766233766233764,22.80227272727273,0.9090909090909091,1
survstat,rsv,age,DE,15-34,3,HZI-ODEmodel,19.414285714285715,3.2142857142857144,5.279220779220779,27.90779220779221,0.6363636363636364,1
survstat,rsv,age,DE,15-34,4,HZI-ODEmodel,20.0474025974026,6.6688311688311686,9.714285714285714,36.43051948051948,0.5,1
survstat,rsv,age,DE,35-59,-3,KIT-simple_nowcast,0.01165158371040724,0.1515837104072398,0.29411764705882354,0.4573529411764706,0.7727272727272727,0.8636363636363636
survstat,rsv,age,DE,35-59,-2,KIT-simple_nowcast,0.1322398190045249,0.31221719457013575,0.25565610859728505,0.7001131221719457,0.8181818181818182,0.9090909090909091
survstat,rsv,age,DE,35-59,-1,KIT-simple_nowcast,0.292420814479638,0.38461538461538464,0.25339366515837103,0.9304298642533937,0.6818181818181818,0.7727272727272727
survstat,rsv,age,DE,35-59,0,KIT-simple_nowcast,1.2476244343891403,0.15610859728506787,0.4343891402714932,1.8381221719457015,0.8181818181818182,0.9090909090909091
survstat,rsv,age,DE,35-59,1,HZI-ODEmodel,31.324675324675326,0.2792207792207792,4.266233766233766,35.87012987012987,0.9090909090909091,0.9545454545454546
survstat,rsv,age,DE,35-59,1,KIT-simple_nowcast,25.312217194570135,0.15610859728506785,131.1447963800905,156.6131221719457,0.18181818181818182,0.8636363636363636
survstat,rsv,age,DE,35-59,2,HZI-ODEmodel,33.52305194805195,2.7337662337662336,5.642857142857143,41.89967532467533,0.7727272727272727,0.9545454545454546
survstat,rsv,age,DE,35-59,3,HZI-ODEmodel,34.08538961038961,4.707792207792208,17.59090909090909,56.38409090909091,0.6818181818181818,0.9545454545454546
survstat,rsv,age,DE,35-59,4,HZI-ODEmodel,34.097727272727276,7.8441558441558445,36.785714285714285,78.7275974025974,0.6363636363636364,0.8636363636363636
survstat,rsv,age,DE,60-79,-3,KIT-simple_nowcast,0.01572398190045249,0.06334841628959276,0,0.07907239819004525,0.9545454545454546,0.9545454545454546
survstat,rsv,age,DE,60-79,-2,KIT-simple_nowcast,0.16685520361990952,0,0.1334841628959276,0.3003393665158371,0.9545454545454546,1
survstat,rsv,age,DE,60-79,-1,KIT-simple_nowcast,0.3220588235294118,0.08144796380090498,0.1515837104072398,0.5550904977375566,0.8636363636363636,0.8636363636363636
survstat,rsv,age,DE,60-79,0,KIT-simple_nowcast,1.4804298642533937,0.17873303167420815,0.38687782805429866,2.0460407239819003,0.7727272727272727,0.8636363636363636
survstat,rsv,age,DE,60-79,1,HZI-ODEmodel,38.49512987012987,0.8116883116883118,7.590909090909091,46.89772727272727,0.8181818181818182,0.9545454545454546
survstat,rsv,age,DE,60-79,1,KIT-simple_nowcast,35.91776018099547,0.2918552036199096,100.90045248868778,137.11006787330317,0.4090909090909091,0.9545454545454546
survstat,rsv,age,DE,60-79,2,HZI-ODEmodel,39.332142857142856,1.4155844155844157,7.090909090909091,47.83863636363637,0.8181818181818182,0.9545454545454546
survstat,rsv,age,DE,60-79,3,HZI-ODEmodel,39.01623376623377,2.0844155844155843,15.694805194805195,56.79545454545455,0.7272727272727273,0.9545454545454546
survstat,rsv,age,DE,60-79,4,HZI-ODEmodel,37.33863636363637,3.116883116883117,39.07142857142857,79.52694805194805,0.5454545454545454,0.8181818181818182
survstat,rsv,age,DE,80+,-3,KIT-simple_nowcast,0.010633484162895928,0.167420814479638,0.22850678733031674,0.4065610859728507,0.8181818181818182,0.8636363636363636
survstat,rsv,age,DE,80+,-2,KIT-simple_nowcast,0.1160633484162896,0.11990950226244344,0.15384615384615385,0.3898190045248869,0.8636363636363636,0.9090909090909091
survstat,rsv,age,DE,80+,-1,KIT-simple_nowcast,0.2831447963800905,0.12895927601809956,0.18778280542986425,0.5998868778280543,0.8636363636363636,0.9090909090909091
survstat,rsv,age,DE,80+,0,KIT-simple_nowcast,1.1409502262443438,0.46153846153846156,0.21945701357466063,1.821945701357466,0.6818181818181818,0.7272727272727273
survstat,rsv,age,DE,80+,1,HZI-ODEmodel,27.96396103896104,0.5714285714285714,4.941558441558442,33.47694805194805,0.9090909090909091,0.9545454545454546
survstat,rsv,age,DE,80+,1,KIT-simple_nowcast,29.759841628959276,0.7941176470588236,52.932126696832576,83.48608597285067,0.4090909090909091,0.9545454545454546
survstat,rsv,age,DE,80+,2,HZI-ODEmodel,25.232792207792208,2.038961038961039,6.883116883116883,34.15487012987013,0.7727272727272727,0.9545454545454546
survstat,rsv,age,DE,80+,3,HZI-ODEmodel,31.025649350649353,0.2792207792207793,37.75974025974026,69.0646103896104,0.6363636363636364,0.6818181818181818
survstat,rsv,age,DE,80+,4,HZI-ODEmodel,37.92922077922078,0.7012987012987013,95.81168831168831,134.4422077922078,0.4090909090909091,0.5909090909090909
survstat,rsv,national,DE,00+,-3,KIT-simple_nowcast,0.23574660633484162,0.6040723981900452,0.251131221719457,1.0909502262443438,0.7272727272727273,0.8636363636363636
survstat,rsv,national,DE,00+,-2,KIT-simple_nowcast,0.6505656108597285,0.40271493212669685,0.3009049773755656,1.354185520361991,0.5909090909090909,0.9090909090909091
survstat,rsv,national,DE,00+,-1,KIT-simple_nowcast,1.7057692307692307,0.16515837104072398,0.6063348416289592,2.477262443438914,0.7727272727272727,0.8636363636363636
survstat,rsv,national,DE,00+,0,KIT-simple_nowcast,9.008031674208144,0.12443438914027148,2.4343891402714934,11.56685520361991,0.7727272727272727,0.9545454545454546
survstat,rsv,national,DE,00+,1,HZI-ODEmodel,226.57402597402597,0.6363636363636365,21.558441558441558,248.76883116883118,0.9545454545454546,1
survstat,rsv,national,DE,00+,1,KIT-simple_nowcast,198.1881221719457,1.0203619909502266,658.316742081448,857.5252262443439,0.2727272727272727,0.8181818181818182
survstat,rsv,national,DE,00+,2,HZI-ODEmodel,223.89383116883118,4.62987012987013,49.103896103896105,277.6275974025974,0.8636363636363636,1
survstat,rsv,national,DE,00+,3,HZI-ODEmodel,216.93246753246754,9.844155844155845,134.14935064935065,360.92597402597403,0.8181818181818182,0.9545454545454546
survstat,rsv,national,DE,00+,4,HZI-ODEmodel,210.6159090909091,19.77922077922078,236.8116883116883,467.20681818181816,0.7727272727272727,0.8636363636363636
survstat,rsv,states,DE-BB-BE,00+,-3,KIT-simple_nowcast,0.005542986425339368,0.11990950226244344,0.1832579185520362,0.308710407239819,0.8181818181818182,0.8181818181818182
survstat,rsv,states,DE-BB-BE,00+,-2,KIT-simple_nowcast,0.0666289592760181,0.08823529411764706,0.1515837104072398,0.306447963800905,0.7727272727272727,0.9090909090909091
survstat,rsv,states,DE-BB-BE,00+,-1,KIT-simple_nowcast,0.19524886877828054,0,0.5339366515837104,0.7291855203619909,0.7272727272727273,0.9545454545454546
survstat,rsv,states,DE-BB-BE,00+,0,KIT-simple_nowcast,0.8006787330316743,0.083710407239819,0.21945701357466063,1.103846153846154,0.7727272727272727,0.9545454545454546
survstat,rsv,states,DE-BB-BE,00+,1,KIT-simple_nowcast,18.441402714932128,0.5791855203619909,34.07013574660633,53.09072398190045,0.09090909090909091,0.8181818181818182
survstat,rsv,states,DE-BW,00+,-3,KIT-simple_nowcast,0.00576923076923077,0,0,0.00576923076923077,1,1
survstat,rsv,states,DE-BW,00+,-2,KIT-simple_nowcast,0.05995475113122172,0.01583710407239819,0.11538461538461539,0.1911764705882353,0.8636363636363636,0.9090909090909091
survstat,rsv,states,DE-BW,00+,-1,KIT-simple_nowcast,0.17873303167420815,0.25565610859728505,0.024886877828054297,0.4592760180995475,0.8181818181818182,0.8181818181818182
survstat,rsv,states,DE-BW,00+,0,KIT-simple_nowcast,0.7471719457013575,0.746606334841629,0,1.4937782805429864,0.7727272727272727,0.7727272727272727
survstat,rsv,states,DE-BW,00+,1,KIT-simple_nowcast,16.469004524886877,0.07918552036199097,34.34389140271493,50.892081447963804,0.2727272727272727,0.9090909090909091
survstat,rsv,states,DE-BY,00+,-3,KIT-simple_nowcast,0.01821266968325792,0.08823529411764706,0,0.10644796380090497,0.9545454545454546,0.9545454545454546
survstat,rsv,states,DE-BY,00+,-2,KIT-simple_nowcast,0.17601809954751133,0.19230769230769232,0.04524886877828054,0.4135746606334842,0.8636363636363636,0.8636363636363636
survstat,rsv,states,DE-BY,00+,-1,KIT-simple_nowcast,0.33110859728506786,0.09954751131221719,0.2850678733031674,0.7157239819004525,0.8636363636363636,0.8636363636363636
survstat,rsv,states,DE-BY,00+,0,KIT-simple_nowcast,1.5167420814479637,0.248868778280543,1.6719457013574661,3.437556561085973,0.6818181818181818,0.9090909090909091
survstat,rsv,states,DE-BY,00+,1,KIT-simple_nowcast,37.09015837104072,4.169683257918552,75.01357466063348,116.27341628959276,0.3181818181818182,0.8181818181818182
survstat,rsv,states,DE-HE,00+,-3,KIT-simple_nowcast,0.00316742081447964,0,0.33031674208144796,0.3334841628959276,0.8636363636363636,0.9545454545454546
survstat,rsv,states,DE-HE,00+,-2,KIT-simple_nowcast,0.03404977375565611,0.08823529411764706,0.2828054298642534,0.40509049773755657,0.7272727272727273,0.9090909090909091
survstat,rsv,states,DE-HE,00+,-1,KIT-simple_nowcast,0.10056561085972851,0.17647058823529413,0.11312217194570136,0.390158371040724,0.7727272727272727,0.8636363636363636
survstat,rsv,states,DE-HE,00+,0,KIT-simple_nowcast,0.5271493212669683,0.17647058823529413,0.3009049773755656,1.004524886877828,0.8181818181818182,0.8636363636363636
survstat,rsv,states,DE-HE,00+,1,KIT-simple_nowcast,12.902941176470588,0.72171945701357465,9.70814479638009,23.332805429864255,0.5454545454545454,0.9545454545454546
survstat,rsv,states,DE-MV,00+,-3,KIT-simple_nowcast,7.918552036199102e-4,0.01583710407239819,0,0.0166289592760181,0.9545454545454546,0.9545454545454546
survstat,rsv,states,DE-MV,00+,-2,KIT-simple_nowcast,0.013009049773755657,0.01583710407239819,0,0.028846153846153848,0.9545454545454546,0.9545454545454546
survstat,rsv,states,DE-MV,00+,-1,KIT-simple_nowcast,0.051923076923076926,0,0,0.051923076923076926,1,1
survstat,rsv,states,DE-MV,00+,0,KIT-simple_nowcast,0.3567873303167421,0.08823529411764706,2.072398190045249,2.517420814479638,0.8181818181818182,0.8636363636363636
survstat,rsv,states,DE-MV,00+,1,KIT-simple_nowcast,3.95316742081448,0,84.32579185520362,88.2789592760181,0.2727272727272727,0.5454545454545454
survstat,rsv,states,DE-NI-HB,00+,-3,KIT-simple_nowcast,0.004298642533936654,0,0,0.004298642533936654,1,1
survstat,rsv,states,DE-NI-HB,00+,-2,KIT-simple_nowcast,0.050339366515837106,0.08823529411764706,0,0.13857466063348417,0.9545454545454546,0.9545454545454546
survstat,rsv,states,DE-NI-HB,00+,-1,KIT-simple_nowcast,0.16300904977375566,0.08823529411764706,0.07013574660633484,0.3213800904977376,0.9090909090909091,0.9090909090909091
survstat,rsv,states,DE-NI-HB,00+,0,KIT-simple_nowcast,0.6984162895927603,0.03619909502262444,0.7239819004524887,1.4585972850678732,0.8181818181818182,0.9090909090909091
survstat,rsv,states,DE-NI-HB,00+,1,KIT-simple_nowcast,9.941402714932126,0.018099547511312215,125.35067873303167,135.31018099547512,0.18181818181818182,0.3181818181818182
survstat,rsv,states,DE-NW,00+,-3,KIT-simple_nowcast,0.025904977375565613,0.01583710407239819,0.11764705882352941,0.1593891402714932,0.8636363636363636,0.9545454545454546
survstat,rsv,states,DE-NW,00+,-2,KIT-simple_nowcast,0.20282805429864253,0.01583710407239819,0.746606334841629,0.9652714932126697,0.7727272727272727,0.9090909090909091
survstat,rsv,states,DE-NW,00+,-1,KIT-simple_nowcast,0.3606334841628959,0,1.2149321266968325,1.5755656108597285,0.6363636363636364,0.9090909090909091
survstat,rsv,states,DE-NW,00+,0,KIT-simple_nowcast,1.6786199095022625,0.022624434389140267,1.9389140271493213,3.640158371040724,0.6818181818181818,0.8181818181818182
survstat,rsv,states,DE-NW,00+,1,KIT-simple_nowcast,34.01877828054299,0.26696832579185525,118.9841628959276,153.26990950226244,0.18181818181818182,0.8181818181818182
survstat,rsv,states,DE-RP-SL,00+,-3,KIT-simple_nowcast,0.0033936651583710434,0.01583710407239819,0,0.019230769230769232,0.9545454545454546,0.9545454545454546
survstat,rsv,states,DE-RP-SL,00+,-2,KIT-simple_nowcast,0.038461538461538464,0.01583710407239819,0.05656108597285068,0.11085972850678734,0.9090909090909091,0.9545454545454546
survstat,rsv,states,DE-RP-SL,00+,-1,KIT-simple_nowcast,0.12239819004524888,0.17647058823529413,0.23755656108597284,0.5364253393665158,0.7727272727272727,0.8181818181818182
survstat,rsv,states,DE-RP-SL,00+,0,KIT-simple_nowcast,0.5744343891402716,0.4457013574660633,0.1425339366515837,1.1626696832579186,0.7727272727272727,0.7727272727272727
survstat,rsv,states,DE-RP-SL,00+,1,KIT-simple_nowcast,13.592986425339367,1.0520361990950227,17.868778280542987,32.51380090497737,0.4090909090909091,0.8636363636363636
survstat,rsv,states,DE-SH-HH,00+,-3,KIT-simple_nowcast,0.003054298642533939,0.2239819004524887,0.3416289592760181,0.5686651583710407,0.6363636363636364,0.8181818181818182
survstat,rsv,states,DE-SH-HH,00+,-2,KIT-simple_nowcast,0.03382352941176471,0.35294117647058826,0.23529411764705882,0.6220588235294118,0.5,0.6818181818181818
survstat,rsv,states,DE-SH-HH,00+,-1,KIT-simple_nowcast,0.1082579185520362,0.36877828054298645,0.25565610859728505,0.7326923076923076,0.5,0.5909090909090909
survstat,rsv,states,DE-SH-HH,00+,0,KIT-simple_nowcast,0.5324660633484163,0.2081447963800905,0.26244343891402716,1.003054298642534,0.6363636363636364,0.8636363636363636
survstat,rsv,states,DE-SH-HH,00+,1,KIT-simple_nowcast,12.206787330316743,2.1900452488687785,18.576923076923077,32.9737556561086,0.2727272727272727,0.8636363636363636
survstat,rsv,states,DE-SN,00+,-3,KIT-simple_nowcast,0.01165158371040724,0.4276018099547511,0,0.43925339366515836,0.9545454545454546,0.9545454545454546
survstat,rsv,states,DE-SN,00+,-2,KIT-simple_nowcast,0.12138009049773756,0,0.058823529411764705,0.18020361990950226,0.9545454545454546,0.9545454545454546
survstat,rsv,states,DE-SN,00+,-1,KIT-simple_nowcast,0.27771493212669685,0.17647058823529413,0,0.45418552036199095,0.9090909090909091,0.9090909090909091
survstat,rsv,states,DE-SN,00+,0,KIT-simple_nowcast,1.1202488687782806,0.36877828054298645,0.0746606334841629,1.5636877828054299,0.9090909090909091,0.9090909090909091
survstat,rsv,states,DE-SN,00+,1,KIT-simple_nowcast,19.36447963800905,0.07692307692307693,139.76470588235293,159.20610859728507,0.18181818181818182,0.45454545454545453
survstat,rsv,states,DE-ST,00+,-3,KIT-simple_nowcast,0.00395927601809955,0,0,0.00395927601809955,1,1
survstat,rsv,states,DE-ST,00+,-2,KIT-simple_nowcast,0.05203619909502263,0.08823529411764706,0,0.14027149321266968,0.9545454545454546,0.9545454545454546
survstat,rsv,states,DE-ST,00+,-1,KIT-simple_nowcast,0.17183257918552036,0.08823529411764706,0.04072398190045249,0.3007918552036199,0.9090909090909091,0.9090909090909091
survstat,rsv,states,DE-ST,00+,0,KIT-simple_nowcast,0.7292986425339367,0.31447963800904977,0.9049773755656109,1.9487556561085972,0.8181818181818182,0.8636363636363636
survstat,rsv,states,DE-ST,00+,1,KIT-simple_nowcast,16.22002262443439,0.020361990950226214,54.945701357466064,71.18608597285068,0.2727272727272727,0.7727272727272727
survstat,rsv,states,DE-TH,00+,-3,KIT-simple_nowcast,4.5248868778280583e-4,0,0,4.5248868778280583e-4,1,1
survstat,rsv,states,DE-TH,00+,-2,KIT-simple_nowcast,0.00656108597285068,0,0.03167420814479638,0.03823529411764706,0.9545454545454546,0.9545454545454546
survstat,rsv,states,DE-TH,00+,-1,KIT-simple_nowcast,0.029298642533936655,0,0.05203619909502263,0.08133484162895928,0.9545454545454546,1
survstat,rsv,states,DE-TH,00+,0,KIT-simple_nowcast,0.26040723981900454,0.03167420814479638,0.029411764705882353,0.3214932126696833,0.9545454545454546,0.9545454545454546
survstat,rsv,states,DE-TH,00+,1,KIT-simple_nowcast,6.239932126696833,0.9592760180995475,22.524886877828052,29.724095022624436,0.45454545454545453,0.8181818181818182
